lat,lng,jumlah,parah,rata_severity,negara_bagian,share_parah
25.9,-80.2,53220,7831,2.163,FL,0.1471
34.0,-118.2,39835,7315,2.187,CA,0.1836
25.7,-80.4,33737,251,2.009,FL,0.0074
35.2,-80.8,33303,998,2.014,NC,0.03
35.8,-78.6,33264,3576,2.099,NC,0.1075
32.8,-96.8,32685,8414,2.257,TX,0.2574
40.8,-73.9,31722,9714,2.321,NY,0.3062
33.9,-118.3,31718,7955,2.255,CA,0.2508
34.0,-118.3,31390,8515,2.277,CA,0.2713
25.8,-80.3,28292,984,2.041,FL,0.0348
34.1,-118.2,27988,5655,2.21,CA,0.2021
30.4,-91.1,27027,2412,2.076,LA,0.0892
36.2,-86.8,26736,4619,2.163,TN,0.1728
25.8,-80.2,26576,6087,2.249,FL,0.229
30.3,-97.7,25265,3453,2.135,TX,0.1367
33.9,-118.2,25219,5619,2.227,CA,0.2228
33.9,-118.1,25065,7236,2.295,CA,0.2887
35.2,-80.9,24934,1833,2.06,NC,0.0735
34.0,-118.4,24830,8723,2.354,CA,0.3513
28.5,-81.4,24336,3013,2.13,FL,0.1238
29.7,-95.5,23938,3766,2.158,TX,0.1573
25.9,-80.3,22993,1097,2.054,FL,0.0477
35.8,-78.7,22832,3820,2.162,NC,0.1673
29.8,-95.4,22788,5950,2.265,TX,0.2611
25.7,-80.3,22782,322,2.018,FL,0.0141
29.7,-95.4,22009,3553,2.163,TX,0.1614
34.0,-118.1,21772,4602,2.214,CA,0.2114
34.1,-118.0,21345,7635,2.363,CA,0.3577
38.6,-121.4,20844,1392,2.06,CA,0.0668
30.4,-97.7,20455,1899,2.088,TX,0.0928
36.1,-86.7,19852,3787,2.183,TN,0.1908
26.0,-80.2,19186,5384,2.317,FL,0.2806
33.8,-84.4,19054,8926,2.493,GA,0.4685
40.7,-73.8,18615,4931,2.282,NY,0.2649
35.3,-80.8,18506,1878,2.088,NC,0.1015
32.9,-96.8,18493,4256,2.234,TX,0.2301
34.1,-118.3,17929,2245,2.129,CA,0.1252
47.6,-122.3,17445,4754,2.287,WA,0.2725
37.7,-122.1,17401,4033,2.225,CA,0.2318
33.8,-117.9,17142,2457,2.148,CA,0.1433
32.7,-117.1,16952,3159,2.19,CA,0.1863
25.6,-80.4,16727,203,2.015,FL,0.0121
34.2,-118.5,16622,3855,2.238,CA,0.2319
40.7,-74.0,16606,4653,2.299,NY,0.2802
38.6,-121.5,16252,3392,2.204,CA,0.2087
30.2,-97.8,15942,2081,2.129,TX,0.1305
34.2,-118.4,15761,2215,2.147,CA,0.1405
37.3,-121.9,15731,3417,2.21,CA,0.2172
28.6,-81.4,15452,2841,2.191,FL,0.1839
38.9,-77.0,15363,1999,2.16,DC,0.1301
29.7,-95.6,15188,323,2.018,TX,0.0213
37.6,-77.5,15122,2315,2.132,VA,0.1531
28.4,-81.4,14809,294,2.023,FL,0.0199
34.1,-117.3,14783,3284,2.228,CA,0.2221
34.1,-117.9,14618,4585,2.318,CA,0.3137
37.8,-122.3,14567,5607,2.383,CA,0.3849
30.4,-91.2,14487,2648,2.18,LA,0.1828
32.7,-96.8,14459,3703,2.259,TX,0.2561
26.1,-80.2,14192,4851,2.366,FL,0.3418
32.9,-96.7,14180,4942,2.352,TX,0.3485
33.5,-112.1,14070,3680,2.238,AZ,0.2615
29.7,-95.3,14068,3560,2.258,TX,0.2531
45.5,-122.7,13786,1868,2.142,OR,0.1355
34.1,-117.5,13734,2920,2.214,CA,0.2126
43.0,-83.7,13546,2497,2.188,MI,0.1843
34.1,-117.8,13545,3737,2.283,CA,0.2759
34.0,-118.0,13465,1285,2.101,CA,0.0954
45.0,-93.3,13367,4088,2.307,MN,0.3058
33.7,-84.4,13033,6997,2.582,GA,0.5369
34.0,-117.9,13017,217,2.018,CA,0.0167
33.7,-117.8,12996,3852,2.301,CA,0.2964
37.5,-77.4,12961,1734,2.102,VA,0.1338
30.0,-90.1,12929,1967,2.136,LA,0.1521
33.9,-118.0,12901,1487,2.118,CA,0.1153
35.1,-80.9,12734,1207,2.083,NC,0.0948
36.1,-86.8,12657,1930,2.143,TN,0.1525
28.4,-81.5,12460,939,2.078,FL,0.0754
30.5,-91.1,12440,128,1.99,LA,0.0103
34.2,-118.3,12358,2941,2.243,CA,0.238
32.9,-96.9,12301,4506,2.37,TX,0.3663
32.8,-117.2,12227,2669,2.225,CA,0.2183
40.7,-73.9,12184,4111,2.362,NY,0.3374
36.1,-95.9,12002,279,2.003,OK,0.0232
34.3,-118.5,11994,3351,2.291,CA,0.2794
33.8,-118.2,11941,4368,2.377,CA,0.3658
35.9,-78.6,11849,334,2.018,NC,0.0282
37.4,-121.9,11801,2483,2.196,CA,0.2104
34.0,-117.3,11780,3477,2.297,CA,0.2952
32.8,-117.1,11776,2998,2.26,CA,0.2546
40.1,-75.3,11716,1649,2.145,PA,0.1407
34.0,-117.8,11605,290,2.027,CA,0.025
25.8,-80.4,11597,215,2.023,FL,0.0185
28.5,-81.5,11434,585,2.052,FL,0.0512
29.8,-95.5,11401,2534,2.225,TX,0.2223
34.0,-81.1,11218,3725,2.343,SC,0.3321
27.8,-82.7,11127,1397,2.114,FL,0.1256
37.8,-122.4,10828,3320,2.301,CA,0.3066
34.1,-117.6,10811,2488,2.234,CA,0.2301
28.0,-82.5,10779,3436,2.315,FL,0.3188
34.1,-118.1,10745,3423,2.323,CA,0.3186
33.9,-118.4,10704,3394,2.324,CA,0.3171
35.5,-97.6,10663,1189,2.1,OK,0.1115
38.5,-121.4,10655,128,2.004,CA,0.012
34.8,-82.3,10638,2603,2.235,SC,0.2447
29.8,-95.3,10456,2982,2.293,TX,0.2852
40.7,-74.2,10361,1810,2.197,NJ,0.1747
44.9,-93.3,10358,2864,2.277,MN,0.2765
39.8,-84.2,10355,1147,2.098,OH,0.1108
29.9,-95.4,10317,2672,2.262,TX,0.259
33.9,-117.9,10295,285,2.031,CA,0.0277
40.0,-75.2,10294,2974,2.317,PA,0.2889
32.8,-96.9,10286,2606,2.258,TX,0.2534
43.2,-77.6,10284,610,2.055,NY,0.0593
30.2,-97.7,10275,1066,2.101,TX,0.1037
37.8,-122.2,10269,3576,2.341,CA,0.3482
34.1,-117.7,10264,2441,2.241,CA,0.2378
32.8,-96.7,10166,2435,2.237,TX,0.2395
42.4,-83.1,10132,4797,2.494,MI,0.4735
28.5,-81.3,10037,285,2.031,FL,0.0284
33.8,-118.1,10022,3822,2.387,CA,0.3814
34.9,-82.3,9988,1194,2.095,SC,0.1195
34.8,-82.4,9909,1057,2.086,SC,0.1067
33.7,-117.9,9845,1883,2.198,CA,0.1913
40.9,-73.9,9764,2471,2.27,NY,0.2531
45.0,-93.1,9740,2775,2.288,MN,0.2849
35.1,-80.8,9724,356,2.028,NC,0.0366
34.1,-80.9,9689,936,2.096,SC,0.0966
35.2,-80.7,9666,110,1.996,NC,0.0114
43.0,-85.7,9622,1004,2.11,MI,0.1043
40.7,-111.9,9553,1853,2.201,UT,0.194
35.3,-80.9,9528,492,2.038,NC,0.0516
34.0,-117.4,9430,868,2.094,CA,0.092
37.9,-122.3,9418,3434,2.363,CA,0.3646
35.0,-82.0,9414,1475,2.141,SC,0.1567
38.5,-121.5,9359,1096,2.111,CA,0.1171
35.5,-97.5,9298,1175,2.119,OK,0.1264
29.4,-98.5,9261,2717,2.295,TX,0.2934
38.9,-77.2,9220,3116,2.355,VA,0.338
40.8,-74.0,9167,1028,2.145,NY,0.1121
39.8,-105.0,9137,4474,2.511,CO,0.4897
41.8,-71.4,8991,4807,2.531,RI,0.5346
37.6,-122.1,8908,2717,2.294,CA,0.305
39.1,-94.6,8829,2583,2.325,MO,0.2926
45.0,-93.2,8817,2575,2.294,MN,0.292
35.7,-78.6,8787,808,2.084,NC,0.092
32.2,-110.9,8733,241,1.953,AZ,0.0276
40.9,-74.0,8653,2409,2.297,NJ,0.2784
33.9,-117.5,8650,830,2.1,CA,0.096
33.5,-112.2,8649,1497,2.134,AZ,0.1731
30.5,-91.2,8630,1253,2.139,LA,0.1452
27.9,-82.3,8568,952,2.105,FL,0.1111
32.7,-96.9,8473,1352,2.161,TX,0.1596
28.6,-81.3,8447,186,2.022,FL,0.022
38.7,-121.3,8422,1129,2.129,CA,0.1341
33.8,-118.3,8400,2043,2.247,CA,0.2432
28.6,-81.5,8399,131,2.009,FL,0.0156
33.6,-117.7,8376,2245,2.271,CA,0.268
40.1,-75.4,8356,720,2.094,PA,0.0862
27.3,-82.5,8244,135,2.015,FL,0.0164
33.4,-111.9,8218,445,2.049,AZ,0.0541
27.4,-82.5,8136,500,2.058,FL,0.0615
40.1,-75.1,8101,46,2.003,PA,0.0057
38.7,-121.4,8091,625,2.069,CA,0.0772
35.4,-97.5,8086,1134,2.131,OK,0.1402
35.3,-80.7,8072,458,2.043,NC,0.0567
40.6,-111.9,8063,1877,2.237,UT,0.2328
33.9,-117.6,8042,802,2.102,CA,0.0997
34.1,-118.5,8031,3081,2.387,CA,0.3836
39.0,-77.0,7978,1517,2.224,MD,0.1901
33.8,-84.5,7953,4584,2.625,GA,0.5764
39.9,-75.1,7921,2210,2.304,NJ,0.279
45.5,-122.6,7890,1328,2.162,OR,0.1683
40.7,-74.1,7873,1188,2.179,NJ,0.1509
35.4,-119.0,7810,120,2.015,CA,0.0154
38.0,-122.3,7805,2245,2.282,CA,0.2876
37.5,-77.5,7770,123,1.97,VA,0.0158
34.1,-117.4,7758,1170,2.154,CA,0.1508
34.0,-117.6,7753,921,2.123,CA,0.1188
34.0,-117.7,7689,214,2.032,CA,0.0278
34.9,-82.4,7614,85,1.984,SC,0.0112
33.9,-117.3,7595,1339,2.179,CA,0.1763
39.7,-105.0,7580,2428,2.331,CO,0.3203
37.6,-77.4,7559,1278,2.141,VA,0.1691
38.8,-77.2,7462,2506,2.353,VA,0.3358
32.3,-111.0,7462,267,1.961,AZ,0.0358
33.9,-117.7,7425,239,2.035,CA,0.0322
33.5,-112.0,7424,810,2.088,AZ,0.1091
47.7,-122.3,7399,1896,2.264,WA,0.2563
41.9,-87.7,7354,4367,2.607,IL,0.5938
42.3,-71.1,7350,1542,2.188,MA,0.2098
41.0,-73.7,7346,2701,2.371,NY,0.3677
30.3,-97.8,7343,77,2.007,TX,0.0105
40.9,-73.8,7237,1521,2.219,NY,0.2102
41.9,-88.0,7218,1001,2.124,IL,0.1387
40.8,-73.8,7119,1939,2.29,NY,0.2724
44.9,-93.4,7016,978,2.141,MN,0.1394
38.8,-77.1,6953,2652,2.404,VA,0.3814
33.5,-86.8,6937,2868,2.416,AL,0.4134
34.1,-81.0,6909,1736,2.257,SC,0.2513
41.8,-72.7,6902,2563,2.388,CT,0.3713
40.0,-76.7,6841,661,2.106,PA,0.0966
33.8,-117.8,6827,283,2.043,CA,0.0415
32.8,-96.6,6818,3152,2.474,TX,0.4623
37.7,-122.4,6795,1228,2.173,CA,0.1807
42.4,-83.2,6787,1902,2.297,MI,0.2802
26.7,-80.1,6725,2033,2.303,FL,0.3023
37.9,-122.1,6724,1668,2.239,CA,0.2481
29.8,-95.6,6711,1279,2.191,TX,0.1906
41.9,-87.9,6647,3129,2.48,IL,0.4707
41.8,-88.0,6645,1054,2.146,IL,0.1586
34.3,-118.4,6599,1868,2.293,CA,0.2831
32.2,-111.0,6593,431,2.008,AZ,0.0654
37.4,-122.1,6573,439,2.053,CA,0.0668
33.9,-84.3,6555,3618,2.593,GA,0.5519
30.3,-81.7,6547,2755,2.432,FL,0.4208
33.4,-112.0,6531,1568,2.226,AZ,0.2401
45.1,-93.3,6527,1401,2.216,MN,0.2146
39.0,-77.1,6505,1511,2.271,MD,0.2323
34.2,-118.2,6500,1382,2.219,CA,0.2126
38.6,-121.3,6500,80,2.005,CA,0.0123
36.8,-76.3,6492,2387,2.417,VA,0.3677
40.0,-83.0,6471,2991,2.49,OH,0.4622
30.4,-91.0,6466,541,2.065,LA,0.0837
26.2,-80.2,6464,1812,2.285,FL,0.2803
35.9,-78.7,6430,295,2.043,NC,0.0459
28.6,-81.2,6404,88,2.014,FL,0.0137
33.8,-118.0,6361,1022,2.167,CA,0.1607
33.1,-117.1,6360,1272,2.202,CA,0.2
37.7,-121.9,6330,2516,2.391,CA,0.3975
34.1,-117.2,6313,1149,2.19,CA,0.182
30.0,-90.0,6265,1474,2.232,LA,0.2353
38.9,-76.9,6264,883,2.191,MD,0.141
47.5,-122.3,6264,1857,2.307,WA,0.2965
38.9,-77.1,6260,1183,2.222,VA,0.189
41.2,-96.0,6218,1906,2.306,NE,0.3065
34.9,-82.2,6127,1179,2.182,SC,0.1924
33.9,-84.4,6109,2236,2.4,GA,0.366
29.9,-90.1,6026,183,2.002,LA,0.0304
32.7,-96.7,6012,1433,2.24,TX,0.2384
36.3,-86.7,6002,797,2.121,TN,0.1328
41.8,-87.6,6000,4063,2.722,IL,0.6772
43.1,-77.6,5971,788,2.131,NY,0.132
41.8,-87.9,5958,1918,2.325,IL,0.3219
26.5,-81.8,5950,471,2.072,FL,0.0792
32.9,-80.0,5945,2595,2.446,SC,0.4365
40.9,-74.1,5927,743,2.147,NJ,0.1254
44.9,-93.1,5911,1406,2.238,MN,0.2379
40.1,-75.2,5909,405,2.07,PA,0.0685
30.2,-92.0,5883,28,1.968,LA,0.0048
45.1,-93.2,5879,1700,2.292,MN,0.2892
39.0,-76.9,5865,1539,2.305,MD,0.2624
36.8,-76.2,5857,2236,2.395,VA,0.3818
40.7,-73.6,5855,362,2.072,NY,0.0618
33.0,-80.1,5824,1053,2.171,SC,0.1808
39.3,-76.6,5788,1849,2.346,MD,0.3195
27.9,-82.7,5766,556,2.08,FL,0.0964
39.1,-84.5,5715,2386,2.447,KY,0.4175
42.5,-83.1,5714,3307,2.593,MI,0.5788
37.3,-122.0,5712,1295,2.225,CA,0.2267
38.9,-77.3,5709,1951,2.351,VA,0.3417
38.0,-122.1,5701,1300,2.216,CA,0.228
42.4,-71.1,5680,1722,2.289,MA,0.3032
42.9,-85.7,5669,345,2.053,MI,0.0609
41.9,-87.6,5624,2617,2.474,IL,0.4653
33.6,-112.1,5622,1188,2.175,AZ,0.2113
41.2,-112.0,5618,773,2.146,UT,0.1376
40.6,-74.0,5577,1282,2.254,NY,0.2299
36.1,-96.0,5573,209,2.019,OK,0.0375
37.4,-122.0,5573,133,2.022,CA,0.0239
40.8,-74.2,5565,638,2.125,NJ,0.1146
36.8,-119.8,5554,79,2.004,CA,0.0142
35.0,-85.2,5519,1033,2.192,TN,0.1872
40.7,-73.7,5515,370,2.081,NY,0.0671
38.7,-77.2,5511,1748,2.33,VA,0.3172
41.9,-88.1,5505,391,2.05,IL,0.071
40.1,-76.3,5482,104,2.017,PA,0.019
39.3,-76.7,5460,2039,2.413,MD,0.3734
36.2,-86.7,5447,173,2.016,TN,0.0318
32.9,-117.2,5442,1475,2.274,CA,0.271
39.7,-84.2,5410,920,2.165,OH,0.1701
35.0,-85.3,5408,843,2.156,TN,0.1559
39.8,-86.1,5401,1635,2.313,IN,0.3027
33.9,-84.5,5368,3061,2.608,GA,0.5702
40.8,-74.1,5362,1151,2.246,NJ,0.2147
37.5,-121.9,5329,2027,2.371,CA,0.3804
37.6,-122.4,5297,1111,2.204,CA,0.2097
38.4,-122.7,5266,113,2.001,CA,0.0215
40.5,-74.3,5246,959,2.212,NJ,0.1828
26.3,-80.1,5238,2010,2.392,FL,0.3837
26.4,-80.1,5221,2272,2.438,FL,0.4352
29.5,-98.5,5220,1347,2.259,TX,0.258
33.7,-84.3,5189,2626,2.557,GA,0.5061
25.9,-80.4,5189,419,2.09,FL,0.0807
39.8,-86.2,5168,1364,2.27,IN,0.2639
40.4,-80.0,5156,1598,2.36,PA,0.3099
35.9,-78.8,5069,946,2.182,NC,0.1866
37.5,-122.2,5059,99,2.016,CA,0.0196
35.1,-81.0,5018,329,2.055,NC,0.0656
38.1,-122.2,5011,1814,2.362,CA,0.362
28.0,-82.4,5010,1174,2.227,FL,0.2343
38.0,-122.0,4989,119,2.002,CA,0.0239
27.5,-82.6,4986,131,2.029,FL,0.0263
40.8,-111.9,4973,1326,2.279,UT,0.2666
38.6,-77.3,4965,833,2.182,VA,0.1678
32.7,-97.3,4960,2323,2.483,TX,0.4683
35.6,-97.6,4952,79,2.006,OK,0.016
28.1,-82.7,4950,42,1.995,FL,0.0085
42.2,-88.0,4945,774,2.164,IL,0.1565
37.5,-122.3,4939,653,2.124,CA,0.1322
41.0,-73.8,4938,1083,2.232,NY,0.2193
34.2,-117.4,4908,1274,2.266,CA,0.2596
34.2,-118.1,4906,1340,2.276,CA,0.2731
32.5,-93.8,4904,594,2.126,LA,0.1211
40.2,-75.2,4889,118,2.032,PA,0.0241
43.0,-88.0,4884,1847,2.404,WI,0.3782
41.3,-96.0,4881,253,2.053,NE,0.0518
28.0,-82.7,4874,63,1.999,FL,0.0129
34.9,-82.0,4869,266,2.033,SC,0.0546
28.3,-81.6,4867,730,2.155,FL,0.15
26.5,-81.9,4854,61,2.006,FL,0.0126
33.7,-118.0,4850,1673,2.355,CA,0.3449
25.9,-80.1,4844,11,2.004,FL,0.0023
40.0,-75.3,4839,325,2.068,PA,0.0672
32.7,-117.2,4831,784,2.17,CA,0.1623
41.1,-73.8,4831,783,2.168,NY,0.1621
34.8,-82.5,4809,474,2.075,SC,0.0986
40.7,-112.0,4802,480,2.103,UT,0.1
30.3,-81.5,4791,1360,2.297,FL,0.2839
42.9,-85.6,4790,89,2.004,MI,0.0186
33.9,-84.2,4785,2691,2.589,GA,0.5624
40.6,-74.2,4782,1356,2.308,NY,0.2836
33.5,-82.0,4733,342,2.043,GA,0.0723
34.1,-81.2,4731,1116,2.246,SC,0.2359
37.6,-121.0,4725,79,2.016,CA,0.0167
30.2,-81.6,4714,1914,2.417,FL,0.406
29.6,-95.2,4712,832,2.192,TX,0.1766
40.2,-75.3,4709,186,2.042,PA,0.0395
38.0,-121.3,4691,443,2.088,CA,0.0944
39.4,-77.4,4682,930,2.246,MD,0.1986
33.2,-87.5,4680,366,2.081,AL,0.0782
33.7,-84.2,4675,2781,2.652,GA,0.5949
37.7,-121.7,4664,1559,2.324,CA,0.3343
29.9,-95.5,4663,231,2.052,TX,0.0495
28.1,-82.5,4661,533,2.106,FL,0.1144
40.8,-73.7,4657,1089,2.246,NY,0.2338
30.5,-87.2,4630,648,2.14,FL,0.14
33.8,-79.0,4618,113,2.015,SC,0.0245
45.0,-93.0,4617,1004,2.22,MN,0.2175
35.4,-97.6,4611,707,2.141,OK,0.1533
39.5,-119.8,4601,1636,2.368,NV,0.3556
37.2,-93.3,4600,135,2.031,MO,0.0293
37.0,-122.0,4597,65,2.01,CA,0.0141
42.9,-78.8,4595,1557,2.345,NY,0.3388
40.0,-76.3,4577,47,1.997,PA,0.0103
39.2,-76.7,4543,1218,2.332,MD,0.2681
40.0,-75.1,4540,1750,2.418,PA,0.3855
34.3,-117.5,4504,1115,2.258,CA,0.2476
33.8,-117.5,4500,1181,2.266,CA,0.2624
40.2,-75.1,4499,279,2.061,PA,0.062
25.5,-80.4,4481,80,2.026,FL,0.0179
37.3,-121.8,4474,392,2.071,CA,0.0876
33.5,-112.3,4460,875,2.181,AZ,0.1962
41.1,-74.0,4439,1581,2.369,NY,0.3562
41.2,-96.1,4429,999,2.229,NE,0.2256
36.0,-86.7,4427,416,2.076,TN,0.094
36.7,-119.8,4421,68,2.008,CA,0.0154
25.6,-80.3,4419,36,2.01,FL,0.0081
42.7,-73.8,4418,1743,2.409,NY,0.3945
37.6,-122.3,4412,159,2.034,CA,0.036
28.0,-82.3,4392,1241,2.278,FL,0.2826
39.1,-94.5,4391,1545,2.385,MO,0.3519
42.4,-87.9,4382,968,2.235,IL,0.2209
42.0,-87.8,4374,1681,2.396,IL,0.3843
37.9,-122.5,4372,319,2.064,CA,0.073
45.6,-122.7,4365,988,2.23,WA,0.2263
47.6,-122.2,4357,2268,2.543,WA,0.5205
37.6,-77.6,4354,259,2.034,VA,0.0595
26.6,-80.1,4354,1791,2.405,FL,0.4113
35.1,-89.9,4289,1272,2.29,TN,0.2966
31.8,-106.4,4286,671,2.111,TX,0.1566
28.2,-82.7,4284,44,1.993,FL,0.0103
33.9,-117.8,4283,147,2.039,CA,0.0343
37.7,-122.2,4282,1597,2.357,CA,0.373
39.6,-104.9,4274,2168,2.523,CO,0.5073
40.6,-74.3,4266,367,2.113,NJ,0.086
35.0,-81.9,4266,677,2.142,SC,0.1587
47.2,-122.4,4264,1967,2.482,WA,0.4613
28.3,-81.5,4248,245,2.057,FL,0.0577
39.0,-77.4,4248,210,2.074,VA,0.0494
39.7,-75.6,4233,437,2.132,DE,0.1032
39.9,-75.0,4228,864,2.228,NJ,0.2044
32.8,-97.1,4227,1074,2.266,TX,0.2541
37.6,-121.9,4225,1349,2.308,CA,0.3193
38.8,-77.0,4196,688,2.2,MD,0.164
33.9,-117.4,4190,67,2.016,CA,0.016
34.4,-118.6,4187,1236,2.295,CA,0.2952
30.2,-81.7,4184,1073,2.274,FL,0.2565
30.5,-87.3,4178,349,2.087,FL,0.0835
34.2,-118.6,4177,124,2.033,CA,0.0297
38.9,-77.4,4167,730,2.185,VA,0.1752
33.6,-84.4,4162,2209,2.592,GA,0.5308
40.7,-74.3,4151,563,2.157,NJ,0.1356
28.3,-81.4,4142,78,2.024,FL,0.0188
27.9,-82.8,4127,38,1.989,FL,0.0092
38.8,-76.9,4101,661,2.187,MD,0.1612
42.7,-73.7,4099,1690,2.437,NY,0.4123
34.9,-82.1,4099,757,2.168,SC,0.1847
29.5,-98.4,4088,1465,2.363,TX,0.3584
43.2,-77.7,4077,452,2.116,NY,0.1109
38.8,-77.4,4075,1223,2.315,VA,0.3001
29.6,-95.4,4067,255,2.068,TX,0.0627
26.2,-80.1,4058,1167,2.291,FL,0.2876
39.8,-104.9,4057,1983,2.511,CO,0.4888
40.8,-73.6,4055,776,2.204,NY,0.1914
35.6,-97.5,4039,122,2.014,OK,0.0302
40.7,-73.5,4037,284,2.094,NY,0.0703
39.3,-76.5,4014,1359,2.408,MD,0.3386
41.2,-73.2,4008,981,2.269,CT,0.2448
39.7,-86.1,4004,1101,2.285,IN,0.275
39.6,-84.2,3997,643,2.158,OH,0.1609
35.8,-78.5,3995,464,2.111,NC,0.1161
34.0,-118.5,3987,843,2.225,CA,0.2114
42.3,-83.1,3984,1795,2.474,MI,0.4506
35.7,-78.8,3977,96,2.02,NC,0.0241
29.6,-95.5,3968,102,2.021,TX,0.0257
31.7,-106.3,3959,408,2.061,TX,0.1031
33.7,-112.1,3959,590,2.142,AZ,0.149
41.5,-81.7,3956,1478,2.377,OH,0.3736
42.4,-83.0,3954,2038,2.533,MI,0.5154
45.1,-93.4,3943,647,2.168,MN,0.1641
41.7,-87.6,3938,2749,2.726,IL,0.6981
34.2,-79.8,3929,351,2.084,SC,0.0893
32.8,-97.3,3915,1841,2.487,TX,0.4702
36.2,-86.6,3913,437,2.087,TN,0.1117
39.0,-94.7,3906,1424,2.377,KS,0.3646
38.0,-122.5,3904,161,2.027,CA,0.0412
34.5,-82.7,3888,22,1.978,SC,0.0057
43.0,-85.6,3888,492,2.125,MI,0.1265
32.8,-97.2,3888,1729,2.461,TX,0.4447
29.5,-98.6,3887,1006,2.253,TX,0.2588
35.1,-90.0,3884,1403,2.358,TN,0.3612
37.4,-77.4,3882,852,2.228,VA,0.2195
34.4,-117.4,3859,1016,2.269,CA,0.2633
38.7,-77.3,3858,1013,2.283,VA,0.2626
38.2,-85.7,3853,2254,2.598,KY,0.585
41.8,-88.1,3833,814,2.208,IL,0.2124
34.0,-81.2,3826,854,2.232,SC,0.2232
30.3,-97.6,3823,59,2.003,TX,0.0154
33.1,-117.3,3818,1182,2.314,CA,0.3096
40.5,-111.9,3815,860,2.224,UT,0.2254
38.2,-122.1,3814,1411,2.356,CA,0.37
35.1,-106.6,3804,1459,2.378,NM,0.3835
41.7,-72.7,3801,1222,2.338,CT,0.3215
39.2,-76.6,3795,1310,2.418,MD,0.3452
39.9,-75.2,3789,1414,2.429,PA,0.3732
44.9,-93.2,3785,600,2.16,MN,0.1585
29.9,-95.3,3780,754,2.203,TX,0.1995
37.5,-122.0,3777,1332,2.345,CA,0.3527
34.7,-86.6,3770,617,2.162,AL,0.1637
33.0,-117.1,3762,814,2.217,CA,0.2164
38.0,-121.9,3754,107,2.014,CA,0.0285
32.9,-117.1,3729,1018,2.275,CA,0.273
39.9,-105.0,3729,1897,2.518,CO,0.5087
30.3,-81.6,3724,1156,2.335,FL,0.3104
27.5,-82.5,3713,647,2.17,FL,0.1743
32.5,-93.7,3711,558,2.153,LA,0.1504
36.0,-86.6,3694,723,2.191,TN,0.1957
34.0,-117.5,3691,530,2.146,CA,0.1436
43.0,-87.9,3687,1562,2.446,WI,0.4237
33.4,-112.1,3675,627,2.137,AZ,0.1706
47.5,-122.2,3674,1840,2.511,WA,0.5008
30.4,-97.8,3671,43,2.009,TX,0.0117
32.7,-97.2,3670,1849,2.519,TX,0.5038
39.0,-77.2,3651,1241,2.373,MD,0.3399
36.9,-76.2,3631,987,2.28,VA,0.2718
42.0,-88.3,3631,170,2.052,IL,0.0468
30.3,-81.8,3616,1606,2.456,FL,0.4441
32.2,-110.8,3597,26,1.934,AZ,0.0072
42.3,-83.2,3595,1393,2.413,MI,0.3875
43.1,-83.7,3589,302,2.089,MI,0.0841
38.3,-77.5,3584,776,2.26,VA,0.2165
37.8,-122.0,3576,1223,2.332,CA,0.342
42.3,-87.9,3553,723,2.212,IL,0.2035
35.7,-78.7,3536,78,2.023,NC,0.0221
32.6,-96.8,3520,1784,2.515,TX,0.5068
30.4,-81.7,3502,1551,2.462,FL,0.4429
31.8,-106.3,3498,130,1.964,TX,0.0372
38.8,-77.5,3498,665,2.21,VA,0.1901
33.8,-84.3,3490,1589,2.495,GA,0.4553
37.0,-76.3,3489,1177,2.415,VA,0.3373
30.2,-92.1,3477,129,2.014,LA,0.0371
26.8,-80.1,3477,1285,2.375,FL,0.3696
37.9,-122.2,3473,88,2.014,CA,0.0253
45.4,-122.6,3470,473,2.151,OR,0.1363
42.2,-87.9,3460,988,2.295,IL,0.2855
38.6,-90.2,3449,1964,2.628,MO,0.5694
40.3,-75.3,3439,143,2.04,PA,0.0416
39.4,-76.7,3433,1125,2.37,MD,0.3277
33.0,-117.3,3425,1176,2.345,CA,0.3434
40.6,-74.1,3413,898,2.285,NY,0.2631
42.9,-83.7,3408,300,2.093,MI,0.088
47.2,-122.5,3405,1460,2.446,WA,0.4288
35.8,-78.8,3403,345,2.1,NC,0.1014
47.8,-122.3,3394,1664,2.503,WA,0.4903
45.0,-93.4,3383,529,2.157,MN,0.1564
26.1,-80.3,3381,971,2.295,FL,0.2872
38.5,-77.4,3365,715,2.231,VA,0.2125
28.2,-82.4,3361,520,2.15,FL,0.1547
36.2,-96.0,3360,105,2.01,OK,0.0312
35.3,-119.0,3357,45,2.015,CA,0.0134
47.3,-122.3,3350,1075,2.331,WA,0.3209
37.2,-122.0,3344,140,2.039,CA,0.0419
33.0,-80.2,3343,15,1.993,SC,0.0045
27.4,-82.6,3339,125,2.046,FL,0.0374
39.8,-86.0,3337,852,2.263,IN,0.2553
36.1,-86.9,3337,348,2.091,TN,0.1043
26.6,-81.7,3336,46,1.99,FL,0.0138
28.7,-81.4,3333,1328,2.414,FL,0.3984
37.7,-121.8,3322,1176,2.346,CA,0.354
39.1,-77.2,3307,1263,2.429,MD,0.3819
34.0,-81.0,3300,660,2.203,SC,0.2
33.0,-96.8,3299,132,2.028,TX,0.04
44.9,-93.0,3297,855,2.261,MN,0.2593
33.6,-79.0,3289,39,2.003,SC,0.0119
32.8,-97.0,3279,1039,2.332,TX,0.3169
42.5,-82.9,3266,1763,2.572,MI,0.5398
37.0,-76.4,3265,1053,2.359,VA,0.3225
40.2,-75.5,3253,86,2.037,PA,0.0264
43.0,-83.8,3251,349,2.106,MI,0.1074
33.6,-112.2,3249,116,1.996,AZ,0.0357
35.9,-78.5,3248,99,2.025,NC,0.0305
40.5,-74.4,3245,685,2.242,NJ,0.2111
33.0,-96.7,3239,361,2.119,TX,0.1115
41.3,-72.9,3234,1141,2.378,CT,0.3528
35.2,-81.0,3233,358,2.097,NC,0.1107
36.1,-86.6,3230,47,1.991,TN,0.0146
42.2,-88.1,3230,505,2.166,IL,0.1563
32.7,-96.6,3207,1041,2.329,TX,0.3246
40.8,-73.3,3189,565,2.204,NY,0.1772
33.5,-117.7,3187,887,2.283,CA,0.2783
26.0,-80.3,3185,363,2.124,FL,0.114
43.0,-83.6,3182,336,2.103,MI,0.1056
33.4,-82.0,3180,155,2.025,GA,0.0487
40.0,-75.6,3170,95,2.037,PA,0.03
37.9,-121.3,3167,754,2.238,CA,0.2381
32.6,-117.1,3159,776,2.253,CA,0.2456
26.5,-80.1,3155,1303,2.407,FL,0.413
34.4,-118.5,3151,121,2.042,CA,0.0384
39.7,-104.9,3150,666,2.198,CO,0.2114
39.2,-84.5,3142,1269,2.431,OH,0.4039
41.1,-73.4,3132,898,2.301,CT,0.2867
42.3,-88.0,3130,607,2.204,IL,0.1939
41.9,-88.2,3125,244,2.065,IL,0.0781
33.3,-117.2,3118,404,2.135,CA,0.1296
26.7,-81.9,3114,86,2.025,FL,0.0276
41.1,-73.9,3113,1402,2.465,NY,0.4504
33.5,-82.1,3110,324,2.09,GA,0.1042
26.3,-81.8,3102,274,2.086,FL,0.0883
32.3,-90.2,3093,1150,2.391,MS,0.3718
40.1,-83.0,3086,1238,2.423,OH,0.4012
30.0,-95.4,3086,1108,2.37,TX,0.359
32.3,-110.9,3082,17,1.898,AZ,0.0055
34.1,-118.4,3067,134,2.052,CA,0.0437
44.8,-93.3,3059,908,2.297,MN,0.2968
33.6,-84.5,3056,1602,2.598,GA,0.5242
30.5,-97.8,3054,44,2.007,TX,0.0144
33.2,-87.6,3052,274,2.093,AL,0.0898
39.9,-75.3,3047,743,2.264,PA,0.2438
32.4,-86.2,3043,489,2.154,AL,0.1607
36.2,-95.9,3038,133,2.023,OK,0.0438
37.7,-122.5,3033,912,2.296,CA,0.3007
38.7,-121.2,3032,25,1.997,CA,0.0082
33.8,-84.2,3027,1344,2.493,GA,0.444
36.8,-76.1,3022,727,2.245,VA,0.2406
33.2,-117.3,3017,261,2.091,CA,0.0865
41.3,-96.1,3017,447,2.15,NE,0.1482
37.1,-122.0,3013,127,2.044,CA,0.0422
36.9,-76.3,3012,736,2.264,VA,0.2444
30.4,-97.6,3000,22,1.999,TX,0.0073
33.2,-117.2,3000,79,2.033,CA,0.0263
35.4,-119.1,2993,25,2.005,CA,0.0084
37.7,-121.6,2983,1021,2.335,CA,0.3423
26.4,-81.8,2973,341,2.114,FL,0.1147
33.3,-111.9,2972,204,2.048,AZ,0.0686
40.8,-73.5,2972,656,2.248,NY,0.2207
41.4,-73.6,2965,976,2.343,NY,0.3292
42.0,-88.1,2959,292,2.086,IL,0.0987
32.7,-97.1,2943,876,2.303,TX,0.2977
28.3,-82.7,2936,37,1.999,FL,0.0126
33.5,-111.9,2930,184,2.055,AZ,0.0628
34.2,-117.3,2900,314,2.121,CA,0.1083
33.6,-117.2,2892,721,2.252,CA,0.2493
37.8,-121.3,2889,810,2.277,CA,0.2804
42.4,-83.4,2881,1513,2.55,MI,0.5252
41.3,-73.7,2870,960,2.342,NY,0.3345
41.7,-72.8,2860,762,2.302,CT,0.2664
40.4,-79.9,2846,1090,2.456,PA,0.383
32.3,-95.3,2845,0,1.997,TX,0.0
36.0,-95.9,2845,47,2.002,OK,0.0165
42.0,-87.9,2840,1510,2.548,IL,0.5317
30.5,-97.7,2838,1062,2.383,TX,0.3742
42.0,-88.2,2838,171,2.057,IL,0.0603
35.4,-80.8,2833,223,2.066,NC,0.0787
38.9,-121.1,2830,367,2.13,CA,0.1297
38.2,-85.8,2826,1615,2.585,KY,0.5715
32.4,-93.7,2826,33,2.007,LA,0.0117
28.5,-81.2,2820,166,2.068,FL,0.0589
26.6,-81.9,2812,79,2.028,FL,0.0281
35.4,-80.9,2806,464,2.169,NC,0.1654
40.0,-75.0,2799,995,2.393,PA,0.3555
33.2,-117.4,2796,880,2.318,CA,0.3147
33.6,-112.3,2796,149,2.035,AZ,0.0533
33.7,-79.0,2792,39,2.001,SC,0.014
39.7,-104.8,2787,969,2.362,CO,0.3477
39.4,-76.6,2774,935,2.389,MD,0.3371
38.9,-94.5,2765,845,2.338,MO,0.3056
38.6,-90.3,2763,1750,2.657,MO,0.6334
33.7,-84.5,2750,1137,2.461,GA,0.4135
35.3,-81.0,2744,499,2.171,NC,0.1819
41.1,-112.0,2741,689,2.254,UT,0.2514
40.8,-73.2,2740,587,2.244,NY,0.2142
38.8,-121.3,2737,345,2.123,CA,0.1261
40.9,-74.2,2734,510,2.21,NJ,0.1865
39.9,-82.9,2728,1170,2.473,OH,0.4289
39.9,-86.1,2715,817,2.303,IN,0.3009
38.3,-122.7,2706,44,1.987,CA,0.0163
41.5,-72.8,2704,345,2.153,CT,0.1276
30.2,-97.6,2702,54,2.002,TX,0.02
38.8,-104.8,2701,625,2.25,CO,0.2314
32.4,-93.8,2700,82,2.029,LA,0.0304
38.6,-90.4,2697,1560,2.596,MO,0.5784
42.9,-83.6,2696,349,2.127,MI,0.1295
45.5,-122.8,2688,154,2.065,OR,0.0573
44.8,-93.2,2663,548,2.207,MN,0.2058
37.7,-121.1,2648,38,2.005,CA,0.0144
33.4,-86.8,2638,1154,2.435,AL,0.4375
37.6,-122.0,2638,744,2.281,CA,0.282
35.1,-85.2,2638,93,2.04,TN,0.0353
30.2,-97.9,2634,40,2.011,TX,0.0152
34.7,-82.5,2615,419,2.148,SC,0.1602
38.6,-121.6,2606,926,2.345,CA,0.3553
39.4,-76.5,2603,829,2.372,MD,0.3185
43.1,-77.5,2603,370,2.15,NY,0.1421
41.9,-87.8,2593,1625,2.641,IL,0.6267
39.1,-94.7,2591,900,2.373,KS,0.3474
34.9,-82.5,2573,11,1.982,SC,0.0043
39.2,-94.5,2569,761,2.326,MO,0.2962
30.5,-81.6,2562,1002,2.404,FL,0.3911
34.8,-82.2,2562,9,1.97,SC,0.0035
41.9,-71.4,2561,1188,2.457,RI,0.4639
36.0,-86.8,2556,512,2.196,TN,0.2003
37.1,-121.6,2554,33,2.0,CA,0.0129
42.6,-71.3,2549,635,2.228,MA,0.2491
29.8,-95.2,2549,791,2.325,TX,0.3103
41.2,-73.1,2544,603,2.257,CT,0.237
30.4,-81.6,2534,1050,2.429,FL,0.4144
29.4,-98.4,2528,748,2.298,TX,0.2959
34.7,-82.3,2525,148,2.032,SC,0.0586
38.9,-94.8,2523,590,2.253,KS,0.2338
41.1,-73.5,2521,648,2.274,CT,0.257
42.8,-73.8,2519,755,2.308,NY,0.2997
38.9,-94.7,2518,628,2.267,KS,0.2494
28.8,-81.3,2515,595,2.264,FL,0.2366
29.6,-95.3,2512,63,2.022,TX,0.0251
41.6,-87.7,2510,1718,2.72,IL,0.6845
41.6,-87.6,2506,1673,2.701,IL,0.6676
42.5,-71.1,2505,1366,2.537,MA,0.5453
29.4,-98.6,2503,341,2.135,TX,0.1362
39.0,-94.4,2499,829,2.351,MO,0.3317
33.5,-117.2,2498,824,2.329,CA,0.3299
43.1,-76.2,2497,729,2.336,NY,0.292
34.0,-117.1,2493,720,2.293,CA,0.2888
38.3,-122.0,2492,904,2.362,CA,0.3628
37.8,-121.2,2488,40,2.011,CA,0.0161
33.8,-117.2,2487,485,2.201,CA,0.195
32.4,-86.3,2484,933,2.376,AL,0.3756
41.8,-87.7,2481,1401,2.592,IL,0.5647
39.8,-86.3,2476,527,2.222,IN,0.2128
33.6,-111.9,2476,154,2.062,AZ,0.0622
30.7,-88.1,2475,938,2.38,AL,0.379
39.0,-84.6,2475,882,2.361,KY,0.3564
26.7,-81.8,2473,504,2.205,FL,0.2038
43.6,-116.4,2468,21,2.011,ID,0.0085
37.5,-77.3,2466,459,2.185,VA,0.1861
36.8,-76.4,2463,852,2.392,VA,0.3459
33.4,-86.7,2458,253,2.1,AL,0.1029
30.5,-91.0,2446,100,2.024,LA,0.0409
39.1,-121.6,2440,23,2.013,CA,0.0094
42.5,-83.4,2436,1196,2.504,MI,0.491
42.0,-87.7,2436,1196,2.517,IL,0.491
37.5,-122.1,2433,85,2.039,CA,0.0349
42.9,-78.9,2433,961,2.401,NY,0.395
30.4,-87.3,2428,17,2.005,FL,0.007
28.0,-82.8,2406,26,1.994,FL,0.0108
43.1,-76.1,2404,810,2.391,NY,0.3369
37.5,-77.6,2402,60,2.012,VA,0.025
27.3,-82.4,2396,678,2.288,FL,0.283
47.4,-122.3,2396,1231,2.528,WA,0.5138
39.2,-94.6,2390,642,2.299,MO,0.2686
39.0,-94.5,2384,630,2.288,MO,0.2643
33.0,-96.9,2384,948,2.407,TX,0.3977
34.2,-119.1,2379,34,2.013,CA,0.0143
40.7,-73.4,2378,221,2.139,NY,0.0929
38.0,-84.5,2366,109,2.037,KY,0.0461
40.6,-73.9,2364,135,2.072,NY,0.0571
34.1,-81.1,2355,343,2.144,SC,0.1456
36.8,-119.7,2346,30,2.009,CA,0.0128
34.2,-118.9,2341,37,2.016,CA,0.0158
38.7,-90.4,2337,1367,2.609,MO,0.5849
34.3,-118.6,2336,98,2.049,CA,0.042
37.0,-121.9,2334,18,2.0,CA,0.0077
31.8,-106.5,2325,333,2.111,TX,0.1432
41.7,-88.0,2322,879,2.379,IL,0.3786
40.9,-111.9,2321,456,2.197,UT,0.1965
35.0,-81.0,2312,504,2.221,SC,0.218
40.2,-76.9,2303,552,2.264,PA,0.2397
38.9,-104.8,2299,525,2.23,CO,0.2284
36.8,-121.7,2286,41,2.009,CA,0.0179
45.4,-122.7,2278,348,2.166,OR,0.1528
38.3,-85.8,2272,1149,2.545,KY,0.5057
34.6,-82.7,2271,270,2.102,SC,0.1189
40.1,-76.4,2267,73,2.046,PA,0.0322
41.0,-73.9,2259,357,2.176,NY,0.158
28.2,-82.5,2255,42,2.0,FL,0.0186
40.1,-75.0,2252,566,2.306,PA,0.2513
35.1,-85.3,2242,26,2.007,TN,0.0116
39.3,-84.4,2240,1055,2.489,OH,0.471
32.7,-97.0,2235,1170,2.536,TX,0.5235
45.5,-122.5,2230,273,2.061,OR,0.1224
26.6,-81.8,2228,320,2.139,FL,0.1436
40.3,-76.8,2227,861,2.435,PA,0.3866
38.5,-90.4,2226,1232,2.578,MO,0.5535
45.6,-122.6,2223,377,2.171,OR,0.1696
40.5,-80.0,2223,535,2.282,PA,0.2407
39.8,-105.1,2220,883,2.423,CO,0.3977
35.6,-82.6,2218,632,2.32,NC,0.2849
40.8,-73.1,2214,456,2.229,NY,0.206
33.4,-117.2,2214,222,2.105,CA,0.1003
37.9,-122.0,2206,766,2.345,CA,0.3472
33.4,-82.1,2185,78,1.997,GA,0.0357
44.1,-121.3,2184,48,2.037,OR,0.022
37.8,-122.5,2182,79,2.034,CA,0.0362
38.2,-122.6,2179,81,2.012,CA,0.0372
33.5,-117.1,2179,538,2.251,CA,0.2469
41.0,-111.9,2167,480,2.223,UT,0.2215
42.1,-88.3,2165,551,2.257,IL,0.2545
33.7,-112.0,2164,102,2.042,AZ,0.0471
32.1,-111.0,2162,90,1.966,AZ,0.0416
35.5,-97.7,2157,266,2.115,OK,0.1233
33.6,-112.0,2157,63,1.988,AZ,0.0292
36.3,-119.3,2148,966,2.889,CA,0.4497
36.1,-80.2,2147,532,2.293,NC,0.2478
41.6,-93.6,2146,744,2.365,IA,0.3467
30.1,-97.8,2138,511,2.24,TX,0.239
37.7,-121.5,2131,662,2.308,CA,0.3107
39.9,-86.3,2128,853,2.43,IN,0.4008
33.4,-117.6,2127,864,2.408,CA,0.4062
38.7,-90.3,2121,1368,2.695,MO,0.645
39.7,-86.2,2121,510,2.259,IN,0.2405
37.3,-77.4,2117,376,2.179,VA,0.1776
41.6,-72.7,2117,542,2.29,CT,0.256
28.0,-82.2,2116,724,2.331,FL,0.3422
30.4,-84.3,2115,17,1.983,FL,0.008
30.7,-88.0,2115,940,2.459,AL,0.4444
25.5,-80.5,2108,26,2.019,FL,0.0123
41.2,-95.9,2108,355,2.179,NE,0.1684
39.2,-76.8,2107,667,2.391,MD,0.3166
33.4,-111.8,2105,109,2.05,AZ,0.0518
28.2,-80.7,2104,276,2.119,FL,0.1312
39.8,-104.8,2102,709,2.362,CO,0.3373
47.7,-117.4,2096,314,2.145,WA,0.1498
41.8,-72.6,2095,657,2.334,CT,0.3136
40.6,-75.5,2093,296,2.163,PA,0.1414
39.1,-76.9,2090,660,2.378,MD,0.3158
40.0,-83.1,2085,1038,2.549,OH,0.4978
39.0,-77.5,2081,96,2.075,VA,0.0461
40.8,-73.4,2078,412,2.244,NY,0.1983
39.9,-86.0,2076,677,2.332,IN,0.3261
35.1,-80.7,2074,143,2.067,NC,0.0689
39.2,-84.4,2068,747,2.37,OH,0.3612
37.4,-77.5,2065,102,2.051,VA,0.0494
39.7,-105.1,2060,277,2.146,CO,0.1345
33.3,-111.8,2055,76,2.025,AZ,0.037
38.5,-122.8,2049,23,1.989,CA,0.0112
29.6,-98.6,2048,460,2.239,TX,0.2246
42.0,-88.0,2047,740,2.344,IL,0.3615
33.8,-117.3,2046,105,2.051,CA,0.0513
42.4,-88.0,2042,364,2.189,IL,0.1783
37.3,-120.5,2040,25,2.012,CA,0.0123
35.2,-89.9,2033,808,2.388,TN,0.3974
39.8,-75.4,2033,704,2.397,PA,0.3463
39.8,-75.1,2032,149,2.109,NJ,0.0733
33.9,-98.5,2031,2,2.0,TX,0.001
33.9,-117.2,2030,44,2.027,CA,0.0217
37.4,-121.8,2028,478,2.211,CA,0.2357
43.1,-83.8,2028,482,2.241,MI,0.2377
45.2,-93.6,2025,499,2.253,MN,0.2464
28.5,-81.6,2021,128,2.082,FL,0.0633
38.4,-121.4,2020,44,2.008,CA,0.0218
34.7,-92.3,2017,106,2.076,AR,0.0526
39.9,-83.0,2013,935,2.516,OH,0.4645
27.1,-82.4,2010,177,2.11,FL,0.0881
34.1,-118.7,2000,87,2.058,CA,0.0435
34.5,-117.3,1994,444,2.229,CA,0.2227
30.1,-95.4,1992,1203,2.617,TX,0.6039
40.4,-111.9,1992,692,2.364,UT,0.3474
42.5,-83.3,1991,742,2.386,MI,0.3727
38.0,-121.8,1990,57,2.01,CA,0.0286
33.9,-81.2,1989,17,1.996,SC,0.0085
40.1,-75.5,1984,176,2.1,PA,0.0887
33.9,-81.1,1983,354,2.179,SC,0.1785
42.9,-73.8,1982,358,2.193,NY,0.1806
28.1,-82.4,1978,632,2.318,FL,0.3195
38.5,-121.8,1973,616,2.307,CA,0.3122
39.8,-75.5,1973,342,2.252,DE,0.1733
33.3,-112.0,1969,518,2.254,AZ,0.2631
38.7,-121.5,1961,214,2.096,CA,0.1091
38.8,-77.3,1959,62,2.05,VA,0.0316
30.2,-81.5,1958,817,2.426,FL,0.4173
37.1,-76.5,1957,456,2.241,VA,0.233
40.3,-111.7,1954,469,2.238,UT,0.24
37.2,-121.7,1953,50,2.022,CA,0.0256
37.7,-122.0,1950,452,2.218,CA,0.2318
41.1,-73.3,1949,706,2.379,CT,0.3622
27.9,-82.6,1949,692,2.349,FL,0.3551
36.7,-121.7,1948,20,2.003,CA,0.0103
34.0,-80.9,1945,262,2.133,SC,0.1347
34.5,-82.6,1945,9,1.985,SC,0.0046
37.7,-77.5,1942,459,2.224,VA,0.2364
34.7,-82.4,1938,41,1.999,SC,0.0212
40.0,-82.9,1938,820,2.439,OH,0.4231
43.1,-77.7,1933,318,2.17,NY,0.1645
37.4,-122.2,1929,537,2.266,CA,0.2784
45.1,-93.5,1929,625,2.329,MN,0.324
33.0,-117.2,1919,271,2.142,CA,0.1412
29.2,-82.2,1918,397,2.219,FL,0.207
41.0,-73.6,1913,563,2.304,CT,0.2943
35.1,-81.7,1910,423,2.238,SC,0.2215
37.7,-77.6,1910,195,2.097,VA,0.1021
38.0,-121.2,1908,37,2.011,CA,0.0194
40.7,-73.3,1907,168,2.121,NY,0.0881
37.3,-122.1,1904,314,2.156,CA,0.1649
29.9,-95.6,1903,150,2.088,TX,0.0788
42.2,-71.0,1894,654,2.331,MA,0.3453
37.2,-77.4,1891,605,2.363,VA,0.3199
40.7,-111.8,1891,367,2.21,UT,0.1941
47.8,-122.2,1884,831,2.465,WA,0.4411
39.1,-76.8,1883,285,2.225,MD,0.1514
35.0,-80.8,1882,19,1.996,NC,0.0101
37.4,-77.6,1882,28,1.98,VA,0.0149
34.5,-118.6,1879,496,2.271,CA,0.264
40.2,-75.6,1876,67,2.05,PA,0.0357
39.7,-86.3,1874,501,2.284,IN,0.2673
37.8,-121.4,1872,454,2.233,CA,0.2425
45.3,-93.0,1870,444,2.239,MN,0.2374
39.8,-84.3,1867,11,1.979,OH,0.0059
34.0,-84.1,1864,753,2.437,GA,0.404
28.5,-82.5,1863,22,1.989,FL,0.0118
27.9,-82.4,1861,32,1.996,FL,0.0172
27.9,-82.5,1857,628,2.346,FL,0.3382
42.3,-71.0,1856,914,2.478,MA,0.4925
41.1,-81.5,1855,581,2.323,OH,0.3132
38.8,-77.6,1854,520,2.307,VA,0.2805
42.2,-71.1,1852,545,2.273,MA,0.2943
35.5,-82.6,1851,484,2.297,NC,0.2615
39.9,-86.2,1850,410,2.219,IN,0.2216
33.7,-117.1,1846,26,2.018,CA,0.0141
28.0,-82.1,1845,534,2.274,FL,0.2894
36.6,-121.9,1845,30,2.018,CA,0.0163
40.4,-80.1,1844,684,2.408,PA,0.3709
47.6,-122.4,1843,92,2.063,WA,0.0499
38.8,-121.2,1842,524,2.276,CA,0.2845
41.7,-87.8,1841,828,2.465,IL,0.4498
43.1,-87.9,1833,671,2.385,WI,0.3661
42.7,-71.2,1833,1052,2.575,MA,0.5739
37.7,-121.0,1831,36,2.021,CA,0.0197
40.4,-111.8,1827,589,2.325,UT,0.3224
30.5,-84.3,1823,198,2.088,FL,0.1086
44.1,-123.1,1822,141,2.093,OR,0.0774
32.7,-97.4,1821,905,2.511,TX,0.497
30.3,-92.0,1820,345,2.18,LA,0.1896
39.9,-75.4,1813,495,2.309,PA,0.273
33.7,-78.9,1812,37,2.014,SC,0.0204
35.4,-118.9,1812,14,2.008,CA,0.0077
43.2,-77.5,1809,86,2.052,NY,0.0475
29.6,-98.5,1806,76,2.037,TX,0.0421
42.4,-88.1,1805,277,2.166,IL,0.1535
36.9,-121.8,1804,24,2.008,CA,0.0133
38.8,-90.5,1799,635,2.36,MO,0.353
34.4,-118.4,1793,58,2.036,CA,0.0323
35.2,-90.0,1791,590,2.333,TN,0.3294
42.4,-71.0,1779,135,2.06,MA,0.0759
38.2,-122.3,1779,25,2.003,CA,0.0141
32.8,-80.0,1775,674,2.39,SC,0.3797
41.8,-88.2,1774,429,2.247,IL,0.2418
38.3,-85.6,1769,1032,2.608,KY,0.5834
39.1,-76.6,1768,618,2.42,MD,0.3495
33.7,-117.4,1762,295,2.177,CA,0.1674
38.9,-76.8,1761,486,2.319,MD,0.276
42.3,-71.2,1759,401,2.192,MA,0.228
48.0,-122.2,1755,808,2.472,WA,0.4604
34.0,-84.6,1751,863,2.536,GA,0.4929
38.3,-122.3,1750,33,2.014,CA,0.0189
35.4,-82.5,1745,402,2.253,NC,0.2304
36.2,-86.9,1744,142,2.063,TN,0.0814
41.3,-73.0,1743,436,2.294,CT,0.2501
38.4,-121.9,1742,572,2.327,CA,0.3284
40.3,-76.9,1736,613,2.422,PA,0.3531
39.4,-76.4,1736,438,2.306,MD,0.2523
44.8,-93.4,1735,51,2.026,MN,0.0294
35.1,-85.1,1733,336,2.196,TN,0.1939
39.5,-76.3,1730,426,2.295,MD,0.2462
32.6,-96.9,1722,295,2.174,TX,0.1713
45.4,-122.8,1721,248,2.147,OR,0.1441
30.0,-95.3,1718,440,2.269,TX,0.2561
40.0,-76.8,1717,32,2.016,PA,0.0186
33.0,-97.0,1714,742,2.448,TX,0.4329
27.4,-82.4,1714,360,2.214,FL,0.21
34.5,-118.3,1712,79,2.063,CA,0.0461
28.4,-80.7,1708,31,2.016,FL,0.0181
33.5,-80.8,1707,180,2.105,SC,0.1054
41.6,-87.5,1703,725,2.446,IN,0.4257
32.3,-86.2,1703,20,2.011,AL,0.0117
44.9,-123.0,1702,194,2.105,OR,0.114
47.2,-122.3,1702,226,2.145,WA,0.1328
36.9,-76.4,1700,353,2.297,VA,0.2076
39.9,-76.7,1699,205,2.148,PA,0.1207
38.1,-121.3,1696,21,2.003,CA,0.0124
27.7,-82.7,1695,422,2.242,FL,0.249
40.3,-75.6,1694,36,2.016,PA,0.0213
41.4,-81.6,1692,824,2.487,OH,0.487
28.0,-82.6,1690,46,2.012,FL,0.0272
41.3,-73.9,1687,116,2.111,NY,0.0688
47.7,-122.4,1686,67,2.048,WA,0.0397
32.9,-80.1,1683,465,2.271,SC,0.2763
30.4,-97.9,1682,11,2.003,TX,0.0065
34.6,-82.6,1680,168,2.083,SC,0.1
45.0,-93.5,1679,365,2.223,MN,0.2174
30.1,-81.5,1676,579,2.353,FL,0.3455
40.0,-75.7,1672,86,2.073,PA,0.0514
38.3,-121.3,1669,68,2.044,CA,0.0407
34.5,-118.1,1667,57,2.039,CA,0.0342
33.7,-117.3,1667,295,2.179,CA,0.177
32.3,-86.3,1666,192,2.113,AL,0.1152
39.8,-77.0,1664,53,2.037,PA,0.0319
35.8,-78.4,1663,111,2.07,NC,0.0667
27.8,-82.8,1660,12,1.995,FL,0.0072
38.5,-122.7,1658,33,2.006,CA,0.0199
28.4,-81.3,1655,65,2.05,FL,0.0393
41.7,-87.7,1653,928,2.611,IL,0.5614
27.8,-82.3,1651,38,2.007,FL,0.023
38.7,-120.8,1650,26,2.003,CA,0.0158
37.6,-120.9,1650,26,2.013,CA,0.0158
41.6,-93.8,1648,620,2.396,IA,0.3762
39.1,-77.5,1644,94,2.084,VA,0.0572
35.0,-81.8,1644,462,2.294,SC,0.281
47.9,-122.2,1643,635,2.394,WA,0.3865
34.4,-119.8,1642,19,2.013,CA,0.0116
36.9,-121.6,1640,39,2.023,CA,0.0238
42.3,-88.1,1626,325,2.216,IL,0.1999
38.2,-77.5,1625,287,2.227,VA,0.1766
34.4,-119.7,1624,18,2.01,CA,0.0111
38.6,-121.2,1624,46,2.03,CA,0.0283
33.6,-117.1,1623,17,2.012,CA,0.0105
36.7,-119.7,1623,10,1.998,CA,0.0062
42.5,-83.2,1617,687,2.453,MI,0.4249
38.9,-77.5,1613,92,2.1,VA,0.057
32.4,-111.0,1610,17,1.902,AZ,0.0106
33.1,-117.2,1610,37,2.024,CA,0.023
34.0,-84.5,1609,795,2.522,GA,0.4941
28.1,-80.7,1608,378,2.24,FL,0.2351
33.9,-117.1,1608,47,2.034,CA,0.0292
34.2,-119.2,1608,25,2.012,CA,0.0155
38.1,-122.5,1602,45,2.0,CA,0.0281
35.0,-82.3,1601,16,1.988,SC,0.01
35.8,-78.3,1601,42,2.03,NC,0.0262
41.1,-74.2,1597,662,2.432,NJ,0.4145
34.5,-118.2,1596,43,2.024,CA,0.0269
42.5,-71.0,1595,334,2.199,MA,0.2094
33.5,-84.2,1594,946,2.637,GA,0.5935
33.6,-84.3,1594,839,2.582,GA,0.5263
29.7,-95.2,1588,157,2.116,TX,0.0989
32.1,-110.9,1587,130,2.02,AZ,0.0819
35.7,-78.9,1587,45,2.032,NC,0.0284
32.9,-97.3,1585,673,2.443,TX,0.4246
35.6,-78.8,1585,18,2.007,NC,0.0114
38.9,-94.6,1583,566,2.361,KS,0.3575
36.0,-79.8,1580,549,2.375,NC,0.3475
33.8,-84.6,1578,738,2.516,GA,0.4677
41.6,-87.4,1572,700,2.48,IN,0.4453
43.0,-83.5,1570,175,2.116,MI,0.1115
36.9,-121.7,1568,31,2.019,CA,0.0198
38.2,-85.6,1568,913,2.603,KY,0.5823
40.9,-74.4,1565,529,2.36,NJ,0.338
37.0,-121.6,1564,29,2.003,CA,0.0185
42.2,-83.4,1561,860,2.585,MI,0.5509
29.1,-82.2,1561,84,2.063,FL,0.0538
28.4,-80.8,1560,313,2.221,FL,0.2006
41.4,-81.8,1555,687,2.432,OH,0.4418
26.1,-80.4,1554,693,2.475,FL,0.4459
29.9,-90.0,1554,65,2.012,LA,0.0418
35.6,-78.6,1553,449,2.312,NC,0.2891
38.3,-85.7,1552,838,2.579,IN,0.5399
38.4,-77.4,1552,315,2.235,VA,0.203
34.9,-120.4,1550,13,2.005,CA,0.0084
37.0,-120.1,1549,26,2.014,CA,0.0168
43.6,-116.3,1546,16,2.015,ID,0.0103
40.3,-75.4,1533,48,2.032,PA,0.0313
36.3,-86.8,1532,295,2.187,TN,0.1926
41.5,-74.0,1531,495,2.334,NY,0.3233
45.2,-93.4,1529,46,2.03,MN,0.0301
42.5,-71.2,1526,471,2.294,MA,0.3087
33.5,-112.4,1524,286,2.173,AZ,0.1877
41.7,-71.5,1520,822,2.536,RI,0.5408
42.5,-83.0,1518,703,2.475,MI,0.4631
40.2,-75.4,1508,16,2.014,PA,0.0106
34.4,-119.6,1506,18,2.013,CA,0.012
26.3,-80.2,1506,119,2.084,FL,0.079
36.0,-83.9,1506,665,2.459,TN,0.4416
38.2,-122.2,1504,400,2.257,CA,0.266
38.7,-76.9,1504,83,2.084,MD,0.0552
27.8,-82.4,1504,350,2.227,FL,0.2327
47.4,-122.2,1501,144,2.099,WA,0.0959
42.4,-82.9,1500,809,2.566,MI,0.5393
34.8,-86.7,1499,28,2.019,AL,0.0187
33.7,-112.2,1492,51,2.014,AZ,0.0342
41.5,-73.8,1491,327,2.225,NY,0.2193
40.1,-82.9,1490,480,2.345,OH,0.3221
41.6,-72.9,1489,521,2.381,CT,0.3499
34.3,-119.2,1487,24,2.014,CA,0.0161
34.7,-86.7,1487,395,2.268,AL,0.2656
34.9,-81.0,1487,350,2.239,SC,0.2354
37.9,-122.4,1487,592,2.384,CA,0.3981
34.7,-83.0,1486,13,1.98,SC,0.0087
41.5,-81.6,1483,184,2.094,OH,0.1241
29.6,-98.4,1481,176,2.117,TX,0.1188
34.2,-119.0,1480,30,2.022,CA,0.0203
42.4,-71.2,1480,212,2.114,MA,0.1432
41.6,-93.7,1478,612,2.424,IA,0.4141
45.0,-123.0,1478,189,2.14,OR,0.1279
42.6,-71.2,1476,764,2.507,MA,0.5176
40.0,-76.4,1472,39,2.038,PA,0.0265
34.2,-82.2,1469,8,1.997,SC,0.0054
34.3,-119.3,1468,19,2.013,CA,0.0129
35.9,-78.9,1467,412,2.287,NC,0.2808
34.6,-118.1,1467,46,2.036,CA,0.0314
44.7,-93.3,1467,423,2.292,MN,0.2883
35.4,-97.4,1467,273,2.177,OK,0.1861
35.1,-81.6,1465,345,2.259,SC,0.2355
40.6,-75.6,1465,423,2.348,PA,0.2887
40.8,-73.0,1465,244,2.198,NY,0.1666
41.3,-73.8,1462,66,2.059,NY,0.0451
37.8,-77.5,1459,252,2.192,VA,0.1727
41.1,-74.1,1458,408,2.308,NY,0.2798
33.8,-81.0,1455,610,2.444,SC,0.4192
32.9,-97.0,1454,345,2.253,TX,0.2373
40.6,-112.0,1451,72,2.056,UT,0.0496
29.3,-82.2,1449,187,2.142,FL,0.1291
34.0,-84.3,1449,183,2.148,GA,0.1263
32.9,-97.1,1446,151,2.115,TX,0.1044
38.7,-121.0,1445,14,2.007,CA,0.0097
39.1,-77.1,1445,206,2.221,MD,0.1426
36.1,-95.8,1443,12,1.988,OK,0.0083
35.0,-80.9,1442,12,1.999,SC,0.0083
30.0,-90.2,1440,924,2.683,LA,0.6417
34.2,-80.9,1439,12,1.994,SC,0.0083
38.7,-121.6,1433,375,2.258,CA,0.2617
35.0,-82.1,1431,91,2.055,SC,0.0636
40.0,-76.2,1431,76,2.084,PA,0.0531
30.4,-87.2,1427,103,2.071,FL,0.0722
33.0,-80.0,1425,6,1.986,SC,0.0042
33.1,-80.2,1424,314,2.218,SC,0.2205
30.3,-97.5,1422,17,2.008,TX,0.012
39.7,-84.1,1417,182,2.134,OH,0.1284
34.3,-119.1,1415,31,2.027,CA,0.0219
42.5,-83.5,1414,635,2.454,MI,0.4491
38.4,-122.0,1407,501,2.35,CA,0.3561
36.0,-84.0,1404,591,2.442,TN,0.4209
34.2,-80.7,1402,178,2.13,SC,0.127
40.2,-76.2,1401,46,2.032,PA,0.0328
39.6,-76.1,1399,476,2.425,MD,0.3402
36.8,-119.9,1399,15,2.012,CA,0.0107
41.3,-95.9,1399,201,2.154,IA,0.1437
34.7,-82.2,1395,220,2.157,SC,0.1577
34.2,-81.0,1395,206,2.151,SC,0.1477
39.3,-76.8,1394,312,2.282,MD,0.2238
33.9,-81.0,1394,383,2.284,SC,0.2747
39.7,-105.2,1394,435,2.364,CO,0.3121
42.4,-122.9,1391,106,2.081,OR,0.0762
42.4,-71.3,1391,427,2.29,MA,0.307
41.5,-73.0,1389,382,2.33,CT,0.275
45.3,-93.6,1388,14,2.001,MN,0.0101
27.8,-82.6,1385,28,2.004,FL,0.0202
26.7,-80.2,1382,84,2.046,FL,0.0608
38.5,-121.3,1382,12,2.008,CA,0.0087
45.6,-118.6,1379,95,2.108,OR,0.0689
38.1,-85.7,1377,713,2.542,KY,0.5178
40.1,-76.2,1376,68,2.065,PA,0.0494
38.8,-90.3,1376,796,2.618,MO,0.5785
38.6,-90.5,1371,616,2.478,MO,0.4493
39.4,-77.5,1371,294,2.287,MD,0.2144
39.5,-76.2,1369,238,2.231,MD,0.1738
41.7,-88.1,1367,715,2.541,IL,0.523
44.6,-123.1,1366,148,2.132,OR,0.1083
45.3,-122.8,1365,177,2.14,OR,0.1297
42.2,-87.8,1364,194,2.155,IL,0.1422
33.4,-112.2,1362,38,1.988,AZ,0.0279
30.4,-86.6,1361,20,2.021,FL,0.0147
29.8,-95.7,1361,652,2.488,TX,0.4791
32.9,-96.5,1359,890,2.676,TX,0.6549
39.1,-77.0,1352,153,2.192,MD,0.1132
40.1,-74.7,1352,344,2.3,NJ,0.2544
41.7,-72.6,1350,320,2.273,CT,0.237
47.7,-122.2,1348,761,2.568,WA,0.5645
38.5,-90.3,1348,838,2.636,MO,0.6217
38.3,-122.5,1347,19,2.001,CA,0.0141
30.1,-97.7,1343,32,2.022,TX,0.0238
42.3,-88.2,1342,219,2.168,IL,0.1632
43.0,-76.1,1339,354,2.317,NY,0.2644
32.9,-96.6,1339,753,2.586,TX,0.5624
34.2,-117.2,1337,61,2.071,CA,0.0456
39.7,-75.7,1337,224,2.244,DE,0.1675
39.0,-94.6,1336,219,2.174,MO,0.1639
35.1,-82.0,1336,6,1.98,SC,0.0045
30.6,-88.1,1336,563,2.418,AL,0.4214
38.3,-122.1,1335,457,2.343,CA,0.3423
33.1,-96.7,1333,136,2.113,TX,0.102
36.3,-82.4,1333,56,2.037,TN,0.042
42.8,-73.9,1332,557,2.448,NY,0.4182
38.2,-85.5,1332,814,2.643,KY,0.6111
26.5,-80.2,1332,100,2.079,FL,0.0751
27.6,-82.5,1331,292,2.23,FL,0.2194
37.2,-121.8,1326,34,2.022,CA,0.0256
33.4,-117.1,1324,264,2.214,CA,0.1994
28.8,-81.4,1323,358,2.295,FL,0.2706
33.5,-86.7,1321,498,2.409,AL,0.377
40.5,-78.4,1321,67,2.071,PA,0.0507
40.2,-74.6,1318,360,2.291,NJ,0.2731
28.7,-81.5,1317,25,2.011,FL,0.019
40.0,-75.8,1313,67,2.074,PA,0.051
28.5,-82.6,1311,17,2.001,FL,0.013
41.0,-74.1,1309,68,2.07,NJ,0.0519
34.2,-81.3,1308,311,2.255,SC,0.2378
33.5,-81.9,1307,29,2.015,SC,0.0222
27.7,-82.4,1307,238,2.173,FL,0.1821
37.2,-76.6,1307,594,2.506,VA,0.4545
43.0,-78.9,1304,477,2.395,NY,0.3658
44.9,-93.5,1303,164,2.128,MN,0.1259
28.4,-81.2,1300,51,2.045,FL,0.0392
30.5,-84.2,1300,105,2.067,FL,0.0808
37.9,-121.2,1298,34,2.022,CA,0.0262
33.1,-80.1,1297,4,1.985,SC,0.0031
33.9,-78.7,1297,8,1.992,SC,0.0062
38.4,-77.5,1294,313,2.29,VA,0.2419
34.7,-82.9,1293,13,1.981,SC,0.0101
43.1,-75.2,1293,146,2.13,NY,0.1129
41.3,-112.0,1291,208,2.171,UT,0.1611
37.8,-121.5,1291,204,2.154,CA,0.158
42.7,-84.5,1291,434,2.524,MI,0.3362
28.3,-81.3,1290,47,2.056,FL,0.0364
38.8,-90.4,1289,758,2.628,MO,0.5881
35.1,-106.7,1288,413,2.311,NM,0.3207
39.6,-77.8,1286,379,2.393,MD,0.2947
41.6,-87.3,1286,526,2.446,IN,0.409
38.4,-78.9,1284,371,2.38,VA,0.2889
37.5,-120.9,1284,13,1.995,CA,0.0101
45.3,-93.8,1284,191,2.148,MN,0.1488
40.5,-79.9,1282,184,2.216,PA,0.1435
33.5,-86.9,1280,517,2.42,AL,0.4039
37.9,-121.7,1280,36,2.029,CA,0.0281
39.5,-104.9,1277,654,2.522,CO,0.5121
35.6,-97.7,1274,18,1.998,OK,0.0141
34.9,-81.9,1272,5,1.977,SC,0.0039
35.0,-85.4,1271,360,2.308,TN,0.2832
28.9,-82.1,1271,350,2.302,FL,0.2754
38.1,-84.5,1271,163,2.149,KY,0.1282
29.2,-81.1,1270,479,2.395,FL,0.3772
32.9,-80.7,1268,356,2.291,SC,0.2808
41.3,-74.1,1268,430,2.349,NY,0.3391
26.0,-80.1,1268,34,2.03,FL,0.0268
29.2,-82.1,1266,12,2.011,FL,0.0095
33.9,-81.3,1265,185,2.145,SC,0.1462
30.6,-91.2,1264,8,1.988,LA,0.0063
39.6,-119.8,1264,32,2.021,NV,0.0253
36.7,-121.6,1262,23,2.017,CA,0.0182
40.7,-111.5,1262,81,2.074,UT,0.0642
41.4,-81.7,1261,454,2.351,OH,0.36
33.6,-86.7,1260,482,2.402,AL,0.3825
45.6,-122.5,1259,219,2.155,WA,0.1739
42.3,-71.3,1254,518,2.396,MA,0.4131
39.0,-84.5,1253,434,2.357,KY,0.3464
33.5,-80.9,1250,4,1.994,SC,0.0032
40.2,-76.8,1248,330,2.302,PA,0.2644
44.9,-92.9,1246,439,2.352,MN,0.3523
38.4,-122.8,1245,16,2.006,CA,0.0129
33.1,-97.0,1245,738,2.617,TX,0.5928
39.3,-77.3,1241,332,2.36,MD,0.2675
41.2,-96.2,1240,20,2.015,NE,0.0161
33.6,-117.6,1234,14,2.008,CA,0.0113
40.2,-74.8,1234,129,2.181,NJ,0.1045
43.2,-83.8,1233,311,2.26,MI,0.2522
37.1,-122.1,1233,18,2.019,CA,0.0146
35.1,-90.1,1232,444,2.409,AR,0.3604
42.1,-87.8,1229,608,2.526,IL,0.4947
39.1,-94.8,1225,368,2.327,KS,0.3004
40.3,-74.1,1223,83,2.087,NJ,0.0679
40.2,-74.7,1221,346,2.314,NJ,0.2834
33.7,-117.2,1220,331,2.273,CA,0.2713
39.0,-76.5,1220,163,2.191,MD,0.1336
32.8,-117.0,1218,410,2.341,CA,0.3366
42.6,-73.8,1218,445,2.401,NY,0.3654
26.6,-80.2,1218,58,2.053,FL,0.0476
27.4,-80.4,1218,354,2.323,FL,0.2906
36.3,-119.4,1214,20,2.007,CA,0.0165
41.7,-93.6,1214,464,2.4,IA,0.3822
37.9,-121.6,1213,50,2.051,CA,0.0412
38.9,-94.4,1212,273,2.24,MO,0.2252
39.9,-105.1,1210,155,2.155,CO,0.1281
36.1,-79.8,1210,103,2.101,NC,0.0851
41.2,-73.8,1207,54,2.056,NY,0.0447
35.0,-82.2,1204,9,1.979,SC,0.0075
40.8,-112.0,1203,273,2.239,UT,0.2269
43.1,-75.3,1201,45,2.07,NY,0.0375
40.4,-74.2,1200,118,2.145,NJ,0.0983
39.8,-84.1,1199,51,2.038,OH,0.0425
29.6,-82.4,1199,225,2.198,FL,0.1877
38.7,-121.1,1198,19,2.006,CA,0.0159
35.1,-120.6,1198,12,2.008,CA,0.01
40.1,-83.1,1194,419,2.373,OH,0.3509
34.7,-92.4,1192,83,2.096,AR,0.0696
38.7,-90.2,1191,740,2.688,MO,0.6213
40.3,-74.5,1189,381,2.347,NJ,0.3204
39.3,-77.4,1188,439,2.446,MD,0.3695
40.5,-80.1,1187,476,2.467,PA,0.401
34.4,-117.6,1185,25,2.034,CA,0.0211
34.8,-82.6,1184,5,1.97,SC,0.0042
30.6,-91.1,1184,9,1.993,LA,0.0076
33.6,-81.8,1183,145,2.116,SC,0.1226
35.3,-118.9,1181,16,2.021,CA,0.0135
42.6,-82.9,1179,569,2.519,MI,0.4826
34.1,-80.8,1178,387,2.338,SC,0.3285
41.8,-87.8,1178,594,2.548,IL,0.5042
33.5,-84.3,1176,686,2.646,GA,0.5833
32.1,-81.2,1175,410,2.391,GA,0.3489
38.2,-121.3,1174,19,2.009,CA,0.0162
39.6,-105.0,1173,134,2.117,CO,0.1142
28.9,-81.3,1172,433,2.389,FL,0.3695
33.2,-117.1,1171,184,2.159,CA,0.1571
40.4,-79.8,1169,377,2.397,PA,0.3225
30.6,-88.2,1169,341,2.293,AL,0.2917
40.2,-76.1,1168,156,2.156,PA,0.1336
26.9,-80.1,1167,467,2.392,FL,0.4002
40.0,-74.9,1166,312,2.292,NJ,0.2676
39.7,-75.5,1166,156,2.162,DE,0.1338
37.3,-120.6,1166,10,2.003,CA,0.0086
41.4,-81.5,1166,452,2.398,OH,0.3877
41.5,-74.1,1165,519,2.465,NY,0.4455
35.4,-80.7,1165,340,2.311,NC,0.2918
42.3,-83.4,1164,504,2.449,MI,0.433
42.1,-122.6,1164,75,2.07,OR,0.0644
40.6,-74.6,1163,442,2.433,NJ,0.3801
40.3,-74.7,1162,284,2.293,NJ,0.2444
26.3,-81.7,1161,270,2.241,FL,0.2326
29.0,-82.0,1161,19,2.029,FL,0.0164
33.1,-80.3,1159,320,2.283,SC,0.2761
34.8,-86.6,1158,61,2.05,AL,0.0527
30.2,-81.8,1158,406,2.371,FL,0.3506
29.0,-82.2,1158,289,2.254,FL,0.2496
43.0,-73.8,1157,236,2.234,NY,0.204
25.8,-80.1,1156,277,2.26,FL,0.2396
41.0,-81.5,1155,605,2.558,OH,0.5238
37.3,-80.0,1154,270,2.262,VA,0.234
41.5,-73.9,1153,337,2.316,NY,0.2923
38.1,-77.5,1152,313,2.314,VA,0.2717
38.7,-120.9,1150,16,2.011,CA,0.0139
41.6,-73.9,1149,28,2.029,NY,0.0244
35.5,-80.9,1149,368,2.345,NC,0.3203
36.6,-119.7,1145,20,2.011,CA,0.0175
34.2,-118.8,1143,20,2.019,CA,0.0175
37.4,-120.8,1139,12,2.011,CA,0.0105
40.0,-76.5,1138,72,2.099,PA,0.0633
33.7,-117.7,1137,184,2.169,CA,0.1618
43.0,-89.4,1136,57,2.055,WI,0.0502
30.1,-92.0,1136,3,1.957,LA,0.0026
26.2,-81.7,1135,344,2.32,FL,0.3031
40.2,-74.1,1134,123,2.145,NJ,0.1085
37.7,-77.4,1128,327,2.312,VA,0.2899
35.9,-84.1,1128,483,2.443,TN,0.4282
35.0,-82.4,1126,11,1.987,SC,0.0098
34.5,-82.8,1125,225,2.203,SC,0.2
39.9,-82.8,1125,361,2.354,OH,0.3209
42.3,-83.7,1124,169,2.232,MI,0.1504
39.2,-78.1,1121,222,2.256,VA,0.198
35.0,-90.0,1120,243,2.229,TN,0.217
45.1,-93.1,1119,294,2.265,MN,0.2627
31.2,-85.4,1118,18,2.004,AL,0.0161
38.1,-121.4,1114,204,2.18,CA,0.1831
34.1,-118.8,1113,28,2.031,CA,0.0252
33.6,-112.4,1112,35,2.007,AZ,0.0315
40.2,-75.7,1110,61,2.08,PA,0.055
35.1,-81.8,1110,301,2.278,SC,0.2712
35.2,-89.8,1110,362,2.325,TN,0.3261
34.4,-119.5,1109,23,2.028,CA,0.0207
35.4,-97.7,1108,17,1.995,OK,0.0153
36.9,-120.0,1108,12,2.008,CA,0.0108
43.0,-88.1,1103,424,2.404,WI,0.3844
28.3,-80.7,1101,186,2.166,FL,0.1689
39.4,-76.8,1100,298,2.335,MD,0.2709
44.3,-121.2,1099,39,2.057,OR,0.0355
42.0,-71.3,1098,622,2.57,MA,0.5665
39.4,-76.3,1098,381,2.388,MD,0.347
38.0,-120.4,1096,10,2.011,CA,0.0091
33.7,-111.9,1096,106,2.116,AZ,0.0967
42.4,-83.3,1096,580,2.542,MI,0.5292
29.5,-98.7,1096,14,2.007,TX,0.0128
43.1,-88.1,1095,429,2.405,WI,0.3918
40.6,-75.4,1094,173,2.201,PA,0.1581
29.0,-81.3,1093,131,2.137,FL,0.1199
35.1,-81.9,1090,2,1.966,SC,0.0018
41.1,-73.7,1090,325,2.305,CT,0.2982
31.9,-106.4,1083,26,1.91,TX,0.024
33.4,-112.6,1081,263,2.247,AZ,0.2433
38.0,-122.2,1081,197,2.177,CA,0.1822
42.8,-74.0,1080,398,2.394,NY,0.3685
42.8,-78.8,1080,361,2.365,NY,0.3343
42.1,-88.0,1079,393,2.377,IL,0.3642
40.7,-75.3,1077,99,2.151,PA,0.0919
25.4,-80.5,1076,22,2.031,FL,0.0204
41.8,-71.5,1076,386,2.368,RI,0.3587
37.3,-76.7,1073,321,2.364,VA,0.2992
37.5,-77.2,1071,302,2.345,VA,0.282
27.3,-80.4,1070,308,2.31,FL,0.2879
32.4,-95.3,1068,1,1.998,TX,0.0009
44.0,-123.0,1068,92,2.089,OR,0.0861
39.5,-77.6,1068,349,2.405,MD,0.3268
29.7,-82.4,1066,208,2.228,FL,0.1951
33.7,-84.1,1065,497,2.547,GA,0.4667
25.7,-80.2,1063,59,2.079,FL,0.0555
34.6,-82.5,1062,3,1.975,SC,0.0028
26.6,-81.6,1062,22,2.008,FL,0.0207
34.2,-79.7,1052,4,1.994,SC,0.0038
40.3,-78.9,1052,39,2.061,PA,0.0371
32.7,-97.5,1052,504,2.496,TX,0.4791
36.0,-78.9,1051,178,2.191,NC,0.1694
40.4,-105.0,1050,540,2.57,CO,0.5143
35.0,-120.5,1048,10,2.007,CA,0.0095
45.2,-93.0,1047,239,2.235,MN,0.2283
36.8,-121.8,1046,13,1.978,CA,0.0124
39.5,-119.7,1045,273,2.262,NV,0.2612
32.3,-80.9,1043,3,1.993,SC,0.0029
28.7,-81.3,1043,58,2.071,FL,0.0556
35.1,-81.1,1043,17,2.005,SC,0.0163
40.1,-74.9,1041,414,2.452,PA,0.3977
37.5,-122.4,1041,177,2.173,CA,0.17
33.8,-78.9,1040,5,1.978,SC,0.0048
42.9,-87.9,1039,403,2.416,WI,0.3879
36.6,-119.6,1038,20,2.005,CA,0.0193
29.6,-98.3,1031,504,2.51,TX,0.4888
28.1,-82.0,1031,221,2.199,FL,0.2144
39.6,-75.7,1030,189,2.306,DE,0.1835
26.0,-80.4,1025,486,2.499,FL,0.4741
34.9,-118.9,1023,201,2.201,CA,0.1965
36.3,-86.9,1022,302,2.295,TN,0.2955
37.9,-77.5,1021,180,2.207,VA,0.1763
29.3,-81.1,1020,269,2.275,FL,0.2637
40.2,-111.7,1019,289,2.286,UT,0.2836
37.4,-120.6,1019,8,1.991,CA,0.0079
36.5,-119.6,1018,17,2.01,CA,0.0167
34.0,-81.3,1017,11,2.01,SC,0.0108
37.1,-93.3,1017,8,2.003,MO,0.0079
32.6,-97.3,1017,504,2.507,TX,0.4956
41.3,-96.2,1016,25,2.03,NE,0.0246
29.9,-81.4,1016,255,2.267,FL,0.251
37.3,-80.1,1013,272,2.318,VA,0.2685
34.7,-118.2,1013,23,2.029,CA,0.0227
38.4,-121.5,1013,286,2.274,CA,0.2823
38.1,-79.0,1010,343,2.437,VA,0.3396
34.2,-82.1,1008,12,2.005,SC,0.0119
34.6,-118.2,1008,21,2.021,CA,0.0208
33.2,-97.1,1007,555,2.588,TX,0.5511
38.0,-78.5,1007,264,2.35,VA,0.2622
34.7,-86.8,1005,496,2.499,AL,0.4935
39.2,-84.6,1005,287,2.328,OH,0.2856
44.1,-123.0,1004,99,2.106,OR,0.0986
38.1,-122.1,1003,381,2.366,CA,0.3799
38.0,-120.3,1003,8,2.011,CA,0.008
36.1,-80.3,1001,302,2.342,NC,0.3017
35.1,-82.1,996,164,2.142,SC,0.1647
37.4,-77.7,992,11,1.976,VA,0.0111
37.0,-121.5,991,48,2.07,CA,0.0484
39.1,-84.6,987,216,2.243,OH,0.2188
26.4,-80.2,983,83,2.069,FL,0.0844
41.2,-73.7,982,294,2.326,NY,0.2994
34.4,-119.3,980,25,2.032,CA,0.0255
36.2,-119.3,979,13,2.007,CA,0.0133
36.0,-78.5,978,12,2.017,NC,0.0123
41.7,-87.9,974,311,2.316,IL,0.3193
30.6,-87.0,974,236,2.273,FL,0.2423
37.5,-77.7,972,33,2.028,VA,0.034
43.0,-88.2,971,457,2.625,WI,0.4706
40.8,-74.3,971,287,2.316,NJ,0.2956
29.6,-95.1,969,10,2.008,TX,0.0103
40.3,-83.1,969,25,2.033,OH,0.0258
33.4,-111.7,967,79,2.098,AZ,0.0817
42.2,-83.2,966,489,2.53,MI,0.5062
35.3,-97.5,966,97,2.1,OK,0.1004
44.6,-93.3,963,290,2.305,MN,0.3011
42.3,-122.9,962,42,2.049,OR,0.0437
38.9,-104.7,961,99,2.135,CO,0.103
37.5,-120.8,961,21,2.017,CA,0.0219
39.9,-75.6,960,48,2.072,PA,0.05
34.8,-92.3,959,68,2.094,AR,0.0709
39.4,-77.3,959,304,2.424,MD,0.317
40.1,-76.5,959,29,2.039,PA,0.0302
41.5,-73.1,957,204,2.26,CT,0.2132
30.1,-95.2,956,49,2.053,TX,0.0513
40.8,-74.4,956,260,2.295,NJ,0.272
39.7,-86.0,955,250,2.288,IN,0.2618
45.2,-122.8,955,88,2.129,OR,0.0921
34.2,-79.9,953,145,2.154,SC,0.1522
28.4,-81.6,952,9,2.005,FL,0.0095
34.2,-117.1,949,36,2.061,CA,0.0379
32.4,-111.1,947,97,2.025,AZ,0.1024
32.8,-86.6,944,201,2.218,AL,0.2129
34.0,-117.2,942,137,2.152,CA,0.1454
40.0,-74.2,940,79,2.113,NJ,0.084
34.7,-80.8,940,2,1.982,SC,0.0021
39.2,-77.3,939,359,2.444,MD,0.3823
42.9,-85.5,939,183,2.197,MI,0.1949
39.6,-77.7,938,228,2.341,MD,0.2431
32.4,-80.7,935,9,1.998,SC,0.0096
39.5,-121.5,933,13,2.017,CA,0.0139
36.9,-119.8,932,6,1.998,CA,0.0064
44.8,-123.0,932,102,2.118,OR,0.1094
44.8,-93.6,932,24,2.026,MN,0.0258
41.3,-74.0,931,92,2.18,NY,0.0988
39.1,-77.6,931,109,2.204,VA,0.1171
27.2,-82.5,929,32,2.042,FL,0.0344
35.2,-120.7,927,12,2.009,CA,0.0129
41.6,-73.8,926,27,2.029,NY,0.0292
30.5,-84.4,923,180,2.208,FL,0.195
25.6,-80.5,920,6,2.005,FL,0.0065
33.5,-117.6,920,36,2.055,CA,0.0391
33.4,-111.6,919,109,2.187,AZ,0.1186
29.1,-82.1,918,15,2.027,FL,0.0163
43.1,-83.6,918,3,1.992,MI,0.0033
37.4,-120.7,916,18,2.017,CA,0.0197
40.1,-76.8,915,219,2.293,PA,0.2393
40.0,-105.0,914,425,2.499,CO,0.465
39.9,-104.9,909,222,2.299,CO,0.2442
35.9,-84.0,908,372,2.421,TN,0.4097
39.0,-76.6,907,252,2.359,MD,0.2778
33.6,-81.7,902,111,2.122,SC,0.1231
36.9,-121.4,901,17,2.019,CA,0.0189
39.9,-74.9,901,79,2.139,NJ,0.0877
33.5,-86.6,901,282,2.306,AL,0.313
29.5,-95.1,901,479,2.573,TX,0.5316
34.0,-84.0,900,461,2.574,GA,0.5122
30.4,-97.5,898,13,1.998,TX,0.0145
30.2,-85.6,898,27,2.035,FL,0.0301
47.3,-122.2,897,74,2.104,WA,0.0825
39.2,-104.9,896,682,2.836,CO,0.7612
32.4,-86.1,896,251,2.288,AL,0.2801
34.1,-84.0,895,446,2.561,GA,0.4983
39.2,-121.0,895,6,2.0,CA,0.0067
34.3,-81.6,895,179,2.199,SC,0.2
28.2,-81.7,894,252,2.277,FL,0.2819
28.2,-82.3,894,10,1.993,FL,0.0112
28.2,-81.6,892,323,2.37,FL,0.3621
36.5,-119.3,891,69,2.144,CA,0.0774
30.3,-97.9,891,13,2.007,TX,0.0146
28.6,-81.7,891,44,2.064,FL,0.0494
34.4,-79.4,890,231,2.26,SC,0.2596
47.1,-122.4,886,72,2.114,WA,0.0813
28.2,-82.2,885,9,1.988,FL,0.0102
26.2,-80.3,883,72,2.103,FL,0.0815
38.6,-121.7,883,272,2.298,CA,0.308
38.2,-122.4,883,35,2.036,CA,0.0396
44.1,-123.2,882,24,2.043,OR,0.0272
39.7,-121.8,881,7,2.009,CA,0.0079
30.5,-87.1,881,203,2.241,FL,0.2304
36.8,-76.0,880,263,2.308,VA,0.2989
36.4,-82.4,879,110,2.127,TN,0.1251
41.4,-73.8,879,27,2.041,NY,0.0307
38.7,-120.7,879,10,2.014,CA,0.0114
27.0,-82.4,878,23,2.031,FL,0.0262
39.8,-75.0,878,87,2.157,NJ,0.0991
33.9,-80.4,875,12,2.017,SC,0.0137
38.6,-122.6,875,35,2.042,CA,0.04
42.6,-73.7,874,317,2.39,NY,0.3627
41.5,-87.3,872,318,2.381,IN,0.3647
32.5,-86.4,871,162,2.192,AL,0.186
35.3,-78.6,870,255,2.385,NC,0.2931
42.3,-83.3,870,413,2.479,MI,0.4747
39.1,-104.9,869,647,2.787,CO,0.7445
41.6,-73.1,869,183,2.277,CT,0.2106
34.0,-118.6,869,65,2.123,CA,0.0748
35.7,-78.5,868,26,2.044,NC,0.03
37.1,-121.0,867,103,2.127,CA,0.1188
37.8,-121.1,867,30,2.018,CA,0.0346
38.6,-76.9,867,79,2.156,MD,0.0911
37.4,-79.9,866,202,2.296,VA,0.2333
33.5,-81.7,866,5,1.999,SC,0.0058
41.4,-72.9,866,154,2.232,CT,0.1778
39.0,-76.7,865,152,2.255,MD,0.1757
35.6,-120.7,863,10,2.009,CA,0.0116
38.2,-79.0,863,242,2.372,VA,0.2804
33.6,-81.9,862,197,2.233,SC,0.2285
43.1,-123.4,862,29,2.037,OR,0.0336
28.3,-82.3,861,211,2.238,FL,0.2451
47.1,-122.6,860,500,2.591,WA,0.5814
43.0,-78.8,860,269,2.355,NY,0.3128
34.8,-118.9,854,150,2.186,CA,0.1756
40.4,-74.5,854,174,2.265,NJ,0.2037
38.1,-122.6,854,19,2.008,CA,0.0222
41.2,-74.2,854,51,2.07,NY,0.0597
45.1,-122.9,853,54,2.093,OR,0.0633
42.7,-123.4,853,110,2.134,OR,0.129
41.9,-71.5,851,195,2.223,RI,0.2291
39.0,-77.3,850,117,2.235,VA,0.1376
32.1,-110.8,849,66,2.019,AZ,0.0777
40.2,-76.4,849,157,2.22,PA,0.1849
35.8,-78.9,849,23,2.024,NC,0.0271
38.3,-78.9,848,265,2.384,VA,0.3125
34.2,-81.4,848,198,2.265,SC,0.2335
34.8,-82.7,848,4,1.988,SC,0.0047
34.3,-118.7,847,7,2.007,CA,0.0083
40.6,-111.8,847,148,2.192,UT,0.1747
40.9,-74.3,847,204,2.272,NJ,0.2409
29.4,-98.7,847,26,2.028,TX,0.0307
47.0,-122.9,846,424,2.522,WA,0.5012
38.2,-121.7,844,31,2.044,CA,0.0367
34.3,-118.9,844,31,2.057,CA,0.0367
34.3,-79.7,844,290,2.358,SC,0.3436
27.0,-80.2,843,166,2.235,FL,0.1969
41.7,-83.6,841,299,2.384,OH,0.3555
40.2,-77.2,840,295,2.42,PA,0.3512
34.6,-87.0,840,20,2.024,AL,0.0238
42.5,-87.9,838,224,2.288,IL,0.2673
38.4,-81.8,838,67,2.125,WV,0.08
40.1,-111.7,837,195,2.238,UT,0.233
42.2,-83.7,836,329,2.516,MI,0.3935
38.6,-90.1,835,572,2.723,IL,0.685
33.8,-78.8,835,19,2.013,SC,0.0228
39.0,-121.1,835,19,2.02,CA,0.0228
36.7,-119.6,834,3,1.987,CA,0.0036
34.1,-79.8,833,5,1.986,SC,0.006
34.5,-83.0,832,309,2.383,SC,0.3714
45.6,-118.5,832,45,2.078,OR,0.0541
34.1,-84.5,832,407,2.56,GA,0.4892
34.8,-82.0,832,139,2.151,SC,0.1671
39.4,-119.8,831,256,2.319,NV,0.3081
39.4,-104.9,831,395,2.517,CO,0.4753
39.0,-76.4,830,105,2.166,MD,0.1265
28.3,-82.5,830,12,1.992,FL,0.0145
38.7,-77.0,830,49,2.098,MD,0.059
34.1,-84.3,829,77,2.106,GA,0.0929
37.2,-77.5,828,223,2.393,VA,0.2693
45.5,-122.4,828,167,2.169,OR,0.2017
40.9,-73.1,827,70,2.114,NY,0.0846
40.6,-89.6,827,52,2.042,IL,0.0629
41.2,-77.0,825,70,2.124,PA,0.0848
37.2,-93.2,825,24,2.036,MO,0.0291
47.9,-122.3,824,103,2.148,WA,0.125
26.1,-80.1,823,136,2.194,FL,0.1652
36.1,-87.0,822,171,2.203,TN,0.208
30.3,-91.0,821,367,2.486,LA,0.447
44.8,-93.5,821,29,2.038,MN,0.0353
42.1,-87.9,821,376,2.492,IL,0.458
30.0,-95.5,819,20,2.02,TX,0.0244
33.7,-80.9,819,201,2.258,SC,0.2454
28.2,-82.6,819,10,1.996,FL,0.0122
40.7,-74.4,819,219,2.321,NJ,0.2674
41.1,-95.9,819,30,2.055,NE,0.0366
39.2,-121.1,817,8,2.016,CA,0.0098
33.3,-80.5,816,435,2.555,SC,0.5331
28.6,-81.6,814,50,2.079,FL,0.0614
28.3,-82.6,814,15,2.005,FL,0.0184
40.1,-75.7,814,172,2.241,PA,0.2113
40.8,-77.8,814,109,2.213,PA,0.1339
42.3,-122.8,813,88,2.155,OR,0.1082
40.4,-74.3,813,95,2.172,NJ,0.1169
41.2,-111.9,813,38,2.071,UT,0.0467
39.6,-105.1,813,80,2.09,CO,0.0984
40.3,-75.9,812,110,2.209,PA,0.1355
36.6,-121.8,811,8,1.988,CA,0.0099
34.5,-81.9,810,138,2.18,SC,0.1704
39.0,-94.3,810,207,2.281,MO,0.2556
32.8,-79.9,810,185,2.238,SC,0.2284
39.3,-84.5,810,259,2.351,OH,0.3198
40.6,-80.1,810,367,2.517,PA,0.4531
30.5,-97.6,807,17,2.005,TX,0.0211
38.5,-90.5,805,300,2.401,MO,0.3727
30.7,-87.9,805,250,2.328,AL,0.3106
35.8,-80.9,805,247,2.399,NC,0.3068
46.8,-92.1,805,83,2.108,MN,0.1031
30.3,-82.0,804,307,2.419,FL,0.3818
32.6,-80.9,804,275,2.35,SC,0.342
32.7,-117.0,804,27,2.045,CA,0.0336
30.3,-82.8,801,403,2.553,FL,0.5031
36.3,-119.7,801,12,2.017,CA,0.015
48.1,-122.2,801,351,2.442,WA,0.4382
29.0,-82.1,799,48,2.073,FL,0.0601
33.6,-117.3,799,105,2.125,CA,0.1314
38.8,-77.7,799,66,2.131,VA,0.0826
40.3,-75.5,797,22,2.03,PA,0.0276
40.6,-75.3,797,280,2.399,PA,0.3513
38.5,-121.7,796,251,2.307,CA,0.3153
30.4,-86.9,796,7,2.001,FL,0.0088
43.2,-83.7,796,24,2.052,MI,0.0302
40.1,-74.2,795,120,2.243,NJ,0.1509
38.1,-122.3,795,8,1.99,CA,0.0101
35.6,-82.5,795,191,2.304,NC,0.2403
37.6,-122.2,795,34,2.013,CA,0.0428
45.7,-122.6,793,174,2.251,WA,0.2194
38.4,-81.6,793,69,2.119,WV,0.087
44.5,-93.3,792,69,2.087,MN,0.0871
33.6,-117.9,792,12,2.019,CA,0.0152
42.6,-123.4,791,73,2.099,OR,0.0923
25.7,-80.5,791,11,2.015,FL,0.0139
40.9,-124.1,790,2,2.0,CA,0.0025
45.2,-118.0,789,28,2.054,OR,0.0355
39.6,-104.8,787,55,2.038,CO,0.0699
27.7,-80.9,787,114,2.235,FL,0.1449
34.6,-118.7,786,200,2.265,CA,0.2545
36.5,-119.5,784,8,1.996,CA,0.0102
39.1,-121.5,784,6,2.006,CA,0.0077
39.9,-76.8,784,44,2.079,PA,0.0561
30.1,-81.8,783,51,2.075,FL,0.0651
37.0,-76.5,782,74,2.123,VA,0.0946
41.5,-81.8,782,270,2.332,OH,0.3453
30.5,-81.7,782,297,2.396,FL,0.3798
34.9,-118.2,782,2,2.003,CA,0.0026
39.0,-94.8,782,234,2.331,KS,0.2992
40.2,-83.0,782,44,2.084,OH,0.0563
40.7,-75.2,781,68,2.123,PA,0.0871
31.3,-89.4,780,95,2.127,MS,0.1218
41.3,-73.1,780,84,2.172,CT,0.1077
42.7,-73.9,779,167,2.239,NY,0.2144
35.2,-78.7,779,225,2.368,NC,0.2888
33.4,-84.2,778,397,2.567,GA,0.5103
34.7,-118.8,778,244,2.329,CA,0.3136
28.0,-82.0,775,95,2.103,FL,0.1226
41.4,-73.5,775,230,2.325,CT,0.2968
42.2,-121.8,773,9,2.017,OR,0.0116
35.1,-89.8,773,37,2.025,TN,0.0479
30.6,-87.1,772,3,1.997,FL,0.0039
40.1,-74.8,772,223,2.337,NJ,0.2889
30.2,-85.8,771,7,2.004,FL,0.0091
28.0,-80.6,770,180,2.214,FL,0.2338
34.7,-82.8,770,4,1.986,SC,0.0052
37.7,-113.1,770,91,2.127,UT,0.1182
42.2,-71.2,770,314,2.394,MA,0.4078
37.3,-79.9,769,137,2.196,VA,0.1782
39.0,-76.3,768,101,2.211,MD,0.1315
40.6,-122.4,767,85,2.115,CA,0.1108
39.2,-123.2,767,7,2.013,CA,0.0091
28.1,-82.8,766,8,2.003,FL,0.0104
37.5,-77.1,766,179,2.316,VA,0.2337
34.9,-82.7,764,2,1.974,SC,0.0026
35.3,-82.4,764,192,2.309,NC,0.2513
39.0,-78.4,764,267,2.435,VA,0.3495
34.3,-79.9,763,1,1.986,SC,0.0013
43.1,-89.3,762,189,2.297,WI,0.248
36.1,-79.9,762,188,2.251,NC,0.2467
34.8,-92.4,761,37,2.071,AR,0.0486
33.9,-80.3,760,7,2.0,SC,0.0092
40.0,-75.5,760,11,2.009,PA,0.0145
43.1,-73.8,759,296,2.416,NY,0.39
33.3,-117.5,757,224,2.299,CA,0.2959
45.2,-93.5,755,69,2.097,MN,0.0914
26.7,-81.7,754,13,1.996,FL,0.0172
30.2,-95.5,754,412,2.562,TX,0.5464
34.1,-118.6,753,24,2.053,CA,0.0319
39.7,-84.3,753,5,1.989,OH,0.0066
38.7,-90.5,752,277,2.399,MO,0.3684
39.0,-104.8,752,227,2.318,CO,0.3019
39.3,-120.7,752,137,2.189,CA,0.1822
40.8,-72.9,752,89,2.141,NY,0.1184
45.0,-92.8,751,91,2.119,MN,0.1212
40.9,-74.6,751,208,2.322,NJ,0.277
32.4,-93.9,748,76,2.098,LA,0.1016
36.6,-121.6,748,31,2.025,CA,0.0414
40.1,-76.6,747,37,2.075,PA,0.0495
37.6,-121.3,747,113,2.157,CA,0.1513
42.5,-71.5,746,368,2.489,MA,0.4933
34.2,-118.7,746,26,2.036,CA,0.0349
33.8,-79.1,745,19,2.02,SC,0.0255
38.8,-90.6,745,333,2.46,MO,0.447
33.4,-117.3,740,1,1.997,CA,0.0014
40.0,-76.6,739,34,2.074,PA,0.046
40.2,-74.9,738,182,2.322,PA,0.2466
37.4,-76.8,737,167,2.296,VA,0.2266
30.6,-87.3,736,4,1.999,FL,0.0054
27.1,-80.3,735,146,2.256,FL,0.1986
29.8,-81.4,735,239,2.341,FL,0.3252
38.5,-123.0,735,8,2.0,CA,0.0109
43.2,-123.4,735,81,2.114,OR,0.1102
34.6,-82.8,734,9,1.996,SC,0.0123
43.6,-116.2,734,9,2.019,ID,0.0123
39.9,-76.6,733,23,2.033,PA,0.0314
34.2,-117.5,733,151,2.209,CA,0.206
33.9,-79.1,733,12,2.012,SC,0.0164
38.6,-121.1,733,14,2.001,CA,0.0191
40.7,-73.2,732,49,2.096,NY,0.0669
33.5,-81.8,731,6,2.005,SC,0.0082
40.9,-74.5,731,260,2.398,NJ,0.3557
32.9,-96.4,730,376,2.544,TX,0.5151
42.4,-87.8,730,124,2.189,IL,0.1699
43.2,-73.7,730,202,2.297,NY,0.2767
40.0,-75.4,728,104,2.162,PA,0.1429
40.3,-105.0,727,391,2.587,CO,0.5378
40.4,-78.4,727,83,2.157,PA,0.1142
29.3,-98.6,727,199,2.298,TX,0.2737
34.1,-84.7,726,415,2.625,GA,0.5716
39.1,-78.2,725,206,2.382,VA,0.2841
37.4,-122.3,725,119,2.177,CA,0.1641
42.8,-73.7,725,54,2.124,NY,0.0745
36.1,-119.0,725,6,2.01,CA,0.0083
41.7,-73.8,724,28,2.051,NY,0.0387
34.3,-118.8,723,17,2.026,CA,0.0235
33.6,-80.9,723,163,2.23,SC,0.2254
34.5,-120.2,723,23,2.044,CA,0.0318
33.7,-80.2,722,191,2.281,SC,0.2645
40.6,-74.5,721,224,2.372,NJ,0.3107
39.8,-75.6,721,53,2.111,DE,0.0735
35.0,-85.1,720,4,1.999,TN,0.0056
43.1,-88.0,719,91,2.146,WI,0.1266
39.0,-78.3,718,236,2.376,VA,0.3287
33.2,-86.8,718,280,2.409,AL,0.39
41.7,-91.6,718,235,2.362,IA,0.3273
32.1,-81.1,718,141,2.223,GA,0.1964
32.8,-97.4,717,337,2.487,TX,0.47
39.2,-120.8,717,140,2.208,CA,0.1953
43.1,-77.4,717,19,2.028,NY,0.0265
40.4,-122.3,715,73,2.106,CA,0.1021
28.5,-82.2,715,159,2.232,FL,0.2224
30.0,-81.5,714,260,2.37,FL,0.3641
35.9,-119.3,714,7,2.008,CA,0.0098
30.2,-93.2,713,491,2.721,LA,0.6886
41.1,-73.6,713,27,2.058,CT,0.0379
35.1,-81.5,713,183,2.283,SC,0.2567
38.0,-77.5,713,168,2.293,VA,0.2356
39.6,-84.3,713,68,2.06,OH,0.0954
44.3,-93.3,712,71,2.105,MN,0.0997
40.4,-75.5,711,18,2.044,PA,0.0253
38.5,-77.3,711,179,2.284,VA,0.2518
44.2,-94.0,711,9,2.018,MN,0.0127
35.1,-119.0,709,54,2.096,CA,0.0762
41.1,-81.6,709,374,2.557,OH,0.5275
35.2,-85.2,709,22,2.028,TN,0.031
39.0,-121.0,708,133,2.206,CA,0.1879
34.0,-80.4,708,11,2.004,SC,0.0155
40.8,-77.9,707,99,2.18,PA,0.14
48.8,-122.5,707,295,2.467,WA,0.4173
36.7,-121.8,707,11,1.996,CA,0.0156
44.8,-93.0,706,32,2.047,MN,0.0453
34.4,-119.9,706,10,2.011,CA,0.0142
38.1,-78.5,705,79,2.182,VA,0.1121
40.0,-74.8,705,185,2.306,NJ,0.2624
30.4,-81.8,705,244,2.362,FL,0.3461
42.2,-121.7,705,11,2.024,OR,0.0156
41.2,-74.0,704,43,2.091,NY,0.0611
35.9,-86.5,703,283,2.457,TN,0.4026
35.0,-89.8,703,35,2.048,TN,0.0498
34.6,-82.1,702,114,2.165,SC,0.1624
45.2,-123.1,702,57,2.147,OR,0.0812
41.3,-72.8,701,278,2.422,CT,0.3966
38.0,-121.7,699,17,2.027,CA,0.0243
42.8,-83.8,698,2,1.993,MI,0.0029
33.2,-80.0,698,5,1.993,SC,0.0072
34.1,-112.1,698,250,2.38,AZ,0.3582
28.5,-80.8,698,104,2.152,FL,0.149
41.1,-111.9,697,60,2.098,UT,0.0861
45.1,-93.0,696,107,2.162,MN,0.1537
34.5,-82.0,696,55,2.066,SC,0.079
36.1,-119.1,696,2,2.0,CA,0.0029
42.6,-83.2,696,375,2.575,MI,0.5388
27.6,-82.6,695,202,2.312,FL,0.2906
35.8,-119.3,695,11,2.019,CA,0.0158
38.7,-77.5,694,53,2.127,VA,0.0764
42.8,-71.1,693,319,2.453,MA,0.4603
40.2,-105.0,692,376,2.595,CO,0.5434
35.0,-120.4,692,9,2.02,CA,0.013
33.9,-78.8,691,2,1.987,SC,0.0029
37.1,-76.4,691,174,2.25,VA,0.2518
33.6,-86.8,690,293,2.448,AL,0.4246
37.7,-97.3,690,52,2.093,KS,0.0754
32.3,-110.8,690,0,1.893,AZ,0.0
33.6,-80.8,689,197,2.295,SC,0.2859
37.6,-122.5,689,106,2.177,CA,0.1538
40.9,-73.0,687,84,2.186,NY,0.1223
30.4,-87.1,687,6,2.004,FL,0.0087
37.8,-79.4,686,190,2.347,VA,0.277
34.3,-117.4,686,41,2.071,CA,0.0598
39.8,-75.2,685,110,2.201,NJ,0.1606
42.5,-88.0,684,256,2.387,IL,0.3743
34.3,-118.3,684,222,2.326,CA,0.3246
37.7,-120.9,684,6,2.013,CA,0.0088
35.0,-89.9,683,31,2.037,MS,0.0454
37.0,-121.7,683,20,2.035,CA,0.0293
40.0,-82.8,683,136,2.217,OH,0.1991
33.8,-117.1,682,11,2.025,CA,0.0161
29.6,-95.6,682,329,2.535,TX,0.4824
30.0,-90.3,682,378,2.638,LA,0.5543
35.3,-81.1,679,233,2.358,NC,0.3432
34.7,-82.6,679,17,2.003,SC,0.025
43.0,-71.4,678,219,2.33,NH,0.323
35.2,-80.6,678,39,2.049,NC,0.0575
40.4,-76.7,678,257,2.475,PA,0.3791
38.0,-78.4,678,166,2.369,VA,0.2448
39.8,-76.7,678,180,2.32,PA,0.2655
35.5,-120.7,677,14,2.021,CA,0.0207
31.8,-86.0,677,13,2.007,AL,0.0192
42.2,-122.7,677,65,2.106,OR,0.096
36.8,-121.6,677,12,2.013,CA,0.0177
41.0,-78.4,677,98,2.177,PA,0.1448
45.3,-123.0,677,49,2.114,OR,0.0724
40.2,-76.6,677,33,2.075,PA,0.0487
42.4,-123.3,677,39,2.065,OR,0.0576
44.7,-123.1,674,79,2.122,OR,0.1172
39.6,-77.6,674,220,2.414,MD,0.3264
39.3,-94.7,674,172,2.283,MO,0.2552
33.3,-80.6,673,145,2.23,SC,0.2155
29.8,-95.1,673,345,2.588,TX,0.5126
33.5,-84.6,673,409,2.688,GA,0.6077
38.9,-78.5,673,183,2.346,VA,0.2719
42.5,-73.8,673,258,2.41,NY,0.3834
42.7,-71.1,672,359,2.527,MA,0.5342
27.2,-80.3,671,63,2.124,FL,0.0939
47.1,-122.5,671,366,2.559,WA,0.5455
33.7,-118.3,670,131,2.21,CA,0.1955
37.1,-121.2,669,25,2.034,CA,0.0374
30.7,-88.2,668,18,2.022,AL,0.0269
46.2,-123.9,668,29,2.067,OR,0.0434
33.2,-80.6,667,188,2.286,SC,0.2819
41.9,-72.7,666,248,2.41,CT,0.3724
43.0,-71.5,666,209,2.321,NH,0.3138
39.5,-76.7,665,230,2.406,MD,0.3459
43.0,-89.3,665,97,2.188,WI,0.1459
30.2,-82.7,665,174,2.28,FL,0.2617
39.3,-77.0,664,241,2.485,MD,0.363
41.5,-88.1,664,461,2.724,IL,0.6943
37.0,-81.1,663,178,2.33,VA,0.2685
33.6,-117.8,663,40,2.068,CA,0.0603
28.7,-81.6,662,16,2.017,FL,0.0242
35.3,-120.7,661,10,2.011,CA,0.0151
42.3,-84.4,661,290,2.625,MI,0.4387
42.5,-73.7,661,220,2.368,NY,0.3328
26.9,-82.0,661,257,2.458,FL,0.3888
34.6,-86.9,661,354,2.546,AL,0.5356
38.8,-90.2,661,416,2.67,MO,0.6293
39.1,-121.1,661,11,2.026,CA,0.0166
44.8,-93.1,660,25,2.038,MN,0.0379
45.5,-118.4,660,30,2.068,OR,0.0455
44.2,-93.9,660,15,2.011,MN,0.0227
45.4,-118.3,660,35,2.077,OR,0.053
40.3,-77.0,658,231,2.403,PA,0.3511
40.3,-79.6,658,121,2.347,PA,0.1839
48.2,-122.2,657,313,2.519,WA,0.4764
36.0,-79.0,654,208,2.347,NC,0.318
37.5,-76.9,654,161,2.297,VA,0.2462
40.6,-112.3,654,33,2.066,UT,0.0505
41.5,-88.0,654,493,2.78,IL,0.7538
41.4,-73.4,653,190,2.34,CT,0.291
30.7,-86.6,653,138,2.247,FL,0.2113
45.2,-93.3,652,26,2.038,MN,0.0399
30.0,-95.2,652,8,2.014,TX,0.0123
34.1,-84.6,652,297,2.505,GA,0.4555
40.7,-112.1,651,23,2.045,UT,0.0353
31.3,-89.3,651,66,2.118,MS,0.1014
44.0,-121.3,651,22,2.061,OR,0.0338
39.4,-120.1,650,86,2.14,CA,0.1323
42.0,-73.9,648,15,2.022,NY,0.0231
41.8,-73.8,647,13,2.017,NY,0.0201
42.9,-85.8,646,153,2.214,MI,0.2368
32.9,-86.6,645,171,2.274,AL,0.2651
40.2,-76.3,644,34,2.09,PA,0.0528
40.4,-75.4,644,283,2.516,PA,0.4394
38.3,-104.6,643,292,2.594,CO,0.4541
43.0,-77.4,643,273,2.426,NY,0.4246
36.3,-119.6,643,8,2.016,CA,0.0124
40.2,-111.6,642,154,2.232,UT,0.2399
28.2,-81.4,642,3,1.997,FL,0.0047
39.2,-77.2,641,194,2.392,MD,0.3027
39.9,-83.1,640,141,2.256,OH,0.2203
38.7,-121.8,639,70,2.11,CA,0.1095
35.2,-106.6,638,158,2.237,NM,0.2476
38.1,-121.2,637,8,2.02,CA,0.0126
28.6,-81.8,637,29,2.071,FL,0.0455
38.4,-122.9,637,6,1.997,CA,0.0094
38.8,-104.7,636,77,2.162,CO,0.1211
33.9,-78.6,636,9,2.011,SC,0.0142
28.4,-82.6,636,6,2.005,FL,0.0094
38.5,-78.8,636,179,2.382,VA,0.2814
28.4,-82.7,635,12,2.019,FL,0.0189
39.6,-75.8,635,179,2.408,MD,0.2819
41.2,-73.0,634,222,2.385,CT,0.3502
33.4,-112.3,632,38,2.055,AZ,0.0601
40.5,-105.0,632,286,2.487,CO,0.4525
35.0,-82.5,632,3,1.986,SC,0.0047
28.1,-81.5,631,0,1.986,FL,0.0
38.8,-90.8,631,333,2.553,MO,0.5277
33.8,-112.1,631,146,2.227,AZ,0.2314
42.3,-71.6,631,386,2.616,MA,0.6117
40.7,-112.3,630,103,2.186,UT,0.1635
40.7,-75.4,630,54,2.146,PA,0.0857
33.3,-117.1,629,77,2.121,CA,0.1224
39.4,-78.0,629,54,2.141,WV,0.0859
33.8,-84.7,628,339,2.623,GA,0.5398
45.5,-93.0,628,130,2.207,MN,0.207
32.8,-83.7,628,325,2.586,GA,0.5175
45.4,-94.0,627,77,2.129,MN,0.1228
45.2,-123.2,627,25,2.061,OR,0.0399
38.0,-84.4,627,66,2.096,KY,0.1053
34.9,-82.6,625,4,1.976,SC,0.0064
35.1,-106.5,625,117,2.174,NM,0.1872
33.2,-97.2,625,320,2.541,TX,0.512
35.1,-118.5,625,13,2.034,CA,0.0208
41.6,-73.0,624,184,2.335,CT,0.2949
37.3,-77.3,624,141,2.253,VA,0.226
40.0,-111.8,623,167,2.281,UT,0.2681
33.0,-86.7,623,229,2.372,AL,0.3676
34.8,-118.8,623,149,2.254,CA,0.2392
40.8,-74.5,622,188,2.338,NJ,0.3023
43.3,-73.7,622,149,2.264,NY,0.2395
36.2,-119.1,621,4,2.0,CA,0.0064
42.6,-71.4,620,237,2.377,MA,0.3823
36.9,-80.9,619,156,2.315,VA,0.252
40.5,-122.3,618,74,2.125,CA,0.1197
40.5,-74.5,618,165,2.354,NJ,0.267
33.9,-80.9,617,15,2.021,SC,0.0243
32.3,-81.1,617,172,2.316,SC,0.2788
38.4,-81.7,616,50,2.123,WV,0.0812
30.2,-93.3,616,398,2.687,LA,0.6461
34.3,-79.5,616,235,2.383,SC,0.3815
42.1,-71.2,615,297,2.468,MA,0.4829
35.0,-85.5,615,214,2.393,GA,0.348
32.9,-79.9,614,183,2.306,SC,0.298
39.3,-104.9,613,407,2.7,CO,0.6639
39.1,-84.4,613,258,2.45,OH,0.4209
40.0,-76.1,612,106,2.314,PA,0.1732
39.3,-120.2,612,67,2.109,CA,0.1095
36.7,-119.9,612,3,1.984,CA,0.0049
34.1,-79.9,612,78,2.123,SC,0.1275
33.5,-79.1,611,4,1.99,SC,0.0065
33.2,-87.4,610,222,2.384,AL,0.3639
41.6,-87.2,610,261,2.538,IN,0.4279
34.4,-82.7,610,4,1.98,SC,0.0066
44.0,-92.5,610,7,2.016,MN,0.0115
45.6,-122.8,609,55,2.122,OR,0.0903
37.0,-121.8,608,12,2.03,CA,0.0197
42.0,-91.7,608,280,2.497,IA,0.4605
34.6,-82.4,608,4,1.974,SC,0.0066
36.5,-121.9,608,5,1.998,CA,0.0082
45.7,-110.8,608,6,2.02,MT,0.0099
34.2,-80.6,605,137,2.226,SC,0.2264
38.7,-104.7,605,282,2.537,CO,0.4661
29.5,-82.3,604,301,2.515,FL,0.4983
38.7,-77.4,604,34,2.091,VA,0.0563
28.7,-81.2,604,53,2.141,FL,0.0877
32.3,-111.1,604,79,2.026,AZ,0.1308
34.2,-81.5,604,186,2.306,SC,0.3079
39.4,-77.2,604,157,2.328,MD,0.2599
40.9,-76.8,604,45,2.139,PA,0.0745
33.3,-84.1,603,251,2.511,GA,0.4163
38.6,-77.8,603,106,2.318,VA,0.1758
30.3,-98.0,602,11,2.013,TX,0.0183
33.9,-79.0,602,2,1.983,SC,0.0033
44.4,-121.9,602,47,2.13,OR,0.0781
38.1,-79.1,601,164,2.374,VA,0.2729
34.5,-118.0,601,23,2.053,CA,0.0383
45.5,-122.9,601,99,2.181,OR,0.1647
39.5,-121.6,600,5,2.015,CA,0.0083
41.1,-96.0,600,19,2.032,NE,0.0317
37.5,-77.0,600,160,2.333,VA,0.2667
43.2,-77.9,600,30,2.063,NY,0.05
39.9,-84.2,600,290,2.533,OH,0.4833
40.0,-79.1,599,192,2.366,PA,0.3205
39.7,-105.9,598,206,2.59,CO,0.3445
36.3,-119.2,597,5,2.002,CA,0.0084
36.1,-80.1,597,183,2.407,NC,0.3065
45.4,-122.5,595,77,2.198,OR,0.1294
39.8,-75.7,595,28,2.066,PA,0.0471
34.7,-81.0,595,171,2.284,SC,0.2874
35.5,-82.5,595,66,2.161,NC,0.1109
45.7,-111.0,594,11,2.037,MT,0.0185
40.1,-76.1,593,8,2.012,PA,0.0135
42.1,-88.1,592,305,2.534,IL,0.5152
41.8,-72.5,592,229,2.444,CT,0.3868
33.8,-81.2,592,4,1.997,SC,0.0068
41.4,-72.1,592,221,2.448,CT,0.3733
40.7,-89.6,591,191,2.332,IL,0.3232
41.4,-73.3,591,146,2.315,CT,0.247
27.1,-82.2,591,193,2.34,FL,0.3266
39.3,-120.3,591,87,2.166,CA,0.1472
42.2,-85.6,590,198,2.395,MI,0.3356
44.8,-92.9,590,20,2.036,MN,0.0339
34.8,-92.2,589,55,2.144,AR,0.0934
39.2,-119.8,589,152,2.273,NV,0.2581
34.3,-119.0,588,21,2.066,CA,0.0357
32.8,-96.5,588,40,2.085,TX,0.068
40.1,-74.1,588,74,2.207,NJ,0.1259
33.9,-84.1,587,292,2.511,GA,0.4974
39.9,-76.9,587,67,2.152,PA,0.1141
30.6,-91.0,586,19,2.027,LA,0.0324
33.5,-112.5,585,144,2.231,AZ,0.2462
36.1,-115.2,584,104,2.252,NV,0.1781
41.9,-72.6,584,195,2.396,CT,0.3339
33.2,-111.9,583,132,2.288,AZ,0.2264
34.5,-82.5,582,3,1.964,SC,0.0052
34.5,-119.8,582,18,2.048,CA,0.0309
36.4,-119.3,581,281,2.966,CA,0.4836
38.8,-78.6,581,219,2.465,VA,0.3769
38.2,-122.5,581,29,2.069,CA,0.0499
40.5,-112.0,581,58,2.136,UT,0.0998
33.7,-112.4,581,19,2.028,AZ,0.0327
37.6,-120.8,579,11,2.026,CA,0.019
41.0,-81.6,579,322,2.598,OH,0.5561
45.2,-93.1,579,181,2.323,MN,0.3126
41.7,-74.1,579,227,2.408,NY,0.3921
47.5,-122.4,579,16,2.016,WA,0.0276
42.4,-83.8,578,48,2.119,MI,0.083
29.8,-82.5,578,206,2.388,FL,0.3564
48.0,-122.1,578,99,2.251,WA,0.1713
28.5,-82.4,576,10,1.988,FL,0.0174
38.5,-122.9,576,2,2.005,CA,0.0035
41.7,-93.7,576,232,2.429,IA,0.4028
38.7,-121.7,574,126,2.226,CA,0.2195
40.0,-75.9,574,36,2.101,PA,0.0627
42.5,-88.1,574,127,2.246,IL,0.2213
42.8,-85.7,573,31,2.04,MI,0.0541
42.3,-83.0,573,282,2.538,MI,0.4921
42.5,-83.8,573,167,2.384,MI,0.2914
40.4,-77.0,572,95,2.323,PA,0.1661
28.2,-81.3,572,50,2.14,FL,0.0874
27.9,-82.2,571,3,1.981,FL,0.0053
41.5,-88.2,571,404,2.739,IL,0.7075
39.5,-77.4,571,79,2.229,MD,0.1384
42.8,-86.1,570,38,2.049,MI,0.0667
30.3,-82.1,570,143,2.272,FL,0.2509
33.6,-117.4,570,19,2.047,CA,0.0333
39.1,-77.7,569,59,2.181,VA,0.1037
39.3,-76.9,568,201,2.46,MD,0.3539
30.5,-86.6,567,8,2.023,FL,0.0141
40.4,-76.0,567,46,2.141,PA,0.0811
30.0,-82.6,567,213,2.4,FL,0.3757
40.1,-77.0,566,29,2.074,PA,0.0512
27.0,-82.1,565,61,2.154,FL,0.108
44.6,-123.2,565,47,2.15,OR,0.0832
43.2,-71.5,564,226,2.427,NH,0.4007
32.4,-90.2,564,215,2.408,MS,0.3812
42.1,-70.9,564,4,1.833,MA,0.0071
37.6,-77.3,563,127,2.247,VA,0.2256
40.8,-124.1,563,0,1.995,CA,0.0
41.0,-76.9,563,44,2.147,PA,0.0782
30.4,-84.2,563,6,1.988,FL,0.0107
32.8,-83.6,562,270,2.621,GA,0.4804
39.6,-105.2,561,111,2.282,CO,0.1979
39.2,-77.7,561,107,2.355,VA,0.1907
45.7,-121.5,561,38,2.105,OR,0.0677
47.1,-122.7,561,290,2.531,WA,0.5169
40.2,-77.1,560,152,2.352,PA,0.2714
41.2,-73.4,560,41,2.12,CT,0.0732
35.6,-97.4,560,146,2.271,OK,0.2607
40.7,-112.2,560,66,2.132,UT,0.1179
42.8,-83.7,560,27,2.071,MI,0.0482
42.4,-88.2,559,112,2.227,IL,0.2004
43.7,-93.3,559,70,2.127,MN,0.1252
47.7,-117.3,559,107,2.19,WA,0.1914
36.0,-96.0,558,16,2.013,OK,0.0287
41.0,-74.3,557,145,2.309,NJ,0.2603
28.3,-82.2,557,7,2.0,FL,0.0126
38.8,-90.7,557,303,2.582,MO,0.544
33.9,-79.8,557,3,2.002,SC,0.0054
35.4,-97.3,557,175,2.312,OK,0.3142
40.6,-111.4,556,12,2.018,UT,0.0216
33.4,-87.0,555,240,2.479,AL,0.4324
38.7,-122.6,554,12,1.989,CA,0.0217
42.1,-71.1,554,36,2.043,MA,0.065
29.4,-82.2,554,112,2.231,FL,0.2022
45.9,-119.3,554,31,2.081,OR,0.056
38.3,-121.5,553,106,2.192,CA,0.1917
39.9,-74.2,553,59,2.15,NJ,0.1067
28.2,-81.8,552,168,2.324,FL,0.3043
32.7,-83.7,550,258,2.551,GA,0.4691
39.1,-121.0,550,39,2.089,CA,0.0709
41.6,-81.5,550,177,2.318,OH,0.3218
32.5,-85.0,550,109,2.267,GA,0.1982
39.3,-120.6,550,112,2.233,CA,0.2036
35.3,-81.2,550,146,2.298,NC,0.2655
34.2,-83.6,549,248,2.505,GA,0.4517
36.1,-119.3,549,8,2.007,CA,0.0146
42.5,-83.6,549,236,2.448,MI,0.4299
38.8,-94.5,549,196,2.377,MO,0.357
41.6,-88.2,549,357,2.725,IL,0.6503
34.7,-81.2,549,6,1.998,SC,0.0109
33.2,-80.4,548,211,2.405,SC,0.385
40.5,-74.2,548,39,2.102,NY,0.0712
33.6,-86.6,548,183,2.347,AL,0.3339
29.3,-98.5,548,74,2.126,TX,0.135
36.6,-121.5,548,6,1.987,CA,0.0109
35.6,-80.9,547,182,2.378,NC,0.3327
40.4,-74.1,547,60,2.174,NJ,0.1097
30.7,-91.2,547,2,1.995,LA,0.0037
32.5,-81.0,547,81,2.15,SC,0.1481
32.4,-80.6,546,0,1.989,SC,0.0
41.0,-75.2,546,204,2.487,PA,0.3736
42.7,-83.4,546,290,2.54,MI,0.5311
35.0,-81.1,545,3,1.985,SC,0.0055
33.4,-84.7,545,284,2.642,GA,0.5211
37.8,-121.6,544,27,2.04,CA,0.0496
39.2,-84.7,544,255,2.524,OH,0.4688
43.0,-77.7,543,93,2.166,NY,0.1713
35.1,-85.0,543,82,2.164,TN,0.151
35.6,-78.7,542,29,2.085,NC,0.0535
38.0,-78.7,542,179,2.402,VA,0.3303
33.5,-80.5,542,120,2.225,SC,0.2214
39.2,-119.7,542,83,2.159,NV,0.1531
29.8,-95.8,541,337,2.658,TX,0.6229
30.3,-81.4,541,38,2.096,FL,0.0702
38.0,-78.8,541,89,2.264,VA,0.1645
33.9,-81.4,541,99,2.205,SC,0.183
41.9,-91.7,541,185,2.407,IA,0.342
41.6,-83.5,540,291,2.652,OH,0.5389
26.9,-80.2,540,110,2.259,FL,0.2037
32.8,-80.8,540,231,2.446,SC,0.4278
34.4,-80.1,540,0,1.981,SC,0.0
41.8,-124.2,540,3,2.011,CA,0.0056
27.5,-82.4,539,13,2.02,FL,0.0241
27.5,-81.5,539,12,2.03,FL,0.0223
36.4,-82.5,539,108,2.223,TN,0.2004
43.2,-77.8,539,25,2.046,NY,0.0464
40.1,-75.6,539,15,2.024,PA,0.0278
39.6,-76.0,538,204,2.472,MD,0.3792
47.7,-117.2,538,142,2.266,WA,0.2639
30.6,-81.6,536,86,2.17,FL,0.1604
41.7,-83.5,535,224,2.518,OH,0.4187
34.1,-81.3,535,9,1.998,SC,0.0168
40.6,-77.6,535,33,2.107,PA,0.0617
39.3,-84.3,535,169,2.329,OH,0.3159
42.3,-71.8,535,265,2.49,MA,0.4953
40.9,-78.2,535,66,2.228,PA,0.1234
42.9,-83.8,535,3,2.002,MI,0.0056
41.3,-122.3,535,7,2.022,CA,0.0131
28.2,-81.5,534,6,2.007,FL,0.0112
47.6,-122.1,534,183,2.346,WA,0.3427
34.0,-80.5,534,4,2.004,SC,0.0075
36.2,-95.8,534,62,2.114,OK,0.1161
41.7,-93.5,534,199,2.404,IA,0.3727
28.1,-81.9,533,184,2.34,FL,0.3452
40.4,-76.5,533,140,2.358,PA,0.2627
43.2,-77.4,533,22,2.051,NY,0.0413
39.8,-75.3,532,130,2.314,NJ,0.2444
34.8,-118.2,532,17,2.055,CA,0.032
45.5,-94.2,532,43,2.077,MN,0.0808
41.1,-112.1,532,14,2.019,UT,0.0263
27.7,-82.3,532,7,2.006,FL,0.0132
36.1,-80.0,532,193,2.385,NC,0.3628
33.5,-80.7,531,153,2.296,SC,0.2881
35.9,-79.0,531,143,2.296,NC,0.2693
37.8,-120.9,531,16,2.045,CA,0.0301
43.0,-83.9,531,93,2.186,MI,0.1751
32.6,-85.4,531,277,2.522,AL,0.5217
35.3,-97.6,530,121,2.225,OK,0.2283
37.4,-77.3,530,118,2.251,VA,0.2226
38.6,-78.7,530,188,2.421,VA,0.3547
33.1,-96.8,530,86,2.172,TX,0.1623
39.7,-77.7,530,128,2.34,MD,0.2415
29.1,-81.1,529,182,2.371,FL,0.344
34.1,-117.1,529,5,2.006,CA,0.0095
33.3,-86.8,529,156,2.299,AL,0.2949
39.4,-120.0,529,136,2.27,CA,0.2571
38.4,-122.6,528,19,2.053,CA,0.036
42.9,-83.5,528,19,2.057,MI,0.036
29.3,-98.4,528,212,2.436,TX,0.4015
34.9,-117.1,527,49,2.095,CA,0.093
36.6,-119.8,527,2,1.979,CA,0.0038
34.2,-80.8,527,4,1.998,SC,0.0076
35.9,-84.2,526,182,2.352,TN,0.346
43.0,-123.3,526,49,2.097,OR,0.0932
34.7,-82.0,526,86,2.146,SC,0.1635
45.3,-118.0,526,117,2.375,OR,0.2224
38.1,-85.6,525,293,2.566,KY,0.5581
30.6,-97.7,525,221,2.444,TX,0.421
41.7,-71.4,525,204,2.364,RI,0.3886
41.9,-74.0,525,267,2.55,NY,0.5086
42.2,-83.3,525,285,2.566,MI,0.5429
35.2,-81.5,524,180,2.366,SC,0.3435
44.4,-117.3,524,68,2.204,OR,0.1298
35.1,-120.5,523,12,2.021,CA,0.0229
33.5,-111.8,523,58,2.176,AZ,0.1109
42.3,-71.4,523,242,2.451,MA,0.4627
38.4,-90.4,522,249,2.489,MO,0.477
39.2,-78.2,522,102,2.274,VA,0.1954
40.7,-75.1,521,156,2.349,NJ,0.2994
28.5,-81.1,521,46,2.136,FL,0.0883
34.8,-87.0,521,4,2.002,AL,0.0077
41.5,-73.2,520,170,2.442,CT,0.3269
45.3,-93.7,520,19,2.04,MN,0.0365
39.7,-86.4,518,144,2.319,IN,0.278
36.1,-79.7,518,132,2.303,NC,0.2548
39.6,-86.1,517,146,2.288,IN,0.2824
27.2,-82.4,517,152,2.3,FL,0.294
40.0,-105.2,517,95,2.226,CO,0.1838
42.1,-88.2,517,257,2.524,IL,0.4971
41.1,-96.2,516,74,2.163,NE,0.1434
40.9,-74.7,516,202,2.481,NJ,0.3915
43.1,-77.8,516,50,2.116,NY,0.0969
36.3,-119.1,516,3,2.004,CA,0.0058
33.4,-80.7,514,158,2.315,SC,0.3074
32.2,-81.2,514,141,2.348,GA,0.2743
34.4,-82.6,514,3,1.988,SC,0.0058
34.3,-81.0,512,139,2.27,SC,0.2715
42.5,-71.3,511,12,2.004,MA,0.0235
26.2,-81.8,511,12,2.018,FL,0.0235
36.8,-121.5,511,29,2.07,CA,0.0568
38.2,-121.4,511,99,2.192,CA,0.1937
40.3,-76.0,510,33,2.104,PA,0.0647
37.2,-93.4,508,40,2.096,MO,0.0787
36.3,-119.8,508,6,2.006,CA,0.0118
43.6,-116.6,508,23,2.063,ID,0.0453
43.7,-116.4,507,0,2.0,ID,0.0
45.3,-118.1,507,68,2.209,OR,0.1341
34.6,-83.0,506,6,2.008,SC,0.0119
44.8,-117.8,506,114,2.377,OR,0.2253
40.3,-74.6,506,43,2.117,NJ,0.085
41.7,-73.9,505,29,2.103,NY,0.0574
29.0,-81.2,505,185,2.398,FL,0.3663
38.9,-121.0,504,44,2.079,CA,0.0873
41.6,-81.6,504,224,2.454,OH,0.4444
39.3,-120.4,504,97,2.21,CA,0.1925
39.7,-105.3,503,262,2.734,CO,0.5209
36.0,-119.3,503,6,2.018,CA,0.0119
28.5,-81.0,502,52,2.179,FL,0.1036
35.5,-80.6,502,227,2.53,NC,0.4522
41.0,-78.3,502,88,2.211,PA,0.1753
34.8,-83.0,502,4,1.994,SC,0.008
35.5,-78.3,502,97,2.261,NC,0.1932
38.3,-81.6,502,36,2.108,WV,0.0717
29.9,-95.2,501,32,2.066,TX,0.0639
33.0,-97.3,501,201,2.443,TX,0.4012
34.9,-80.8,501,5,1.982,SC,0.01
36.6,-119.4,501,6,2.014,CA,0.012
41.5,-81.5,500,121,2.182,OH,0.242
36.1,-79.1,500,147,2.382,NC,0.294
42.1,-86.4,500,201,2.498,MI,0.402
36.2,-121.1,500,8,2.014,CA,0.016
35.2,-84.9,499,217,2.481,TN,0.4349
40.7,-111.7,499,72,2.146,UT,0.1443
38.7,-77.8,499,82,2.315,VA,0.1643
34.6,-86.6,499,6,2.006,AL,0.012
43.4,-73.7,498,144,2.331,NY,0.2892
35.2,-119.0,497,10,2.026,CA,0.0201
45.4,-122.4,497,71,2.258,OR,0.1429
34.8,-82.8,496,3,1.98,SC,0.006
26.3,-80.3,496,45,2.121,FL,0.0907
37.3,-119.7,496,14,2.03,CA,0.0282
41.1,-78.5,496,108,2.258,PA,0.2177
29.5,-81.2,495,149,2.347,FL,0.301
29.9,-81.3,494,9,2.026,FL,0.0182
39.1,-119.8,494,29,2.063,NV,0.0587
41.5,-73.6,494,139,2.308,NY,0.2814
32.0,-81.1,493,49,2.089,GA,0.0994
47.8,-122.1,493,65,2.187,WA,0.1318
33.0,-80.7,493,150,2.312,SC,0.3043
37.5,-79.7,493,185,2.497,VA,0.3753
39.2,-84.3,492,196,2.423,OH,0.3984
30.1,-97.6,492,8,2.014,TX,0.0163
32.3,-86.4,492,142,2.35,AL,0.2886
29.1,-82.0,492,5,2.014,FL,0.0102
32.4,-86.4,490,95,2.2,AL,0.1939
28.4,-82.5,490,16,2.041,FL,0.0327
36.2,-80.3,490,76,2.231,NC,0.1551
42.4,-73.8,490,159,2.353,NY,0.3245
40.3,-79.7,490,149,2.418,PA,0.3041
42.8,-71.5,489,22,2.037,NH,0.045
35.6,-119.7,489,59,2.125,CA,0.1207
37.5,-122.5,489,12,2.025,CA,0.0245
39.8,-77.2,488,33,2.1,PA,0.0676
37.0,-121.4,488,19,2.045,CA,0.0389
39.0,-77.6,488,99,2.369,VA,0.2029
43.9,-123.0,487,31,2.07,OR,0.0637
38.0,-84.6,486,27,2.053,KY,0.0556
40.3,-75.7,486,11,2.039,PA,0.0226
41.0,-74.2,486,55,2.148,NJ,0.1132
43.1,-75.6,486,122,2.27,NY,0.251
28.7,-81.9,485,21,2.066,FL,0.0433
42.1,-74.0,485,199,2.431,NY,0.4103
35.7,-119.2,484,5,2.01,CA,0.0103
38.9,-120.0,484,5,2.017,CA,0.0103
40.4,-76.6,483,140,2.35,PA,0.2899
34.7,-83.1,483,8,2.014,SC,0.0166
40.6,-74.7,483,131,2.319,NJ,0.2712
29.6,-90.7,482,54,2.17,LA,0.112
40.2,-77.0,482,81,2.22,PA,0.168
45.6,-121.1,482,22,2.054,OR,0.0456
36.4,-121.3,481,10,2.015,CA,0.0208
42.2,-71.8,481,203,2.445,MA,0.422
28.3,-81.7,481,9,2.017,FL,0.0187
40.8,-111.6,480,115,2.248,UT,0.2396
45.2,-122.9,480,100,2.233,OR,0.2083
38.9,-77.9,480,160,2.413,VA,0.3333
37.2,-80.2,479,162,2.388,VA,0.3382
43.6,-116.5,479,17,2.04,ID,0.0355
44.6,-121.1,479,12,2.04,OR,0.0251
34.7,-82.7,478,5,1.981,SC,0.0105
39.2,-76.5,478,141,2.395,MD,0.295
40.9,-77.7,478,137,2.37,PA,0.2866
42.4,-123.2,478,38,2.086,OR,0.0795
39.4,-74.6,478,42,2.109,NJ,0.0879
33.3,-111.7,477,45,2.138,AZ,0.0943
39.1,-123.2,477,1,1.998,CA,0.0021
34.3,-81.5,477,154,2.323,SC,0.3229
39.8,-74.9,477,71,2.247,NJ,0.1488
39.7,-105.4,477,214,2.725,CO,0.4486
38.3,-85.5,477,270,2.635,KY,0.566
38.8,-121.5,477,13,2.038,CA,0.0273
45.7,-122.7,477,213,2.484,WA,0.4465
34.2,-86.8,476,3,2.0,AL,0.0063
40.3,-74.3,476,71,2.277,NJ,0.1492
44.1,-117.0,475,48,2.171,OR,0.1011
34.4,-81.8,475,153,2.339,SC,0.3221
40.3,-75.2,475,29,2.093,PA,0.0611
40.2,-79.6,475,192,2.549,PA,0.4042
34.3,-119.4,474,5,2.002,CA,0.0105
41.4,-74.1,474,35,2.095,NY,0.0738
34.8,-86.9,474,54,2.108,AL,0.1139
47.5,-121.9,473,202,2.531,WA,0.4271
36.6,-121.7,473,7,2.008,CA,0.0148
36.5,-121.4,472,4,1.992,CA,0.0085
36.1,-79.4,472,190,2.456,NC,0.4025
38.9,-121.2,472,10,2.034,CA,0.0212
38.0,-78.9,471,218,2.51,VA,0.4628
33.3,-117.4,471,95,2.204,CA,0.2017
33.7,-117.6,471,4,2.011,CA,0.0085
33.8,-81.1,471,5,1.994,SC,0.0106
34.7,-80.7,470,7,2.004,SC,0.0149
38.5,-122.4,470,9,2.004,CA,0.0191
39.3,-77.5,469,119,2.448,MD,0.2537
41.2,-73.3,469,34,2.117,CT,0.0725
37.5,-79.8,468,108,2.297,VA,0.2308
34.3,-118.2,468,9,2.028,CA,0.0192
38.2,-120.8,468,6,2.006,CA,0.0128
37.5,-121.2,467,72,2.148,CA,0.1542
28.0,-81.9,467,15,2.013,FL,0.0321
37.7,-121.4,467,22,2.058,CA,0.0471
43.1,-75.4,467,107,2.261,NY,0.2291
30.0,-95.6,466,40,2.084,TX,0.0858
39.6,-76.7,466,146,2.384,MD,0.3133
39.1,-122.9,465,4,2.006,CA,0.0086
43.9,-121.4,464,12,2.041,OR,0.0259
27.2,-80.4,464,192,2.435,FL,0.4138
39.2,-76.9,464,76,2.274,MD,0.1638
39.3,-78.1,464,111,2.334,VA,0.2392
33.1,-80.0,463,2,1.991,SC,0.0043
42.4,-83.5,463,47,2.149,MI,0.1015
44.2,-121.2,463,20,2.073,OR,0.0432
45.6,-118.7,463,81,2.283,OR,0.1749
30.8,-88.1,462,174,2.411,AL,0.3766
43.3,-124.2,462,2,2.006,OR,0.0043
33.8,-117.7,462,7,2.022,CA,0.0152
41.9,-83.4,461,208,2.623,MI,0.4512
39.3,-120.5,460,82,2.198,CA,0.1783
43.1,-76.3,460,165,2.396,NY,0.3587
44.4,-123.1,460,39,2.091,OR,0.0848
42.2,-73.9,459,109,2.288,NY,0.2375
28.0,-80.7,458,123,2.273,FL,0.2686
32.6,-93.8,458,59,2.138,LA,0.1288
36.8,-119.6,458,2,2.0,CA,0.0044
43.0,-77.6,458,91,2.207,NY,0.1987
27.0,-82.0,458,201,2.487,FL,0.4389
45.0,-92.9,457,25,2.053,MN,0.0547
40.6,-89.5,457,164,2.35,IL,0.3589
43.1,-79.0,457,154,2.365,NY,0.337
40.8,-81.4,456,209,2.515,OH,0.4583
40.0,-76.0,456,95,2.401,PA,0.2083
41.6,-87.8,456,240,2.561,IL,0.5263
35.6,-119.2,456,5,2.013,CA,0.011
38.4,-120.8,456,3,2.007,CA,0.0066
40.9,-74.8,455,140,2.343,NJ,0.3077
30.4,-86.4,455,15,2.048,FL,0.033
34.1,-83.8,455,211,2.589,GA,0.4637
32.8,-116.9,455,172,2.387,CA,0.378
37.7,-77.7,455,93,2.226,VA,0.2044
36.1,-79.6,455,139,2.332,NC,0.3055
40.5,-111.4,454,19,2.064,UT,0.0419
41.3,-72.3,454,151,2.394,CT,0.3326
33.1,-80.7,454,211,2.478,SC,0.4648
45.7,-121.3,454,30,2.079,OR,0.0661
37.3,-93.3,454,56,2.134,MO,0.1233
33.9,-80.1,453,150,2.34,SC,0.3311
34.6,-118.0,453,3,2.0,CA,0.0066
41.1,-78.7,453,83,2.234,PA,0.1832
42.4,-123.1,453,32,2.073,OR,0.0706
33.1,-87.5,453,14,2.042,AL,0.0309
40.4,-74.4,452,65,2.243,NJ,0.1438
39.8,-84.9,452,11,2.049,IN,0.0243
35.4,-120.6,452,7,2.022,CA,0.0155
35.2,-90.2,451,75,2.233,AR,0.1663
28.6,-82.4,451,4,1.967,FL,0.0089
38.2,-78.4,451,48,2.182,VA,0.1064
41.6,-83.7,451,166,2.446,OH,0.3681
38.4,-82.3,450,43,2.153,WV,0.0956
32.9,-83.7,450,198,2.533,GA,0.44
33.6,-117.5,450,32,2.113,CA,0.0711
34.6,-120.1,450,4,2.016,CA,0.0089
39.1,-120.9,450,112,2.271,CA,0.2489
39.5,-75.7,450,69,2.251,DE,0.1533
37.0,-122.1,450,2,1.993,CA,0.0044
41.1,-78.8,449,51,2.151,PA,0.1136
33.1,-112.0,449,24,2.067,AZ,0.0535
36.7,-80.7,449,128,2.359,VA,0.2851
43.8,-123.1,449,39,2.096,OR,0.0869
32.0,-81.3,448,135,2.35,GA,0.3013
43.1,-83.9,447,4,2.0,MI,0.0089
40.1,-86.5,445,188,2.548,IN,0.4225
38.7,-90.6,445,229,2.528,MO,0.5146
40.4,-79.7,445,105,2.333,PA,0.236
43.4,-123.3,444,37,2.092,OR,0.0833
28.8,-81.6,444,5,2.002,FL,0.0113
33.8,-81.5,444,197,2.457,SC,0.4437
36.3,-82.3,444,68,2.149,TN,0.1532
39.4,-74.5,444,87,2.327,NJ,0.1959
48.2,-114.3,443,2,2.005,MT,0.0045
33.3,-87.6,443,26,2.079,AL,0.0587
41.1,-96.1,443,16,2.047,NE,0.0361
39.0,-76.1,443,75,2.291,MD,0.1693
45.6,-121.2,443,31,2.086,OR,0.07
36.1,-94.2,442,30,2.109,AR,0.0679
37.4,-120.9,442,11,2.02,CA,0.0249
37.1,-77.4,442,119,2.33,VA,0.2692
46.7,-92.2,442,24,2.059,MN,0.0543
33.0,-80.3,441,2,1.998,SC,0.0045
37.1,-80.4,441,139,2.351,VA,0.3152
33.2,-111.8,440,29,2.08,AZ,0.0659
45.8,-108.5,440,15,2.061,MT,0.0341
32.7,-86.5,440,188,2.448,AL,0.4273
33.4,-80.6,439,156,2.38,SC,0.3554
33.9,-80.7,439,5,1.995,SC,0.0114
46.1,-123.9,439,12,2.041,OR,0.0273
36.7,-82.0,439,115,2.321,VA,0.262
29.7,-81.3,439,79,2.196,FL,0.18
42.2,-88.2,439,54,2.132,IL,0.123
41.0,-75.3,438,188,2.637,PA,0.4292
34.5,-117.4,438,35,2.135,CA,0.0799
40.5,-79.8,438,124,2.352,PA,0.2831
32.9,-80.2,437,1,1.991,SC,0.0023
35.9,-86.8,437,173,2.407,TN,0.3959
33.6,-86.5,436,111,2.266,AL,0.2546
35.7,-83.0,436,143,2.383,NC,0.328
40.7,-80.1,436,200,2.525,PA,0.4587
36.0,-79.9,436,137,2.378,NC,0.3142
39.0,-121.5,436,8,2.03,CA,0.0183
40.4,-75.9,435,38,2.166,PA,0.0874
29.9,-97.9,435,273,2.685,TX,0.6276
34.1,-78.9,435,3,1.998,SC,0.0069
41.2,-73.9,435,32,2.108,NY,0.0736
32.5,-83.7,434,218,2.664,GA,0.5023
39.9,-77.0,434,40,2.182,PA,0.0922
43.1,-70.8,434,92,2.235,NH,0.212
34.7,-86.5,434,8,2.023,AL,0.0184
38.5,-121.2,434,7,2.018,CA,0.0161
42.5,-83.7,433,241,2.589,MI,0.5566
34.3,-82.1,433,2,1.995,SC,0.0046
42.4,-73.5,433,140,2.328,NY,0.3233
41.0,-76.6,433,63,2.215,PA,0.1455
37.3,-120.4,432,1,2.0,CA,0.0023
39.1,-84.3,432,92,2.25,OH,0.213
34.9,-81.8,432,3,1.984,SC,0.0069
38.8,-123.0,432,8,1.993,CA,0.0185
34.6,-117.3,431,67,2.174,CA,0.1555
38.8,-76.1,431,89,2.383,MD,0.2065
30.5,-97.9,430,1,1.984,TX,0.0023
44.9,-123.2,430,16,2.067,OR,0.0372
37.8,-121.0,430,3,2.009,CA,0.007
45.7,-118.8,430,33,2.095,OR,0.0767
44.7,-92.9,430,20,2.042,MN,0.0465
34.2,-84.8,429,208,2.594,GA,0.4848
34.6,-117.8,429,9,2.03,CA,0.021
38.4,-120.7,428,5,2.007,CA,0.0117
44.2,-93.3,428,34,2.079,MN,0.0794
39.2,-120.1,428,2,2.005,CA,0.0047
41.7,-72.9,427,70,2.288,CT,0.1639
42.4,-123.0,427,29,2.082,OR,0.0679
42.4,-71.6,427,231,2.52,MA,0.541
45.4,-94.1,427,70,2.169,MN,0.1639
30.3,-81.9,427,167,2.429,FL,0.3911
39.2,-121.2,427,7,2.016,CA,0.0164
34.5,-81.8,426,154,2.387,SC,0.3615
32.9,-83.6,426,224,2.629,GA,0.5258
38.4,-122.2,426,20,2.059,CA,0.0469
32.2,-80.8,426,4,2.002,SC,0.0094
36.5,-119.4,426,1,1.993,CA,0.0023
40.1,-111.6,425,43,2.12,UT,0.1012
32.9,-80.6,425,2,1.988,SC,0.0047
34.5,-118.5,425,3,2.0,CA,0.0071
38.6,-122.9,425,10,2.007,CA,0.0235
39.1,-76.7,424,87,2.351,MD,0.2052
32.4,-81.0,424,149,2.382,SC,0.3514
36.5,-119.8,423,5,2.002,CA,0.0118
28.4,-81.7,423,11,2.045,FL,0.026
29.1,-82.3,423,6,2.019,FL,0.0142
41.3,-73.6,423,23,2.08,NY,0.0544
37.9,-79.2,423,142,2.437,VA,0.3357
45.3,-121.7,423,41,2.156,OR,0.0969
42.9,-71.5,423,56,2.132,NH,0.1324
41.5,-112.0,422,11,2.024,UT,0.0261
38.7,-122.9,421,2,1.995,CA,0.0048
45.6,-110.9,421,7,2.031,MT,0.0166
28.8,-82.0,421,30,2.105,FL,0.0713
44.3,-94.0,421,3,2.005,MN,0.0071
37.1,-113.6,421,62,2.152,UT,0.1473
40.6,-74.9,421,189,2.499,NJ,0.4489
39.9,-104.8,420,129,2.395,CO,0.3071
44.1,-92.5,420,3,2.002,MN,0.0071
34.4,-117.5,419,14,2.055,CA,0.0334
32.3,-81.0,419,3,2.007,SC,0.0072
38.7,-78.7,419,109,2.327,VA,0.2601
39.0,-122.7,419,5,2.014,CA,0.0119
33.2,-87.3,418,140,2.344,AL,0.3349
28.8,-82.1,418,137,2.392,FL,0.3278
43.0,-78.4,418,173,2.428,NY,0.4139
35.0,-81.2,417,0,1.983,SC,0.0
34.6,-79.7,417,5,2.007,SC,0.012
41.4,-75.7,417,150,2.436,PA,0.3597
41.4,-72.8,417,142,2.408,CT,0.3405
38.9,-121.3,417,6,2.01,CA,0.0144
43.3,-77.7,417,18,2.06,NY,0.0432
32.5,-80.7,417,5,2.007,SC,0.012
33.8,-80.4,417,9,2.031,SC,0.0216
39.9,-122.2,416,29,2.067,CA,0.0697
40.3,-79.9,416,113,2.454,PA,0.2716
37.9,-122.6,415,17,2.036,CA,0.041
40.6,-74.4,413,129,2.351,NJ,0.3123
38.0,-122.4,413,5,2.005,CA,0.0121
38.5,-122.5,413,12,2.039,CA,0.0291
33.9,-112.1,413,116,2.315,AZ,0.2809
33.8,-117.4,412,6,2.022,CA,0.0146
39.3,-121.0,412,12,2.051,CA,0.0291
38.0,-78.6,412,130,2.381,VA,0.3155
40.3,-79.5,412,83,2.388,PA,0.2015
41.0,-76.8,412,111,2.4,PA,0.2694
30.2,-82.6,412,85,2.24,FL,0.2063
43.7,-123.2,412,32,2.09,OR,0.0777
45.4,-93.0,412,103,2.257,MN,0.25
36.0,-78.6,411,16,2.051,NC,0.0389
36.2,-115.2,411,54,2.175,NV,0.1314
40.2,-122.2,411,43,2.117,CA,0.1046
34.8,-82.1,410,3,1.985,SC,0.0073
41.6,-72.8,410,63,2.193,CT,0.1537
35.2,-106.7,410,7,1.988,NM,0.0171
39.3,-121.1,410,2,2.007,CA,0.0049
39.5,-76.4,409,77,2.34,MD,0.1883
42.6,-83.0,409,81,2.313,MI,0.198
33.9,-81.5,409,5,2.01,SC,0.0122
41.5,-72.1,409,129,2.408,CT,0.3154
38.7,-122.0,408,23,2.056,CA,0.0564
36.4,-119.8,408,3,1.995,CA,0.0074
39.1,-122.8,408,0,1.995,CA,0.0
39.1,-94.9,408,56,2.169,KS,0.1373
39.4,-75.7,408,43,2.154,DE,0.1054
38.3,-122.4,407,5,2.007,CA,0.0123
35.4,-78.5,407,125,2.396,NC,0.3071
37.1,-120.2,407,9,2.005,CA,0.0221
37.3,-80.2,407,130,2.354,VA,0.3194
45.3,-122.9,406,15,2.057,OR,0.0369
34.1,-79.7,406,2,1.995,SC,0.0049
41.3,-72.7,406,133,2.397,CT,0.3276
39.8,-121.9,406,11,2.037,CA,0.0271
45.7,-111.1,405,4,2.017,MT,0.0099
30.1,-81.7,405,16,2.059,FL,0.0395
33.4,-79.3,405,2,2.0,SC,0.0049
36.0,-83.8,405,149,2.39,TN,0.3679
37.6,-121.8,404,25,2.087,CA,0.0619
41.4,-72.2,404,149,2.475,CT,0.3688
34.8,-79.0,404,131,2.406,NC,0.3243
36.6,-119.5,403,3,2.0,CA,0.0074
41.0,-76.5,403,62,2.238,PA,0.1538
40.2,-82.9,402,19,2.057,OH,0.0473
37.2,-80.3,402,46,2.144,VA,0.1144
43.1,-83.5,402,15,2.067,MI,0.0373
34.2,-117.9,401,15,2.062,CA,0.0374
43.1,-85.6,401,23,2.057,MI,0.0574
40.3,-74.8,401,136,2.424,NJ,0.3392
40.8,-76.8,400,27,2.108,PA,0.0675
41.4,-73.1,400,82,2.37,CT,0.205
29.7,-82.5,400,23,2.075,FL,0.0575
37.2,-119.7,400,2,1.998,CA,0.005
39.5,-120.0,400,117,2.343,NV,0.2925
40.2,-83.1,400,9,2.035,OH,0.0225
27.1,-82.3,400,98,2.253,FL,0.245
38.0,-122.6,400,4,2.013,CA,0.01
41.5,-73.7,400,158,2.438,NY,0.395
43.8,-93.3,400,61,2.153,MN,0.1525
36.0,-120.0,399,51,2.138,CA,0.1278
38.2,-121.2,399,2,1.995,CA,0.005
34.2,-80.3,399,128,2.318,SC,0.3208
39.5,-74.5,399,26,2.075,NJ,0.0652
42.1,-71.0,399,3,1.867,MA,0.0075
39.7,-74.3,398,26,2.085,NJ,0.0653
47.7,-122.1,398,53,2.148,WA,0.1332
33.7,-112.3,398,15,2.013,AZ,0.0377
35.1,-81.2,398,3,2.003,SC,0.0075
40.2,-75.9,398,164,2.465,PA,0.4121
41.9,-71.0,398,105,2.246,MA,0.2638
39.0,-94.2,397,120,2.325,MO,0.3023
31.8,-106.2,397,3,1.955,TX,0.0076
34.2,-86.9,397,120,2.307,AL,0.3023
39.0,-122.9,397,3,2.008,CA,0.0076
30.6,-87.2,397,12,2.035,FL,0.0302
34.3,-80.6,397,2,1.995,SC,0.005
39.9,-75.5,397,28,2.121,PA,0.0705
34.3,-79.8,397,5,1.99,SC,0.0126
36.4,-119.4,397,5,2.013,CA,0.0126
36.8,-76.6,397,42,2.186,VA,0.1058
31.7,-106.4,396,5,1.98,TX,0.0126
34.3,-82.2,396,6,2.02,SC,0.0152
38.4,-120.6,396,9,2.028,CA,0.0227
41.1,-111.8,396,122,2.308,UT,0.3081
42.2,-83.6,396,189,2.596,MI,0.4773
28.6,-81.1,396,6,2.003,FL,0.0152
39.2,-121.6,395,19,2.081,CA,0.0481
34.2,-80.0,395,83,2.215,SC,0.2101
42.3,-71.5,395,222,2.562,MA,0.562
41.2,-76.8,394,51,2.175,PA,0.1294
41.7,-83.7,394,137,2.391,OH,0.3477
36.7,-119.5,394,7,2.015,CA,0.0178
43.0,-77.2,394,150,2.388,NY,0.3807
38.0,-120.2,394,9,2.03,CA,0.0228
40.8,-124.2,394,4,2.008,CA,0.0102
44.4,-93.3,394,35,2.096,MN,0.0888
32.4,-90.1,394,153,2.411,MS,0.3883
38.1,-85.8,394,34,2.117,KY,0.0863
44.9,-123.1,393,9,2.031,OR,0.0229
38.4,-122.3,393,6,1.987,CA,0.0153
30.1,-90.4,391,228,2.668,LA,0.5831
39.9,-77.6,391,130,2.468,PA,0.3325
41.1,-76.9,390,68,2.272,PA,0.1744
36.7,-76.2,390,3,2.003,VA,0.0077
38.0,-121.4,389,115,2.298,CA,0.2956
33.8,-86.8,389,120,2.314,AL,0.3085
38.0,-79.1,389,130,2.468,VA,0.3342
45.6,-94.2,389,8,2.015,MN,0.0206
35.1,-82.2,389,3,1.979,SC,0.0077
42.5,-71.4,389,6,2.0,MA,0.0154
30.1,-89.9,388,87,2.258,LA,0.2242
35.6,-83.0,388,92,2.343,NC,0.2371
34.4,-81.7,388,176,2.469,SC,0.4536
33.3,-82.0,388,15,2.003,GA,0.0387
41.4,-75.6,388,108,2.335,PA,0.2784
45.6,-122.2,387,200,2.972,WA,0.5168
33.7,-85.0,387,217,2.739,GA,0.5607
38.1,-121.6,387,26,2.085,CA,0.0672
43.0,-85.8,386,107,2.241,MI,0.2772
45.6,-94.1,386,6,2.021,MN,0.0155
32.6,-117.0,386,209,2.539,CA,0.5415
34.9,-80.9,386,1,1.987,SC,0.0026
43.2,-75.5,386,10,2.047,NY,0.0259
30.1,-82.7,386,101,2.285,FL,0.2617
33.4,-80.5,386,106,2.285,SC,0.2746
42.3,-83.8,385,166,2.626,MI,0.4312
44.3,-88.4,385,156,2.512,WI,0.4052
34.3,-117.2,385,4,2.016,CA,0.0104
39.9,-84.3,384,68,2.13,OH,0.1771
33.7,-84.0,384,217,2.703,GA,0.5651
37.3,-76.5,384,43,2.177,VA,0.112
27.0,-82.3,384,14,2.052,FL,0.0365
44.5,-88.0,384,84,2.276,WI,0.2188
45.2,-93.7,383,69,2.188,MN,0.1802
42.3,-73.9,383,148,2.407,NY,0.3864
42.0,-122.6,383,10,2.037,OR,0.0261
37.4,-118.4,383,2,2.003,CA,0.0052
44.9,-93.6,383,27,2.102,MN,0.0705
41.4,-122.4,382,17,2.073,CA,0.0445
35.4,-119.3,382,23,2.076,CA,0.0602
35.4,-119.2,381,5,2.024,CA,0.0131
38.9,-94.9,381,26,2.105,KS,0.0682
36.6,-119.3,381,1,1.997,CA,0.0026
40.2,-80.2,380,133,2.508,PA,0.35
37.9,-79.3,380,96,2.311,VA,0.2526
32.7,-80.9,380,99,2.261,SC,0.2605
41.0,-73.5,379,118,2.317,CT,0.3113
42.6,-71.0,379,141,2.38,MA,0.372
27.0,-82.2,379,20,2.079,FL,0.0528
33.4,-81.8,379,1,1.987,SC,0.0026
36.1,-79.2,379,102,2.306,NC,0.2691
34.1,-83.9,378,199,2.614,GA,0.5265
41.6,-74.1,378,30,2.101,NY,0.0794
38.9,-122.6,378,6,2.021,CA,0.0159
32.6,-96.7,378,226,2.653,TX,0.5979
39.3,-84.6,378,162,2.455,OH,0.4286
41.4,-74.3,377,30,2.141,NY,0.0796
36.7,-120.0,377,1,1.997,CA,0.0027
40.5,-80.2,376,117,2.38,PA,0.3112
44.3,-92.7,375,9,2.032,MN,0.024
34.0,-81.4,375,3,2.003,SC,0.008
37.3,-79.2,375,40,2.2,VA,0.1067
38.9,-78.1,375,114,2.392,VA,0.304
37.6,-121.1,375,5,2.003,CA,0.0133
32.6,-83.7,375,169,2.613,GA,0.4507
44.7,-93.6,375,7,2.019,MN,0.0187
34.9,-86.6,374,8,2.024,AL,0.0214
36.9,-119.9,374,6,2.003,CA,0.016
36.0,-78.8,374,98,2.372,NC,0.262
38.4,-121.3,374,5,2.024,CA,0.0134
28.1,-82.6,374,19,2.024,FL,0.0508
42.5,-70.9,374,10,2.005,MA,0.0267
33.4,-81.9,373,3,1.997,SC,0.008
47.1,-122.3,373,30,2.086,WA,0.0804
39.3,-94.4,373,100,2.29,MO,0.2681
33.0,-83.9,372,152,2.487,GA,0.4086
35.0,-118.9,372,40,2.113,CA,0.1075
38.3,-85.9,372,189,2.551,IN,0.5081
39.2,-77.5,372,89,2.449,VA,0.2392
32.5,-84.9,372,166,2.559,GA,0.4462
34.5,-82.1,372,7,2.0,SC,0.0188
43.0,-78.0,372,139,2.374,NY,0.3737
37.3,-119.6,371,2,2.005,CA,0.0054
47.2,-122.2,371,46,2.137,WA,0.124
33.2,-96.6,370,47,2.143,TX,0.127
34.9,-90.0,370,117,2.368,MS,0.3162
45.3,-122.6,370,23,2.068,OR,0.0622
36.0,-119.0,370,0,2.0,CA,0.0
38.9,-77.6,370,54,2.27,VA,0.1459
32.3,-90.1,369,72,2.233,MS,0.1951
39.2,-120.0,369,7,2.027,CA,0.019
42.1,-72.6,369,174,2.528,MA,0.4715
35.2,-82.2,369,71,2.201,SC,0.1924
36.6,-80.7,369,95,2.314,VA,0.2575
43.8,-123.0,369,46,2.136,OR,0.1247
33.9,-98.6,369,0,2.0,TX,0.0
39.6,-75.9,369,67,2.339,MD,0.1816
31.4,-89.3,369,93,2.274,MS,0.252
39.0,-122.8,369,2,2.008,CA,0.0054
35.8,-86.4,368,158,2.514,TN,0.4293
37.6,-121.2,368,8,2.014,CA,0.0217
30.6,-81.5,368,7,2.024,FL,0.019
42.5,-122.8,368,9,2.043,OR,0.0245
40.7,-78.2,368,64,2.247,PA,0.1739
40.6,-124.2,367,5,2.014,CA,0.0136
41.6,-71.5,367,13,2.019,RI,0.0354
42.0,-74.0,367,38,2.166,NY,0.1035
45.6,-122.9,367,38,2.166,OR,0.1035
28.7,-80.9,367,77,2.218,FL,0.2098
33.2,-84.3,367,105,2.52,GA,0.2861
35.1,-78.8,367,105,2.362,NC,0.2861
37.5,-121.0,366,5,2.011,CA,0.0137
36.9,-119.7,366,2,2.003,CA,0.0055
28.4,-82.3,366,121,2.355,FL,0.3306
35.3,-120.8,366,0,1.995,CA,0.0
36.1,-79.5,366,118,2.328,NC,0.3224
33.7,-81.7,365,97,2.266,SC,0.2658
30.3,-91.1,365,6,1.995,LA,0.0164
34.9,-81.1,365,5,1.992,SC,0.0137
33.9,-80.5,365,5,2.014,SC,0.0137
39.0,-121.4,365,6,2.008,CA,0.0164
34.1,-119.1,365,14,2.058,CA,0.0384
41.3,-72.4,365,104,2.386,CT,0.2849
41.8,-88.3,365,191,2.614,IL,0.5233
33.2,-80.1,364,8,2.011,SC,0.022
38.8,-76.8,364,48,2.203,MD,0.1319
38.8,-122.6,364,2,2.008,CA,0.0055
39.3,-74.6,363,8,2.025,NJ,0.022
43.0,-76.9,363,133,2.394,NY,0.3664
32.5,-86.5,363,112,2.339,AL,0.3085
45.5,-94.1,363,40,2.11,MN,0.1102
40.6,-75.8,363,153,2.532,PA,0.4215
40.2,-79.7,362,114,2.478,PA,0.3149
45.3,-118.2,362,48,2.21,OR,0.1326
33.7,-84.9,362,170,2.572,GA,0.4696
42.9,-71.3,362,118,2.337,NH,0.326
46.1,-122.9,362,95,2.301,WA,0.2624
28.7,-82.1,362,109,2.34,FL,0.3011
39.5,-77.5,362,48,2.227,MD,0.1326
42.2,-83.5,362,184,2.525,MI,0.5083
35.5,-119.2,361,6,2.017,CA,0.0166
42.7,-84.6,361,192,2.867,MI,0.5319
28.3,-81.2,361,5,2.008,FL,0.0139
41.5,-87.7,361,243,2.731,IL,0.6731
30.6,-84.7,360,90,2.283,FL,0.25
39.1,-77.8,360,37,2.169,VA,0.1028
43.1,-76.6,360,178,2.508,NY,0.4944
37.7,-121.3,360,28,2.083,CA,0.0778
33.1,-111.8,360,154,2.492,AZ,0.4278
39.8,-105.2,359,113,2.571,CO,0.3148
40.9,-77.8,359,33,2.128,PA,0.0919
40.0,-85.8,359,155,2.526,IN,0.4318
40.0,-86.0,359,138,2.443,IN,0.3844
41.3,-74.2,359,30,2.123,NY,0.0836
42.7,-88.0,359,187,2.624,WI,0.5209
29.4,-81.2,359,120,2.379,FL,0.3343
35.9,-78.4,359,16,2.07,NC,0.0446
38.7,-90.0,359,250,2.774,IL,0.6964
38.7,-77.1,358,38,2.17,VA,0.1061
38.7,-90.7,358,195,2.589,MO,0.5447
34.8,-80.8,357,1,1.969,SC,0.0028
38.1,-121.7,357,22,2.106,CA,0.0616
25.8,-80.5,356,7,2.034,FL,0.0197
37.2,-122.1,356,15,2.07,CA,0.0421
37.4,-76.5,356,46,2.233,VA,0.1292
39.6,-106.1,356,125,2.553,CO,0.3511
42.2,-70.9,355,10,1.972,MA,0.0282
40.6,-122.3,355,2,2.008,CA,0.0056
38.2,-121.6,355,9,2.039,CA,0.0254
38.2,-120.7,355,6,2.014,CA,0.0169
43.0,-78.2,355,153,2.448,NY,0.431
41.6,-87.9,354,237,2.686,IL,0.6695
34.4,-119.0,354,10,2.04,CA,0.0282
42.3,-123.6,354,14,2.071,OR,0.0395
45.5,-94.3,354,16,2.045,MN,0.0452
34.2,-84.5,354,164,2.599,GA,0.4633
34.3,-118.1,354,25,2.107,CA,0.0706
42.3,-85.4,354,166,2.534,MI,0.4689
43.0,-78.7,354,135,2.424,NY,0.3814
29.1,-81.3,353,9,2.034,FL,0.0255
36.0,-79.1,353,98,2.331,NC,0.2776
32.2,-111.1,353,5,1.986,AZ,0.0142
39.8,-76.9,353,44,2.204,PA,0.1246
45.6,-93.0,353,71,2.204,MN,0.2011
40.6,-76.0,352,135,2.565,PA,0.3835
45.8,-119.3,352,21,2.099,OR,0.0597
36.8,-121.4,352,0,1.989,CA,0.0
34.4,-118.9,352,9,2.028,CA,0.0256
35.2,-118.9,352,19,2.065,CA,0.054
37.1,-80.6,352,92,2.304,VA,0.2614
37.2,-76.5,352,59,2.25,VA,0.1676
41.6,-72.6,351,42,2.214,CT,0.1197
44.2,-88.5,350,133,2.44,WI,0.38
34.5,-81.0,350,116,2.346,SC,0.3314
42.1,-75.9,350,108,2.363,NY,0.3086
43.2,-124.2,350,14,2.066,OR,0.04
47.3,-122.6,350,24,2.074,WA,0.0686
42.8,-123.3,350,26,2.074,OR,0.0743
38.6,-122.8,349,9,2.02,CA,0.0258
39.3,-94.6,349,40,2.143,MO,0.1146
37.1,-120.9,349,5,2.0,CA,0.0143
41.8,-124.1,349,5,2.029,CA,0.0143
33.0,-83.8,349,204,2.67,GA,0.5845
34.7,-81.9,349,80,2.229,SC,0.2292
35.8,-119.1,349,14,2.066,CA,0.0401
43.4,-124.2,349,2,2.009,OR,0.0057
42.0,-70.7,348,9,1.971,MA,0.0259
40.1,-76.7,348,24,2.118,PA,0.069
41.0,-76.4,348,37,2.129,PA,0.1063
40.0,-83.2,348,117,2.359,OH,0.3362
28.1,-82.3,348,13,2.032,FL,0.0374
39.8,-75.8,348,11,2.046,PA,0.0316
39.5,-119.9,347,110,2.323,NV,0.317
40.6,-73.7,347,31,2.13,NY,0.0893
43.3,-123.4,347,14,2.043,OR,0.0403
40.5,-76.4,347,132,2.545,PA,0.3804
41.3,-81.6,347,196,2.585,OH,0.5648
29.0,-81.0,347,154,2.493,FL,0.4438
42.7,-84.7,347,221,3.026,MI,0.6369
34.0,-80.0,347,132,2.386,SC,0.3804
36.1,-79.3,347,83,2.268,NC,0.2392
36.8,-76.5,347,22,2.107,VA,0.0634
37.1,-120.3,347,11,2.049,CA,0.0317
43.9,-93.3,346,18,2.058,MN,0.052
45.4,-122.3,346,46,2.205,OR,0.1329
39.5,-106.2,346,113,2.564,CO,0.3266
41.7,-122.6,346,24,2.078,CA,0.0694
43.1,-75.7,346,150,2.439,NY,0.4335
36.0,-78.7,346,33,2.173,NC,0.0954
37.7,-79.5,346,82,2.329,VA,0.237
32.5,-93.9,345,36,2.116,LA,0.1043
34.8,-86.5,345,11,2.038,AL,0.0319
41.3,-81.5,345,117,2.362,OH,0.3391
28.7,-81.8,345,14,2.075,FL,0.0406
32.2,-81.0,345,0,1.986,SC,0.0
29.5,-98.3,344,110,2.346,TX,0.3198
32.1,-111.1,344,6,1.991,AZ,0.0174
26.5,-82.0,344,4,2.003,FL,0.0116
39.8,-85.8,344,137,2.532,IN,0.3983
40.3,-76.4,344,17,2.099,PA,0.0494
45.4,-118.4,344,30,2.122,OR,0.0872
34.4,-119.4,344,6,2.023,CA,0.0174
30.4,-98.1,343,5,2.029,TX,0.0146
30.5,-88.3,343,94,2.292,AL,0.2741
34.0,-79.2,343,5,2.006,SC,0.0146
42.2,-73.8,343,32,2.155,NY,0.0933
36.7,-78.1,343,95,2.364,VA,0.277
44.3,-117.2,343,30,2.149,OR,0.0875
29.7,-95.1,343,57,2.219,TX,0.1662
34.3,-117.3,343,27,2.146,CA,0.0787
44.1,-93.2,343,37,2.114,MN,0.1079
30.4,-90.1,342,204,2.684,LA,0.5965
39.0,-123.1,342,9,2.041,CA,0.0263
33.9,-80.8,342,3,2.0,SC,0.0088
34.8,-81.0,342,18,2.05,SC,0.0526
35.1,-118.2,342,6,2.029,CA,0.0175
38.4,-85.8,342,119,2.421,IN,0.348
37.8,-121.9,341,1,1.994,CA,0.0029
41.9,-73.9,341,18,2.082,NY,0.0528
39.7,-75.4,341,57,2.235,NJ,0.1672
34.6,-81.9,341,67,2.196,SC,0.1965
36.9,-121.5,341,6,2.012,CA,0.0176
30.4,-86.8,341,8,2.018,FL,0.0235
39.3,-121.7,341,9,2.032,CA,0.0264
34.2,-80.2,340,115,2.347,SC,0.3382
34.6,-82.3,340,4,1.991,SC,0.0118
36.3,-121.2,340,8,2.012,CA,0.0235
40.7,-124.2,340,1,1.997,CA,0.0029
35.8,-119.2,340,6,2.026,CA,0.0176
30.5,-90.5,339,194,2.614,LA,0.5723
34.6,-86.8,339,221,2.67,AL,0.6519
38.5,-85.8,339,146,2.513,IN,0.4307
40.4,-111.6,339,8,2.035,UT,0.0236
43.0,-76.2,339,39,2.165,NY,0.115
43.3,-73.6,339,21,2.106,NY,0.0619
42.2,-123.6,338,11,2.047,OR,0.0325
44.7,-93.0,338,23,2.074,MN,0.068
28.4,-82.2,338,13,2.05,FL,0.0385
30.3,-92.1,338,2,1.967,LA,0.0059
39.6,-78.8,338,143,2.648,MD,0.4231
41.6,-83.6,338,95,2.299,OH,0.2811
32.5,-90.1,337,116,2.377,MS,0.3442
37.7,-120.8,337,6,2.027,CA,0.0178
35.5,-83.0,336,45,2.179,NC,0.1339
38.8,-94.9,336,113,2.36,KS,0.3363
37.6,-79.6,336,79,2.28,VA,0.2351
33.9,-86.5,336,1,1.991,AL,0.003
37.6,-77.7,335,27,2.125,VA,0.0806
39.7,-111.8,335,118,2.385,UT,0.3522
44.6,-93.0,335,20,2.084,MN,0.0597
35.3,-118.8,335,17,2.069,CA,0.0507
40.0,-86.4,335,140,2.534,IN,0.4179
40.1,-79.4,334,162,2.581,PA,0.485
40.4,-74.6,334,61,2.296,NJ,0.1826
30.1,-91.9,334,5,1.991,LA,0.015
34.5,-117.6,334,6,2.018,CA,0.018
37.4,-121.1,334,45,2.12,CA,0.1347
38.2,-121.1,334,2,1.982,CA,0.006
38.3,-90.4,334,213,2.704,MO,0.6377
41.2,-76.9,334,43,2.234,PA,0.1287
30.3,-83.0,333,125,2.408,FL,0.3754
33.9,-86.8,333,40,2.105,AL,0.1201
45.6,-123.1,333,32,2.153,OR,0.0961
33.3,-84.8,333,153,2.598,GA,0.4595
39.4,-123.8,333,4,2.012,CA,0.012
27.6,-80.5,332,138,2.449,FL,0.4157
30.7,-87.8,332,92,2.301,AL,0.2771
38.4,-75.1,332,25,2.13,MD,0.0753
39.3,-119.8,332,56,2.202,NV,0.1687
39.9,-76.2,332,20,2.108,PA,0.0602
35.5,-82.9,331,72,2.335,NC,0.2175
39.7,-104.7,331,95,2.399,CO,0.287
43.2,-87.9,331,115,2.39,WI,0.3474
33.1,-86.7,331,128,2.426,AL,0.3867
30.0,-89.9,331,46,2.169,LA,0.139
37.8,-77.9,331,51,2.227,VA,0.1541
42.9,-71.4,331,90,2.284,NH,0.2719
38.4,-122.4,330,10,2.012,CA,0.0303
42.3,-85.5,330,120,2.448,MI,0.3636
28.9,-82.4,330,7,2.03,FL,0.0212
43.0,-77.0,330,122,2.373,NY,0.3697
33.8,-84.1,330,51,2.176,GA,0.1545
36.4,-86.7,330,107,2.403,TN,0.3242
45.0,-117.9,330,27,2.13,OR,0.0818
40.3,-78.8,329,23,2.125,PA,0.0699
34.0,-112.1,329,106,2.35,AZ,0.3222
46.2,-123.8,329,14,2.058,OR,0.0426
27.6,-82.4,329,21,2.061,FL,0.0638
37.5,-120.0,329,0,1.994,CA,0.0
38.6,-121.8,329,6,2.015,CA,0.0182
35.3,-84.8,329,117,2.395,TN,0.3556
41.2,-122.3,329,8,2.03,CA,0.0243
41.3,-81.8,329,147,2.453,OH,0.4468
42.6,-88.0,329,144,2.471,WI,0.4377
36.3,-94.2,328,25,2.091,AR,0.0762
38.8,-120.6,328,2,1.985,CA,0.0061
40.4,-80.2,328,105,2.372,PA,0.3201
39.4,-84.4,328,93,2.305,OH,0.2835
42.9,-78.7,328,116,2.454,NY,0.3537
34.6,-81.0,327,97,2.312,SC,0.2966
35.5,-97.4,327,31,2.076,OK,0.0948
37.7,-97.4,327,41,2.156,KS,0.1254
28.9,-82.5,327,2,1.997,FL,0.0061
45.3,-122.7,327,60,2.223,OR,0.1835
35.4,-119.4,327,37,2.119,CA,0.1131
34.2,-80.4,327,134,2.425,SC,0.4098
34.2,-79.3,327,1,1.994,SC,0.0031
34.3,-80.1,327,3,1.994,SC,0.0092
33.4,-117.5,326,64,2.196,CA,0.1963
42.3,-85.2,326,143,2.589,MI,0.4387
32.7,-114.6,326,42,2.141,CA,0.1288
29.6,-98.7,326,10,2.028,TX,0.0307
35.5,-82.8,325,107,2.366,NC,0.3292
42.8,-88.0,325,160,2.511,WI,0.4923
42.9,-74.2,325,104,2.351,NY,0.32
46.1,-123.0,325,19,2.077,OR,0.0585
38.3,-122.6,325,9,2.034,CA,0.0277
40.1,-75.8,325,45,2.234,PA,0.1385
38.0,-121.1,324,8,2.034,CA,0.0247
46.0,-92.9,324,21,2.059,MN,0.0648
32.4,-86.0,324,177,2.568,AL,0.5463
35.6,-118.5,324,9,2.049,CA,0.0278
41.3,-75.8,324,123,2.454,PA,0.3796
33.0,-85.0,324,155,2.682,GA,0.4784
43.2,-88.1,323,155,2.533,WI,0.4799
39.0,-76.2,323,34,2.189,MD,0.1053
38.9,-84.6,323,152,2.539,KY,0.4706
33.2,-84.1,323,148,2.573,GA,0.4582
38.1,-120.5,323,2,2.012,CA,0.0062
42.9,-73.9,323,44,2.248,NY,0.1362
35.7,-120.7,322,0,1.994,CA,0.0
40.7,-77.6,322,22,2.127,PA,0.0683
41.2,-81.5,322,39,2.137,OH,0.1211
32.1,-81.3,322,97,2.382,GA,0.3012
42.6,-83.1,322,139,2.525,MI,0.4317
39.7,-75.0,322,38,2.205,NJ,0.118
38.0,-78.2,322,107,2.429,VA,0.3323
45.7,-93.0,322,58,2.18,MN,0.1801
34.6,-82.9,321,8,2.022,SC,0.0249
39.6,-77.4,321,57,2.302,MD,0.1776
27.6,-81.5,321,8,2.037,FL,0.0249
29.6,-82.3,321,19,2.093,FL,0.0592
35.4,-94.4,321,17,2.072,AR,0.053
43.2,-83.9,321,10,2.062,MI,0.0312
39.4,-123.4,320,2,2.003,CA,0.0062
39.8,-121.6,320,0,1.997,CA,0.0
43.9,-92.5,320,9,2.031,MN,0.0281
44.5,-88.1,320,90,2.319,WI,0.2812
37.9,-121.5,320,18,2.059,CA,0.0562
45.7,-118.7,320,17,2.078,OR,0.0531
28.1,-80.6,319,20,2.088,FL,0.0627
34.2,-79.4,319,1,1.994,SC,0.0031
38.7,-120.6,319,0,2.0,CA,0.0
45.3,-121.8,319,23,2.122,OR,0.0721
42.3,-87.8,319,40,2.125,IL,0.1254
35.1,-118.4,319,11,2.053,CA,0.0345
35.7,-119.7,319,57,2.191,CA,0.1787
36.2,-119.4,319,2,2.003,CA,0.0063
29.8,-81.3,318,16,2.079,FL,0.0503
40.4,-111.5,318,16,2.072,UT,0.0503
45.1,-123.0,318,4,2.0,OR,0.0126
45.8,-119.2,318,25,2.116,OR,0.0786
35.3,-119.3,318,27,2.097,CA,0.0849
37.1,-80.5,318,65,2.245,VA,0.2044
43.1,-88.4,318,138,2.494,WI,0.434
43.2,-86.2,318,30,2.142,MI,0.0943
41.2,-95.8,317,146,2.502,IA,0.4606
36.2,-115.1,317,46,2.208,NV,0.1451
41.5,-87.6,317,73,2.297,IL,0.2303
38.3,-81.7,316,15,2.07,WV,0.0475
36.2,-94.2,316,28,2.123,AR,0.0886
41.4,-74.4,316,85,2.335,NY,0.269
45.7,-121.4,316,18,2.063,OR,0.057
40.1,-123.8,316,1,2.003,CA,0.0032
28.2,-82.8,315,4,1.978,FL,0.0127
36.3,-82.5,314,4,2.003,TN,0.0127
39.8,-85.9,314,116,2.503,IN,0.3694
42.0,-93.6,314,89,2.341,IA,0.2834
42.1,-76.0,314,48,2.201,NY,0.1529
30.5,-84.6,314,98,2.35,FL,0.3121
38.9,-77.8,314,115,2.449,VA,0.3662
35.5,-80.8,314,13,2.08,NC,0.0414
40.7,-89.5,314,3,2.006,IL,0.0096
40.8,-76.9,314,16,2.099,PA,0.051
43.2,-83.5,314,7,2.029,MI,0.0223
41.9,-72.4,313,114,2.546,CT,0.3642
43.1,-71.5,313,100,2.323,NH,0.3195
29.9,-82.5,313,150,2.502,FL,0.4792
38.0,-79.2,313,40,2.224,VA,0.1278
38.1,-78.9,313,83,2.393,VA,0.2652
43.0,-77.5,313,16,2.061,NY,0.0511
30.3,-95.5,313,182,2.607,TX,0.5815
38.3,-120.9,313,2,2.01,CA,0.0064
30.7,-85.2,312,70,2.253,FL,0.2244
40.5,-124.1,312,4,2.019,CA,0.0128
27.1,-82.5,312,12,2.061,FL,0.0385
33.9,-79.7,312,1,1.984,SC,0.0032
35.7,-80.9,312,78,2.304,NC,0.25
29.1,-81.0,312,98,2.324,FL,0.3141
40.5,-122.4,312,21,2.071,CA,0.0673
48.5,-122.3,312,158,2.583,WA,0.5064
43.0,-79.0,312,82,2.24,NY,0.2628
33.3,-97.2,312,138,2.49,TX,0.4423
33.4,-84.1,312,171,2.606,GA,0.5481
34.0,-78.9,312,4,2.0,SC,0.0128
45.1,-123.6,312,21,2.128,OR,0.0673
36.7,-81.9,311,96,2.395,VA,0.3087
34.0,-78.8,311,0,1.981,SC,0.0
35.2,-90.1,311,102,2.376,AR,0.328
43.2,-75.4,311,6,2.039,NY,0.0193
33.3,-87.0,311,148,2.495,AL,0.4759
34.9,-120.5,311,10,2.045,CA,0.0322
37.3,-76.6,311,167,2.662,VA,0.537
42.7,-83.3,310,176,2.594,MI,0.5677
34.3,-77.9,310,84,2.39,NC,0.271
41.4,-78.6,310,15,2.084,PA,0.0484
43.5,-123.3,309,17,2.055,OR,0.055
39.3,-123.3,309,1,2.006,CA,0.0032
41.5,-112.1,309,89,2.314,UT,0.288
36.0,-80.4,309,133,2.515,NC,0.4304
42.6,-79.1,308,110,2.416,NY,0.3571
47.9,-122.1,308,55,2.279,WA,0.1786
34.5,-117.7,308,17,2.097,CA,0.0552
45.2,-93.2,308,97,2.331,MN,0.3149
41.9,-93.6,307,122,2.42,IA,0.3974
34.2,-117.7,307,3,2.013,CA,0.0098
32.6,-97.2,306,27,2.111,TX,0.0882
39.8,-74.2,306,29,2.134,NJ,0.0948
33.9,-79.2,306,4,2.013,SC,0.0131
37.9,-120.4,306,6,2.013,CA,0.0196
38.1,-78.4,306,62,2.386,VA,0.2026
45.8,-111.2,306,5,2.023,MT,0.0163
45.9,-122.7,306,120,2.425,WA,0.3922
28.5,-81.7,305,9,2.043,FL,0.0295
35.1,-82.4,305,4,1.997,SC,0.0131
44.6,-123.0,305,12,2.066,OR,0.0393
31.3,-85.4,305,1,1.987,AL,0.0033
33.5,-82.2,305,129,2.479,GA,0.423
34.9,-92.1,305,18,2.105,AR,0.059
35.2,-118.6,305,10,2.049,CA,0.0328
33.4,-112.4,305,8,1.925,AZ,0.0262
42.8,-74.1,305,87,2.331,NY,0.2852
34.3,-80.0,305,2,1.987,SC,0.0066
37.0,-119.5,305,9,2.052,CA,0.0295
40.5,-76.5,305,108,2.462,PA,0.3541
41.6,-93.5,305,22,2.082,IA,0.0721
41.6,-87.1,305,102,2.472,IN,0.3344
30.4,-82.9,304,159,2.553,FL,0.523
34.3,-83.8,304,109,2.48,GA,0.3586
35.2,-89.7,304,90,2.322,TN,0.2961
39.6,-106.4,304,106,2.579,CO,0.3487
36.8,-81.7,304,95,2.398,VA,0.3125
37.1,-121.7,304,9,2.049,CA,0.0296
44.9,-122.9,304,4,2.016,OR,0.0132
45.1,-123.5,304,15,2.079,OR,0.0493
45.8,-119.4,304,22,2.099,OR,0.0724
26.7,-81.6,304,9,2.03,FL,0.0296
34.7,-120.5,304,8,2.03,CA,0.0263
30.7,-86.1,304,97,2.372,FL,0.3191
45.7,-123.2,304,24,2.128,OR,0.0789
45.8,-93.0,303,29,2.099,MN,0.0957
37.8,-122.1,303,57,2.175,CA,0.1881
45.0,-124.0,303,11,2.069,OR,0.0363
30.3,-85.5,302,12,2.056,FL,0.0397
38.8,-120.8,302,3,2.013,CA,0.0099
35.6,-80.6,302,141,2.56,NC,0.4669
39.9,-75.7,302,11,2.036,PA,0.0364
38.3,-77.1,302,57,2.358,VA,0.1887
43.2,-89.3,302,79,2.354,WI,0.2616
44.4,-121.2,302,5,2.023,OR,0.0166
26.2,-81.3,301,201,2.744,FL,0.6678
37.1,-120.8,301,5,2.02,CA,0.0166
38.4,-122.5,301,4,2.007,CA,0.0133
30.4,-86.7,301,6,2.027,FL,0.0199
39.4,-123.3,301,11,2.07,CA,0.0365
42.5,-71.7,301,47,2.136,MA,0.1561
48.7,-122.5,301,132,2.512,WA,0.4385
39.6,-107.2,301,89,2.382,CO,0.2957
26.5,-81.6,300,22,2.117,FL,0.0733
38.5,-81.9,300,27,2.137,WV,0.09
42.5,-79.3,300,123,2.433,NY,0.41
44.5,-92.9,300,6,2.017,MN,0.02
28.5,-82.3,300,13,2.033,FL,0.0433
41.4,-81.9,300,92,2.257,OH,0.3067
30.4,-87.4,300,5,2.023,FL,0.0167
34.7,-81.6,300,0,1.97,SC,0.0
38.4,-82.4,300,23,2.117,WV,0.0767
42.3,-79.6,300,118,2.387,NY,0.3933
43.7,-116.7,300,39,2.24,ID,0.13
34.4,-80.0,299,2,2.0,SC,0.0067
33.4,-79.1,299,0,1.99,SC,0.0
33.5,-81.0,299,0,1.98,SC,0.0
41.5,-83.6,299,141,2.569,OH,0.4716
36.1,-115.1,299,61,2.351,NV,0.204
40.1,-77.5,299,96,2.411,PA,0.3211
42.7,-71.5,299,10,2.037,NH,0.0334
34.2,-112.1,298,86,2.319,AZ,0.2886
40.9,-72.9,298,48,2.295,NY,0.1611
45.8,-108.4,298,1,2.007,MT,0.0034
29.8,-98.0,298,156,2.591,TX,0.5235
39.9,-111.1,298,12,2.054,UT,0.0403
40.9,-72.7,298,16,2.06,NY,0.0537
42.0,-71.2,298,164,2.557,MA,0.5503
41.2,-112.1,298,3,2.007,UT,0.0101
36.4,-119.2,298,1,1.99,CA,0.0034
38.2,-104.6,297,148,2.606,CO,0.4983
45.6,-122.0,297,73,2.37,OR,0.2458
34.6,-82.2,297,5,2.017,SC,0.0168
43.1,-76.0,297,85,2.367,NY,0.2862
45.7,-111.2,297,3,2.02,MT,0.0101
33.5,-111.7,297,18,2.057,AZ,0.0606
43.6,-122.1,297,8,2.044,OR,0.0269
33.1,-84.0,296,163,2.628,GA,0.5507
35.2,-120.6,296,5,2.024,CA,0.0169
40.8,-77.7,296,33,2.216,PA,0.1115
42.9,-123.3,296,32,2.115,OR,0.1081
34.5,-118.4,296,6,2.034,CA,0.0203
40.7,-122.9,296,6,2.037,CA,0.0203
30.2,-85.7,296,7,2.027,FL,0.0236
30.7,-81.7,296,88,2.324,FL,0.2973
38.9,-122.0,296,68,2.223,CA,0.2297
47.5,-122.7,296,38,2.182,WA,0.1284
38.8,-120.9,296,5,2.027,CA,0.0169
35.6,-78.5,296,31,2.196,NC,0.1047
38.3,-104.7,296,80,2.365,CO,0.2703
40.6,-75.9,296,108,2.446,PA,0.3649
41.0,-78.2,296,100,2.429,PA,0.3378
46.1,-95.9,296,16,2.054,MN,0.0541
33.3,-84.3,295,84,2.508,GA,0.2847
34.6,-117.2,295,52,2.186,CA,0.1763
41.0,-76.3,295,59,2.247,PA,0.2
46.1,-92.9,294,10,2.034,MN,0.034
42.5,-123.4,294,25,2.095,OR,0.085
38.3,-120.7,294,14,2.065,CA,0.0476
36.3,-84.2,294,110,2.425,TN,0.3741
37.3,-77.5,294,9,2.041,VA,0.0306
39.5,-78.0,294,19,2.092,WV,0.0646
41.2,-81.6,294,173,2.629,OH,0.5884
39.2,-120.9,293,50,2.184,CA,0.1706
45.1,-123.7,293,18,2.096,OR,0.0614
39.2,-85.9,293,16,2.096,IN,0.0546
41.1,-75.4,293,59,2.273,PA,0.2014
32.8,-97.5,293,106,2.386,TX,0.3618
38.9,-122.7,293,2,2.01,CA,0.0068
32.5,-96.8,293,186,2.765,TX,0.6348
36.7,-79.9,293,71,2.464,VA,0.2423
45.7,-120.8,293,17,2.075,OR,0.058
34.6,-117.9,292,4,2.024,CA,0.0137
35.6,-121.1,292,2,2.007,CA,0.0068
39.6,-86.5,292,114,2.476,IN,0.3904
41.2,-79.4,292,57,2.305,PA,0.1952
41.1,-77.5,292,25,2.158,PA,0.0856
42.1,-88.4,292,139,2.486,IL,0.476
37.7,-77.8,292,79,2.301,VA,0.2705
41.4,-87.3,292,127,2.521,IN,0.4349
45.7,-118.9,292,17,2.082,OR,0.0582
40.1,-122.2,292,21,2.065,CA,0.0719
35.6,-80.5,292,111,2.449,NC,0.3801
38.8,-90.9,292,126,2.497,MO,0.4315
47.4,-122.6,292,25,2.113,WA,0.0856
39.0,-121.6,291,4,2.017,CA,0.0137
46.0,-123.9,291,10,2.058,OR,0.0344
39.6,-119.7,290,9,2.034,NV,0.031
34.5,-92.7,290,37,2.234,AR,0.1276
38.4,-78.8,290,56,2.348,VA,0.1931
36.9,-77.4,290,94,2.386,VA,0.3241
29.7,-95.7,290,10,2.045,TX,0.0345
39.0,-78.2,289,70,2.294,VA,0.2422
39.4,-121.7,289,12,2.066,CA,0.0415
40.2,-74.5,289,76,2.298,NJ,0.263
34.1,-84.2,288,29,2.118,GA,0.1007
44.3,-123.1,288,32,2.122,OR,0.1111
47.6,-117.4,288,9,2.024,WA,0.0312
34.1,-119.0,288,9,2.052,CA,0.0312
35.9,-84.3,288,119,2.469,TN,0.4132
33.2,-112.0,287,25,2.146,AZ,0.0871
46.7,-92.3,287,14,2.049,MN,0.0488
35.2,-111.7,287,108,2.446,AZ,0.3763
43.0,-82.5,287,98,2.404,MI,0.3415
48.4,-122.3,287,118,2.491,WA,0.4111
34.2,-78.0,287,29,2.15,NC,0.101
26.9,-82.3,287,2,1.976,FL,0.007
45.0,-123.9,287,15,2.105,OR,0.0523
45.4,-93.6,287,6,2.0,MN,0.0209
33.0,-111.8,286,114,2.455,AZ,0.3986
41.4,-72.0,286,80,2.343,CT,0.2797
32.4,-80.8,286,2,1.983,SC,0.007
45.5,-122.3,286,139,2.832,OR,0.486
34.5,-79.4,286,4,1.993,SC,0.014
26.2,-80.9,286,129,2.552,FL,0.451
35.7,-81.3,286,45,2.22,NC,0.1573
35.0,-118.2,285,2,2.007,CA,0.007
39.4,-121.6,285,2,2.007,CA,0.007
34.7,-79.0,285,86,2.396,NC,0.3018
45.2,-121.7,285,24,2.151,OR,0.0842
41.3,-77.0,285,10,2.056,PA,0.0351
38.9,-76.1,285,48,2.291,MD,0.1684
42.2,-71.9,284,145,2.542,MA,0.5106
45.8,-122.7,284,86,2.32,WA,0.3028
45.7,-108.8,284,7,2.025,MT,0.0246
40.3,-82.9,284,78,2.306,OH,0.2746
29.6,-81.2,284,120,2.472,FL,0.4225
41.5,-90.5,283,184,2.735,IA,0.6502
44.2,-117.1,283,22,2.102,OR,0.0777
30.5,-86.1,283,7,2.032,FL,0.0247
37.0,-80.8,283,72,2.297,VA,0.2544
34.2,-79.6,283,3,2.018,SC,0.0106
33.6,-114.5,282,63,2.259,AZ,0.2234
30.5,-88.2,282,91,2.344,AL,0.3227
36.9,-120.1,282,2,1.975,CA,0.0071
32.3,-90.3,282,104,2.397,MS,0.3688
34.8,-83.1,282,4,1.972,SC,0.0142
34.0,-80.3,282,2,2.0,SC,0.0071
34.3,-82.0,282,5,2.025,SC,0.0177
36.9,-76.1,282,4,2.018,VA,0.0142
39.6,-107.1,282,83,2.422,CO,0.2943
40.0,-111.5,282,17,2.096,UT,0.0603
42.8,-86.0,282,50,2.17,MI,0.1773
40.4,-79.6,281,34,2.192,PA,0.121
33.6,-80.4,281,104,2.399,SC,0.3701
37.5,-77.8,281,34,2.217,VA,0.121
29.5,-95.4,281,53,2.256,TX,0.1886
32.4,-111.2,281,36,2.117,AZ,0.1281
38.8,-120.0,281,13,2.078,CA,0.0463
39.5,-77.3,281,72,2.488,MD,0.2562
41.8,-74.1,281,9,2.043,NY,0.032
39.6,-119.9,280,7,2.029,NV,0.025
37.2,-113.4,280,47,2.179,UT,0.1679
39.9,-84.9,280,54,2.239,IN,0.1929
42.4,-123.5,280,4,2.021,OR,0.0143
42.3,-121.8,280,7,2.043,OR,0.025
28.6,-80.9,280,109,2.407,FL,0.3893
32.9,-116.9,280,6,2.025,CA,0.0214
33.5,-80.4,280,107,2.425,SC,0.3821
40.0,-85.9,280,117,2.479,IN,0.4179
36.2,-119.8,279,4,2.014,CA,0.0143
38.0,-78.3,279,91,2.43,VA,0.3262
41.8,-93.6,279,95,2.394,IA,0.3405
28.8,-81.9,279,9,2.039,FL,0.0323
36.8,-80.8,279,74,2.301,VA,0.2652
37.6,-121.4,279,51,2.168,CA,0.1828
33.1,-80.6,279,10,2.032,SC,0.0358
44.5,-93.9,279,10,2.05,MN,0.0358
32.5,-86.2,278,8,2.018,AL,0.0288
39.6,-119.5,278,65,2.241,NV,0.2338
43.0,-89.5,278,26,2.115,WI,0.0935
36.8,-78.0,278,78,2.371,VA,0.2806
46.7,-92.4,278,19,2.068,MN,0.0683
41.3,-87.3,278,112,2.486,IN,0.4029
42.8,-73.6,278,33,2.227,NY,0.1187
29.7,-95.0,278,56,2.266,TX,0.2014
30.4,-88.5,278,96,2.385,MS,0.3453
34.4,-86.9,278,90,2.345,AL,0.3237
35.3,-120.6,278,4,2.014,CA,0.0144
44.5,-123.1,278,4,2.014,OR,0.0144
33.3,-87.1,277,84,2.329,AL,0.3032
34.2,-80.5,277,51,2.181,SC,0.1841
40.1,-82.8,277,16,2.079,OH,0.0578
42.8,-83.5,277,159,2.588,MI,0.574
36.7,-120.1,277,4,1.993,CA,0.0144
42.5,-73.6,277,9,2.047,NY,0.0325
34.5,-86.9,277,87,2.325,AL,0.3141
39.5,-119.6,277,98,2.375,NV,0.3538
46.9,-114.0,276,8,2.054,MT,0.029
40.0,-122.2,276,22,2.083,CA,0.0797
40.2,-78.8,276,35,2.239,PA,0.1268
33.9,-78.9,276,10,2.033,SC,0.0362
38.1,-120.9,276,2,2.007,CA,0.0072
44.8,-124.1,276,3,2.011,OR,0.0109
35.0,-120.6,275,5,2.018,CA,0.0182
37.4,-80.0,275,100,2.404,VA,0.3636
27.1,-80.2,275,30,2.156,FL,0.1091
39.5,-76.6,275,85,2.4,MD,0.3091
39.8,-105.6,275,121,2.52,CO,0.44
30.6,-81.8,275,3,2.007,FL,0.0109
36.7,-76.7,275,34,2.211,VA,0.1236
34.8,-117.1,275,50,2.185,CA,0.1818
37.9,-121.4,275,8,2.04,CA,0.0291
39.0,-119.9,274,30,2.172,NV,0.1095
39.3,-77.1,274,100,2.464,MD,0.365
30.4,-86.2,274,7,2.04,FL,0.0255
41.0,-124.1,274,2,2.007,CA,0.0073
30.2,-97.5,274,3,1.996,TX,0.0109
34.6,-83.1,274,3,1.982,SC,0.0109
42.4,-73.6,274,15,2.088,NY,0.0547
35.7,-97.5,273,2,2.004,OK,0.0073
34.6,-92.5,273,20,2.136,AR,0.0733
34.3,-79.6,273,32,2.128,SC,0.1172
43.2,-76.1,273,65,2.341,NY,0.2381
40.6,-105.0,273,112,2.447,CO,0.4103
35.3,-118.7,272,10,2.066,CA,0.0368
36.7,-76.6,272,26,2.165,VA,0.0956
38.6,-77.4,272,20,2.107,VA,0.0735
40.6,-122.2,272,3,2.011,CA,0.011
33.3,-82.1,272,4,1.967,GA,0.0147
37.1,-77.6,272,105,2.474,VA,0.386
39.7,-76.7,272,64,2.29,PA,0.2353
36.1,-120.1,271,48,2.181,CA,0.1771
34.8,-82.9,271,1,1.974,SC,0.0037
42.9,-74.6,271,100,2.354,NY,0.369
44.0,-117.0,271,18,2.122,OR,0.0664
38.9,-75.8,271,59,2.402,MD,0.2177
28.9,-82.0,270,3,2.011,FL,0.0111
38.3,-121.2,270,0,2.0,CA,0.0
40.5,-112.3,270,8,2.037,UT,0.0296
44.3,-120.9,270,9,2.044,OR,0.0333
47.6,-117.5,270,93,2.367,WA,0.3444
34.8,-81.9,270,4,2.004,SC,0.0148
30.5,-84.0,270,37,2.17,FL,0.137
41.3,-72.6,270,86,2.359,CT,0.3185
42.0,-72.6,270,113,2.5,CT,0.4185
34.1,-86.9,270,145,2.548,AL,0.537
35.6,-119.3,270,17,2.115,CA,0.063
38.3,-122.8,269,0,1.981,CA,0.0
41.6,-90.5,269,94,2.387,IA,0.3494
34.7,-120.4,269,4,2.026,CA,0.0149
33.3,-80.4,269,0,1.97,SC,0.0
34.5,-84.9,269,124,2.613,GA,0.461
37.0,-121.3,268,9,2.026,CA,0.0336
39.6,-74.8,268,37,2.228,NJ,0.1381
40.1,-78.5,268,163,2.668,PA,0.6082
34.6,-120.2,268,3,2.011,CA,0.0112
34.1,-80.0,268,75,2.269,SC,0.2799
40.0,-104.8,268,66,2.34,CO,0.2463
34.2,-83.9,267,133,2.581,GA,0.4981
41.4,-82.1,267,113,2.479,OH,0.4232
34.5,-82.4,267,3,1.993,SC,0.0112
42.8,-70.9,267,132,2.509,MA,0.4944
27.8,-80.6,267,126,2.532,FL,0.4719
42.7,-73.6,267,27,2.154,NY,0.1011
33.6,-83.9,266,141,2.669,GA,0.5301
38.8,-77.8,266,66,2.38,VA,0.2481
40.1,-76.0,266,12,2.083,PA,0.0451
39.6,-75.6,266,41,2.271,DE,0.1541
36.9,-120.8,266,60,2.222,CA,0.2256
41.2,-79.1,266,29,2.147,PA,0.109
39.8,-86.4,266,45,2.195,IN,0.1692
39.9,-77.1,266,26,2.169,PA,0.0977
40.7,-74.6,266,81,2.335,NJ,0.3045
30.4,-88.7,266,104,2.421,MS,0.391
37.4,-79.1,266,44,2.286,VA,0.1654
45.1,-118.0,266,17,2.094,OR,0.0639
45.9,-112.4,265,7,2.045,MT,0.0264
42.1,-83.2,265,121,2.487,MI,0.4566
40.8,-75.0,265,24,2.158,NJ,0.0906
44.6,-124.0,265,11,2.06,OR,0.0415
30.7,-86.8,264,91,2.383,FL,0.3447
34.4,-82.5,264,3,2.008,SC,0.0114
45.5,-123.0,264,77,2.451,OR,0.2917
34.7,-118.1,264,2,2.008,CA,0.0076
33.8,-78.7,264,6,2.008,SC,0.0227
35.2,-118.5,264,8,2.045,CA,0.0303
28.6,-82.2,264,94,2.405,FL,0.3561
36.6,-79.9,264,50,2.352,VA,0.1894
40.3,-111.8,264,75,2.28,UT,0.2841
40.3,-80.2,263,108,2.548,PA,0.4106
46.7,-92.5,263,22,2.084,MN,0.0837
40.0,-78.3,263,158,2.707,PA,0.6008
27.4,-81.4,263,29,2.198,FL,0.1103
34.6,-82.0,263,64,2.251,SC,0.2433
35.0,-119.0,263,24,2.106,CA,0.0913
43.7,-73.8,263,76,2.319,NY,0.289
45.9,-123.6,263,10,2.053,OR,0.038
40.9,-77.0,262,15,2.107,PA,0.0573
40.4,-77.9,262,19,2.122,PA,0.0725
42.2,-71.5,262,166,2.641,MA,0.6336
43.1,-86.2,262,25,2.13,MI,0.0954
47.5,-122.1,262,110,2.534,WA,0.4198
36.4,-119.7,262,1,2.004,CA,0.0038
41.2,-76.7,262,22,2.16,PA,0.084
41.7,-93.8,262,41,2.187,IA,0.1565
30.5,-83.9,262,28,2.122,FL,0.1069
40.0,-76.9,262,5,2.023,PA,0.0191
44.7,-121.2,262,12,2.084,OR,0.0458
45.1,-122.8,262,17,2.099,OR,0.0649
38.5,-122.0,261,30,2.107,CA,0.1149
37.8,-121.7,261,3,2.008,CA,0.0115
40.9,-73.4,261,35,2.207,NY,0.1341
45.7,-120.2,261,25,2.115,OR,0.0958
41.0,-111.4,261,51,2.241,UT,0.1954
39.6,-106.3,261,92,2.506,CO,0.3525
45.2,-122.6,261,23,2.146,OR,0.0881
30.2,-82.3,260,116,2.462,FL,0.4462
33.6,-83.8,260,124,2.596,GA,0.4769
38.3,-75.1,260,43,2.315,MD,0.1654
39.3,-75.6,260,77,2.554,DE,0.2962
28.8,-82.6,260,4,2.027,FL,0.0154
33.0,-80.6,260,1,1.988,SC,0.0038
34.1,-86.4,260,6,2.012,AL,0.0231
37.5,-113.2,260,69,2.296,UT,0.2654
45.6,-122.1,260,57,2.254,OR,0.2192
37.3,-121.0,259,2,2.012,CA,0.0077
39.2,-94.8,259,70,2.293,MO,0.2703
39.6,-76.3,259,75,2.56,MD,0.2896
39.0,-94.1,259,73,2.317,MO,0.2819
40.2,-76.7,259,49,2.347,PA,0.1892
41.7,-91.5,259,86,2.394,IA,0.332
42.0,-88.4,259,11,2.05,IL,0.0425
45.7,-122.9,259,13,2.066,OR,0.0502
39.8,-77.7,259,69,2.351,PA,0.2664
41.1,-77.4,259,40,2.201,PA,0.1544
43.6,-93.3,259,29,2.116,MN,0.112
45.2,-93.9,259,5,2.019,MN,0.0193
38.3,-123.0,258,6,2.019,CA,0.0233
37.8,-120.8,258,5,2.023,CA,0.0194
43.7,-116.3,258,5,2.039,ID,0.0194
34.1,-79.0,258,0,1.992,SC,0.0
40.8,-72.8,258,12,2.047,NY,0.0465
44.6,-117.5,258,14,2.081,OR,0.0543
33.3,-79.9,257,3,2.004,SC,0.0117
43.4,-83.9,257,128,2.584,MI,0.4981
38.6,-122.7,257,11,2.074,CA,0.0428
33.7,-84.8,257,133,2.623,GA,0.5175
40.0,-78.2,257,25,2.152,PA,0.0973
34.5,-79.3,257,56,2.253,SC,0.2179
42.7,-71.4,257,1,1.992,MA,0.0039
37.9,-121.8,256,7,2.055,CA,0.0273
30.5,-90.9,256,93,2.406,LA,0.3633
41.4,-88.2,256,190,2.848,IL,0.7422
41.0,-80.3,256,28,2.207,PA,0.1094
41.6,-88.0,256,114,2.488,IL,0.4453
44.2,-121.3,256,7,2.051,OR,0.0273
40.6,-75.7,255,81,2.396,PA,0.3176
28.1,-81.4,255,1,1.996,FL,0.0039
30.1,-81.9,255,7,2.047,FL,0.0275
40.1,-80.7,255,17,2.082,WV,0.0667
29.8,-95.0,255,112,2.537,TX,0.4392
30.4,-86.3,255,6,2.031,FL,0.0235
34.4,-117.2,255,0,1.988,CA,0.0
37.0,-120.6,255,4,2.031,CA,0.0157
37.0,-120.0,255,1,1.996,CA,0.0039
39.5,-86.0,255,108,2.471,IN,0.4235
38.3,-77.2,255,44,2.31,VA,0.1725
39.3,-120.1,255,12,2.071,CA,0.0471
41.0,-77.6,255,19,2.118,PA,0.0745
33.1,-97.2,254,125,2.535,TX,0.4921
42.0,-73.8,254,1,1.988,NY,0.0039
27.9,-82.1,254,17,2.067,FL,0.0669
43.7,-70.3,254,31,2.154,ME,0.122
38.3,-77.6,254,31,2.232,VA,0.122
42.4,-122.8,254,2,2.016,OR,0.0079
43.7,-121.5,254,11,2.083,OR,0.0433
30.6,-84.8,254,100,2.425,FL,0.3937
36.1,-84.0,254,76,2.382,TN,0.2992
37.4,-76.7,254,113,2.508,VA,0.4449
38.4,-75.6,254,43,2.311,MD,0.1693
40.0,-78.5,254,27,2.142,PA,0.1063
43.0,-70.9,254,60,2.236,NH,0.2362
36.7,-77.6,253,75,2.364,VA,0.2964
36.7,-77.5,253,95,2.451,VA,0.3755
44.4,-122.0,253,20,2.138,OR,0.0791
34.6,-118.4,253,1,1.996,CA,0.004
37.3,-122.3,253,8,2.043,CA,0.0316
39.4,-84.3,253,92,2.514,OH,0.3636
27.9,-80.6,253,50,2.107,FL,0.1976
33.7,-79.8,253,0,1.988,SC,0.0
34.1,-82.1,253,3,2.004,SC,0.0119
35.2,-119.1,253,24,2.095,CA,0.0949
39.5,-123.4,253,2,2.016,CA,0.0079
40.6,-77.4,253,5,2.032,PA,0.0198
34.4,-118.8,252,10,2.056,CA,0.0397
35.9,-80.0,252,86,2.456,NC,0.3413
39.2,-120.2,252,7,2.044,CA,0.0278
40.8,-80.3,252,138,2.683,PA,0.5476
45.6,-94.4,252,20,2.079,MN,0.0794
34.5,-112.0,252,96,2.448,AZ,0.381
44.0,-92.4,252,6,2.028,MN,0.0238
40.8,-122.3,252,36,2.147,CA,0.1429
40.1,-79.0,252,16,2.103,PA,0.0635
40.8,-78.1,252,59,2.29,PA,0.2341
35.5,-78.6,252,90,2.48,NC,0.3571
36.3,-120.2,252,49,2.218,CA,0.1944
42.4,-73.4,252,67,2.294,NY,0.2659
40.7,-74.5,251,108,2.454,NJ,0.4303
42.3,-84.5,251,101,2.566,MI,0.4024
39.6,-107.3,251,70,2.398,CO,0.2789
42.9,-85.4,251,65,2.331,MI,0.259
38.5,-121.9,251,29,2.116,CA,0.1155
41.0,-78.5,251,33,2.247,PA,0.1315
37.1,-93.5,251,3,2.0,MO,0.012
37.8,-81.2,251,19,2.124,WV,0.0757
45.7,-110.5,251,5,2.04,MT,0.0199
42.1,-70.7,251,11,2.008,MA,0.0438
46.0,-122.9,251,37,2.163,OR,0.1474
46.0,-95.8,251,14,2.052,MN,0.0558
42.0,-83.3,250,95,2.532,MI,0.38
35.7,-80.4,250,85,2.38,NC,0.34
41.1,-77.2,250,57,2.268,PA,0.228
41.8,-91.6,250,109,2.456,IA,0.436
43.6,-83.9,250,137,2.884,MI,0.548
40.9,-73.2,249,30,2.173,NY,0.1205
34.5,-82.9,249,11,2.048,SC,0.0442
35.4,-97.2,249,90,2.369,OK,0.3614
40.5,-78.7,249,9,2.068,PA,0.0361
43.0,-77.8,249,5,2.016,NY,0.0201
38.4,-77.0,249,63,2.47,MD,0.253
43.0,-76.0,249,41,2.317,NY,0.1647
35.2,-85.1,249,1,2.0,TN,0.004
42.6,-70.9,249,13,2.036,MA,0.0522
44.0,-92.1,249,29,2.112,MN,0.1165
30.7,-86.4,249,109,2.486,FL,0.4378
34.7,-82.1,249,7,2.044,SC,0.0281
42.7,-83.5,249,145,2.602,MI,0.5823
44.2,-123.2,249,28,2.205,OR,0.1124
39.8,-85.6,248,77,2.403,IN,0.3105
42.8,-83.6,248,114,2.476,MI,0.4597
39.4,-84.2,248,75,2.419,OH,0.3024
40.3,-79.4,248,44,2.347,PA,0.1774
46.8,-96.8,248,8,2.032,ND,0.0323
40.0,-122.1,248,3,2.012,CA,0.0121
30.5,-86.4,248,6,2.036,FL,0.0242
36.6,-120.6,248,67,2.27,CA,0.2702
37.0,-120.9,248,10,2.028,CA,0.0403
39.7,-121.7,248,3,2.004,CA,0.0121
41.6,-81.4,248,91,2.423,OH,0.3669
30.0,-95.7,247,27,2.126,TX,0.1093
39.7,-105.5,247,116,2.579,CO,0.4696
34.4,-81.1,247,2,2.004,SC,0.0081
40.1,-77.4,247,62,2.352,PA,0.251
32.0,-81.2,247,5,1.992,GA,0.0202
42.2,-122.8,247,24,2.134,OR,0.0972
44.5,-121.2,247,8,2.061,OR,0.0324
40.6,-80.0,247,59,2.348,PA,0.2389
38.6,-112.6,246,60,2.26,UT,0.2439
39.1,-121.7,246,3,2.016,CA,0.0122
38.2,-121.8,246,11,2.028,CA,0.0447
39.7,-122.2,246,18,2.073,CA,0.0732
32.7,-96.5,246,107,2.463,TX,0.435
42.7,-78.8,246,88,2.374,NY,0.3577
44.7,-117.8,246,22,2.142,OR,0.0894
35.0,-81.7,246,0,1.984,SC,0.0
40.5,-78.8,246,10,2.061,PA,0.0407
33.4,-84.8,245,78,2.51,GA,0.3184
37.0,-77.7,245,64,2.38,VA,0.2612
33.6,-114.6,245,14,2.057,CA,0.0571
41.5,-72.6,245,41,2.282,CT,0.1673
43.7,-124.1,245,7,2.049,OR,0.0286
33.1,-87.7,245,84,2.376,AL,0.3429
40.2,-79.8,245,55,2.347,PA,0.2245
30.2,-98.0,245,10,2.045,TX,0.0408
33.4,-81.7,245,3,2.008,SC,0.0122
33.7,-80.3,245,65,2.286,SC,0.2653
36.2,-119.2,245,4,2.033,CA,0.0163
29.2,-82.3,244,3,2.02,FL,0.0123
33.1,-87.6,244,14,2.061,AL,0.0574
34.6,-111.9,244,71,2.34,AZ,0.291
42.3,-79.7,244,51,2.217,NY,0.209
41.5,-74.2,244,88,2.439,NY,0.3607
44.5,-117.4,244,17,2.123,OR,0.0697
42.3,-89.0,244,107,2.443,IL,0.4385
33.0,-96.3,244,145,2.635,TX,0.5943
34.5,-117.9,244,10,2.057,CA,0.041
36.4,-120.4,244,55,2.193,CA,0.2254
40.2,-122.3,244,22,2.09,CA,0.0902
34.2,-111.3,243,32,2.202,AZ,0.1317
39.5,-106.1,243,77,2.506,CO,0.3169
34.9,-82.8,243,0,1.988,SC,0.0
35.8,-80.3,243,97,2.498,NC,0.3992
38.8,-90.1,243,142,2.675,IL,0.5844
32.8,-117.3,243,0,1.992,CA,0.0
34.6,-112.3,243,38,2.276,AZ,0.1564
30.3,-82.2,242,62,2.269,FL,0.2562
37.0,-119.7,242,1,2.004,CA,0.0041
39.3,-81.5,242,21,2.132,WV,0.0868
46.7,-123.0,242,112,2.512,WA,0.4628
38.5,-90.6,242,139,2.603,MO,0.5744
34.3,-112.1,242,80,2.355,AZ,0.3306
34.4,-118.1,242,0,1.988,CA,0.0
34.4,-82.4,242,0,1.975,SC,0.0
37.9,-121.1,242,1,1.988,CA,0.0041
41.1,-76.0,242,76,2.38,PA,0.314
34.6,-112.4,241,53,2.357,AZ,0.2199
40.9,-75.0,241,91,2.39,NJ,0.3776
45.7,-120.7,241,25,2.116,OR,0.1037
41.0,-77.7,241,21,2.145,PA,0.0871
33.3,-86.9,241,90,2.361,AL,0.3734
36.4,-94.2,241,31,2.232,AR,0.1286
40.3,-76.6,241,41,2.315,PA,0.1701
42.6,-73.6,241,42,2.34,NY,0.1743
29.6,-81.6,241,10,2.075,FL,0.0415
34.7,-79.7,241,2,1.996,SC,0.0083
45.4,-93.9,241,3,2.008,MN,0.0124
47.4,-122.0,241,59,2.34,WA,0.2448
34.3,-81.1,240,2,1.996,SC,0.0083
30.1,-92.1,240,3,1.963,LA,0.0125
27.9,-80.5,240,9,2.029,FL,0.0375
34.3,-118.0,240,7,2.033,CA,0.0292
45.2,-123.9,239,17,2.105,OR,0.0711
31.6,-97.1,239,125,2.582,TX,0.523
39.3,-77.7,239,23,2.18,WV,0.0962
39.9,-84.4,239,20,2.084,OH,0.0837
30.2,-84.4,239,3,2.017,FL,0.0126
34.2,-83.5,239,71,2.372,GA,0.2971
32.2,-90.2,239,65,2.318,MS,0.272
34.5,-117.8,239,11,2.084,CA,0.046
34.8,-117.2,239,41,2.192,CA,0.1715
39.0,-76.8,239,43,2.322,MD,0.1799
43.8,-121.4,239,13,2.092,OR,0.0544
44.0,-91.7,239,14,2.071,MN,0.0586
35.2,-114.1,238,46,2.239,AZ,0.1933
40.8,-112.1,238,40,2.164,UT,0.1681
35.4,-80.6,238,100,2.462,NC,0.4202
39.9,-86.4,238,93,2.45,IN,0.3908
32.4,-80.9,238,0,1.992,SC,0.0
34.0,-81.8,238,0,1.979,SC,0.0
38.2,-120.4,237,3,2.013,CA,0.0127
39.9,-77.7,237,62,2.384,PA,0.2616
43.2,-83.6,237,6,2.046,MI,0.0253
45.9,-123.9,237,2,2.017,OR,0.0084
30.8,-85.4,237,78,2.359,FL,0.3291
39.5,-122.2,237,28,2.11,CA,0.1181
30.1,-95.6,236,28,2.144,TX,0.1186
36.8,-81.6,236,59,2.335,VA,0.25
27.5,-80.5,236,85,2.386,FL,0.3602
30.3,-91.8,236,158,2.792,LA,0.6695
33.8,-79.2,236,3,2.008,SC,0.0127
40.3,-76.7,236,35,2.267,PA,0.1483
30.0,-97.9,236,110,2.5,TX,0.4661
42.5,-123.3,236,20,2.097,OR,0.0847
38.4,-121.8,235,7,2.038,CA,0.0298
39.9,-84.0,235,111,2.553,OH,0.4723
42.7,-82.8,235,109,2.506,MI,0.4638
45.8,-95.1,235,4,2.017,MN,0.017
35.1,-118.3,235,5,2.038,CA,0.0213
34.1,-118.9,235,2,2.009,CA,0.0085
36.4,-119.1,235,2,2.009,CA,0.0085
38.3,-77.7,235,38,2.302,VA,0.1617
39.8,-83.1,235,167,2.885,OH,0.7106
42.8,-121.8,235,4,2.034,OR,0.017
44.3,-88.5,234,115,2.594,WI,0.4915
28.8,-80.9,234,91,2.419,FL,0.3889
44.0,-93.3,234,39,2.171,MN,0.1667
32.6,-97.1,234,15,2.09,TX,0.0641
34.1,-80.7,234,16,2.064,SC,0.0684
34.6,-92.6,234,46,2.342,AR,0.1966
39.2,-94.7,234,58,2.282,KS,0.2479
43.5,-89.5,234,101,2.607,WI,0.4316
34.7,-79.9,234,3,2.009,SC,0.0128
37.5,-121.3,234,62,2.265,CA,0.265
40.6,-75.0,234,108,2.568,NJ,0.4615
40.7,-111.6,234,8,2.034,UT,0.0342
45.1,-121.6,234,17,2.141,OR,0.0726
37.1,-119.3,233,0,1.991,CA,0.0
37.9,-78.0,233,55,2.343,VA,0.2361
34.7,-117.2,233,40,2.189,CA,0.1717
37.3,-122.4,233,8,2.03,CA,0.0343
36.4,-119.6,233,5,2.043,CA,0.0215
41.8,-122.6,232,5,2.03,CA,0.0216
47.3,-122.5,232,17,2.073,WA,0.0733
38.8,-120.1,232,9,2.073,CA,0.0388
43.3,-88.2,232,93,2.474,WI,0.4009
34.2,-80.1,232,7,2.03,SC,0.0302
39.0,-119.8,232,2,2.004,NV,0.0086
35.1,-82.3,232,2,2.0,SC,0.0086
40.3,-76.5,232,31,2.263,PA,0.1336
32.2,-80.9,232,0,1.983,SC,0.0
40.5,-76.2,232,92,2.616,PA,0.3966
44.9,-117.8,232,20,2.129,OR,0.0862
28.2,-80.6,231,8,2.035,FL,0.0346
38.6,-104.7,231,106,2.506,CO,0.4589
42.3,-85.3,231,85,2.472,MI,0.368
45.7,-94.9,231,13,2.061,MN,0.0563
46.5,-92.7,231,27,2.117,MN,0.1169
34.2,-82.4,231,3,2.013,SC,0.013
37.1,-121.1,231,4,1.987,CA,0.0173
40.0,-86.5,231,114,2.623,IN,0.4935
36.6,-82.1,231,66,2.329,VA,0.2857
39.6,-106.5,231,83,2.545,CO,0.3593
43.3,-121.8,231,10,2.061,OR,0.0433
44.7,-93.4,231,5,2.022,MN,0.0216
34.0,-79.0,230,1,1.97,SC,0.0043
39.3,-77.6,230,34,2.27,VA,0.1478
36.7,-80.8,230,77,2.374,VA,0.3348
45.9,-95.5,230,16,2.07,MN,0.0696
34.3,-79.4,230,0,1.991,SC,0.0
35.7,-82.6,230,76,2.417,NC,0.3304
37.3,-121.1,229,45,2.205,CA,0.1965
37.2,-80.0,229,10,2.061,VA,0.0437
39.2,-121.3,229,4,2.022,CA,0.0175
39.4,-119.7,229,23,2.135,NV,0.1004
45.7,-121.8,229,34,2.205,OR,0.1485
39.8,-122.2,229,16,2.074,CA,0.0699
41.9,-122.6,229,19,2.092,CA,0.083
40.2,-76.0,229,28,2.179,PA,0.1223
30.4,-89.1,229,81,2.402,MS,0.3537
40.7,-122.3,229,31,2.162,CA,0.1354
41.1,-96.3,229,60,2.293,NE,0.262
42.8,-71.3,229,54,2.249,NH,0.2358
34.4,-84.9,228,92,2.535,GA,0.4035
36.2,-86.5,228,68,2.329,TN,0.2982
37.1,-93.2,228,9,2.044,MO,0.0395
44.2,-121.4,228,7,2.057,OR,0.0307
45.1,-123.4,228,26,2.189,OR,0.114
36.5,-121.8,228,1,1.996,CA,0.0044
39.1,-74.8,228,21,2.162,NJ,0.0921
34.3,-82.7,228,1,1.974,SC,0.0044
42.1,-124.3,227,4,2.035,OR,0.0176
30.8,-88.2,227,21,2.163,AL,0.0925
44.2,-121.0,227,24,2.207,OR,0.1057
37.1,-113.5,227,62,2.278,UT,0.2731
33.7,-86.8,227,122,2.59,AL,0.5374
27.5,-80.4,227,30,2.159,FL,0.1322
35.5,-119.5,227,32,2.145,CA,0.141
39.0,-122.6,227,3,2.022,CA,0.0132
34.1,-79.6,226,1,1.996,SC,0.0044
35.0,-78.9,226,64,2.376,NC,0.2832
45.9,-111.9,226,3,2.027,MT,0.0133
40.6,-79.8,226,29,2.212,PA,0.1283
41.4,-71.9,226,76,2.447,CT,0.3363
40.9,-81.4,226,94,2.425,OH,0.4159
36.8,-77.5,226,67,2.358,VA,0.2965
39.0,-122.1,226,33,2.146,CA,0.146
42.1,-70.8,226,5,1.881,MA,0.0221
28.2,-81.2,226,7,2.053,FL,0.031
35.2,-82.3,226,71,2.394,NC,0.3142
38.6,-76.0,226,49,2.372,MD,0.2168
41.3,-72.5,226,73,2.403,CT,0.323
44.0,-124.1,226,6,2.049,OR,0.0265
41.2,-75.9,225,60,2.347,PA,0.2667
30.2,-92.2,225,43,2.156,LA,0.1911
40.9,-73.3,225,24,2.164,NY,0.1067
42.7,-83.2,225,92,2.413,MI,0.4089
44.5,-124.1,225,21,2.151,OR,0.0933
34.0,-86.6,225,6,2.031,AL,0.0267
41.8,-83.5,225,119,2.751,MI,0.5289
47.0,-122.8,225,104,2.524,WA,0.4622
41.9,-72.3,225,91,2.618,CT,0.4044
30.8,-86.6,225,2,2.013,FL,0.0089
37.2,-77.3,225,58,2.36,VA,0.2578
39.5,-84.3,225,78,2.413,OH,0.3467
45.8,-122.9,224,2,2.009,OR,0.0089
30.7,-85.9,224,66,2.321,FL,0.2946
30.8,-83.3,224,85,2.54,GA,0.3795
41.6,-87.0,224,91,2.531,IN,0.4062
43.1,-89.5,224,21,2.121,WI,0.0938
37.3,-120.3,224,0,2.0,CA,0.0
44.9,-124.0,224,7,2.054,OR,0.0312
47.1,-122.8,224,89,2.424,WA,0.3973
35.4,-120.8,224,5,2.04,CA,0.0223
35.7,-97.6,224,4,1.996,OK,0.0179
39.7,-121.9,224,1,2.004,CA,0.0045
40.2,-74.2,224,53,2.348,NJ,0.2366
42.4,-73.7,224,39,2.308,NY,0.1741
38.2,-122.7,223,1,1.996,CA,0.0045
39.4,-121.1,223,9,2.049,CA,0.0404
39.6,-80.0,223,24,2.166,WV,0.1076
39.2,-122.0,223,4,2.027,CA,0.0179
42.3,-85.7,223,34,2.269,MI,0.1525
42.4,-122.4,223,3,2.018,OR,0.0135
35.6,-82.2,223,72,2.39,NC,0.3229
40.0,-83.3,223,120,2.673,OH,0.5381
40.5,-78.6,223,19,2.152,PA,0.0852
45.7,-95.0,223,16,2.072,MN,0.0717
35.4,-84.7,223,49,2.318,TN,0.2197
37.0,-80.7,223,66,2.354,VA,0.296
40.9,-72.6,223,23,2.166,NY,0.1031
28.5,-81.8,222,3,2.023,FL,0.0135
40.0,-77.1,222,27,2.212,PA,0.1216
45.5,-123.8,222,17,2.14,OR,0.0766
33.2,-84.9,222,101,2.581,GA,0.455
40.8,-75.7,222,136,2.712,PA,0.6126
35.2,-81.9,222,3,2.0,SC,0.0135
38.5,-121.1,222,3,2.018,CA,0.0135
38.8,-94.8,222,78,2.378,KS,0.3514
39.3,-77.8,222,6,2.05,WV,0.027
38.8,-76.7,222,66,2.468,MD,0.2973
30.8,-85.3,221,58,2.312,FL,0.2624
35.2,-111.6,221,58,2.312,AZ,0.2624
30.7,-91.1,221,1,1.986,LA,0.0045
38.4,-82.5,221,21,2.149,WV,0.095
34.8,-80.4,221,1,1.986,SC,0.0045
37.5,-121.1,221,4,2.018,CA,0.0181
41.0,-74.0,221,22,2.176,NY,0.0995
43.9,-91.4,221,19,2.113,MN,0.086
46.6,-112.0,221,3,2.023,MT,0.0136
33.4,-80.4,221,0,1.991,SC,0.0
34.5,-82.2,221,3,2.005,SC,0.0136
35.3,-89.7,221,77,2.385,TN,0.3484
39.7,-105.7,221,86,2.484,CO,0.3891
42.8,-71.2,220,100,2.468,NH,0.4545
44.3,-121.5,220,7,2.045,OR,0.0318
32.4,-96.9,220,133,2.664,TX,0.6045
40.3,-79.8,220,63,2.473,PA,0.2864
45.7,-108.7,220,3,2.018,MT,0.0136
39.5,-74.7,220,30,2.2,NJ,0.1364
40.2,-74.3,220,42,2.268,NJ,0.1909
42.7,-89.0,220,135,2.832,WI,0.6136
39.5,-76.9,219,63,2.511,MD,0.2877
41.3,-76.9,219,18,2.11,PA,0.0822
34.4,-81.9,219,3,2.0,SC,0.0137
42.5,-89.0,219,151,2.813,WI,0.6895
35.6,-82.7,219,30,2.233,NC,0.137
30.1,-82.6,219,11,2.055,FL,0.0502
36.5,-121.5,218,2,2.0,CA,0.0092
32.9,-86.7,218,22,2.096,AL,0.1009
36.8,-120.0,218,0,1.995,CA,0.0
41.4,-78.7,218,24,2.216,PA,0.1101
40.9,-124.0,218,1,1.995,CA,0.0046
37.3,-120.9,218,3,2.009,CA,0.0138
38.9,-121.5,218,3,2.018,CA,0.0138
42.3,-84.6,218,107,2.578,MI,0.4908
34.9,-81.2,217,1,1.982,SC,0.0046
36.6,-82.2,217,72,2.378,VA,0.3318
46.9,-113.9,217,5,2.041,MT,0.023
34.0,-81.5,217,4,2.018,SC,0.0184
30.0,-97.7,217,4,2.005,TX,0.0184
33.6,-84.0,217,94,2.641,GA,0.4332
43.6,-95.9,217,12,2.06,MN,0.0553
38.5,-122.6,217,7,2.051,CA,0.0323
37.0,-77.4,217,70,2.429,VA,0.3226
45.9,-122.8,217,35,2.198,OR,0.1613
44.6,-122.9,217,7,2.046,OR,0.0323
47.9,-122.0,217,52,2.396,WA,0.2396
34.9,-78.9,216,67,2.375,NC,0.3102
32.7,-96.4,216,55,2.333,TX,0.2546
38.1,-122.7,216,0,1.991,CA,0.0
42.6,-121.9,216,8,2.046,OR,0.037
35.1,-92.4,216,27,2.241,AR,0.125
42.9,-74.4,216,84,2.394,NY,0.3889
30.4,-85.4,216,12,2.083,FL,0.0556
34.1,-83.7,216,59,2.398,GA,0.2731
34.8,-120.4,216,2,2.0,CA,0.0093
36.1,-78.8,216,73,2.398,NC,0.338
40.6,-79.9,216,103,2.588,PA,0.4769
42.0,-71.0,216,19,2.088,MA,0.088
30.0,-81.4,215,15,2.074,FL,0.0698
40.5,-76.3,215,58,2.344,PA,0.2698
45.6,-109.2,215,2,2.014,MT,0.0093
45.7,-110.9,215,5,2.028,MT,0.0233
33.6,-82.0,215,3,2.019,SC,0.014
33.8,-81.4,215,6,2.033,SC,0.0279
35.0,-81.3,215,0,1.972,SC,0.0
41.6,-90.6,215,67,2.349,IA,0.3116
45.1,-123.1,215,40,2.326,OR,0.186
37.3,-113.3,215,53,2.256,UT,0.2465
39.2,-121.5,215,3,2.019,CA,0.014
39.5,-118.8,215,8,2.06,NV,0.0372
41.9,-71.1,215,21,2.079,MA,0.0977
38.2,-81.5,215,27,2.233,WV,0.1256
30.3,-83.1,215,86,2.437,FL,0.4
45.5,-123.1,215,35,2.219,OR,0.1628
37.2,-121.1,214,47,2.215,CA,0.2196
48.3,-114.3,214,3,2.028,MT,0.014
34.9,-92.4,214,20,2.159,AR,0.0935
33.5,-112.9,214,76,2.416,AZ,0.3551
37.6,-113.2,214,47,2.229,UT,0.2196
32.2,-81.1,214,15,2.075,SC,0.0701
35.9,-84.5,214,78,2.411,TN,0.3645
38.8,-121.1,214,5,2.047,CA,0.0234
44.7,-123.9,214,5,2.028,OR,0.0234
35.2,-81.4,214,52,2.294,NC,0.243
36.2,-80.8,214,88,2.491,NC,0.4112
37.9,-78.1,214,57,2.379,VA,0.2664
39.3,-123.2,214,2,2.014,CA,0.0093
38.2,-120.9,214,0,1.991,CA,0.0
44.4,-121.8,214,5,2.037,OR,0.0234
40.2,-76.5,213,21,2.164,PA,0.0986
42.1,-72.1,213,111,2.573,MA,0.5211
45.6,-93.6,213,2,2.0,MN,0.0094
41.8,-91.7,213,94,2.46,IA,0.4413
31.2,-85.5,213,2,2.0,AL,0.0094
40.3,-122.3,213,27,2.136,CA,0.1268
35.5,-119.3,213,7,2.061,CA,0.0329
39.0,-94.9,213,15,2.075,KS,0.0704
46.0,-95.7,213,14,2.07,MN,0.0657
30.4,-98.0,213,1,1.995,TX,0.0047
40.8,-76.6,213,20,2.183,PA,0.0939
43.0,-74.8,213,89,2.441,NY,0.4178
30.5,-83.1,212,76,2.382,FL,0.3585
32.6,-86.5,212,57,2.307,AL,0.2689
33.4,-79.2,212,4,2.014,SC,0.0189
40.8,-77.6,212,56,2.514,PA,0.2642
43.0,-75.0,212,98,2.509,NY,0.4623
41.5,-93.6,212,34,2.212,IA,0.1604
30.4,-91.6,212,123,2.698,LA,0.5802
32.5,-97.3,212,91,2.467,TX,0.4292
34.0,-80.8,212,0,1.986,SC,0.0
39.6,-76.2,212,54,2.476,MD,0.2547
30.7,-86.7,212,35,2.222,FL,0.1651
33.7,-81.6,212,66,2.321,SC,0.3113
38.2,-90.4,212,96,2.5,MO,0.4528
40.8,-111.4,212,24,2.113,UT,0.1132
30.2,-90.9,211,104,2.602,LA,0.4929
42.3,-123.0,211,2,2.005,OR,0.0095
39.9,-83.9,211,104,2.588,OH,0.4929
32.1,-86.5,211,111,2.55,AL,0.5261
40.9,-87.2,211,52,2.384,IN,0.2464
38.1,-122.8,211,2,2.0,CA,0.0095
40.5,-75.5,211,42,2.318,PA,0.1991
42.0,-70.8,211,0,1.934,MA,0.0
34.9,-85.1,210,103,2.538,GA,0.4905
42.1,-80.1,210,43,2.367,PA,0.2048
38.5,-76.8,210,16,2.148,MD,0.0762
42.7,-85.7,210,26,2.2,MI,0.1238
26.1,-81.7,210,28,2.171,FL,0.1333
34.7,-120.2,210,0,1.995,CA,0.0
36.1,-120.2,210,33,2.157,CA,0.1571
39.5,-77.2,210,67,2.624,MD,0.319
39.6,-77.0,210,71,2.652,MD,0.3381
39.7,-74.9,210,42,2.352,NJ,0.2
40.1,-105.0,210,96,2.505,CO,0.4571
40.1,-83.2,210,23,2.157,OH,0.1095
40.9,-76.9,210,25,2.195,PA,0.119
41.9,-74.1,210,8,2.043,NY,0.0381
43.6,-95.6,210,17,2.076,MN,0.081
46.0,-118.4,210,6,2.048,OR,0.0286
34.0,-86.5,209,3,2.01,AL,0.0144
37.5,-76.8,209,39,2.344,VA,0.1866
40.1,-85.6,209,83,2.55,IN,0.3971
45.7,-94.8,209,24,2.11,MN,0.1148
40.6,-78.3,209,38,2.22,PA,0.1818
41.1,-75.7,209,103,2.612,PA,0.4928
41.6,-112.1,209,32,2.172,UT,0.1531
41.4,-71.8,209,45,2.23,CT,0.2153
36.3,-86.6,209,20,2.139,TN,0.0957
39.0,-92.3,209,61,2.316,MO,0.2919
27.2,-81.9,209,14,2.115,FL,0.067
28.5,-80.9,209,24,2.172,FL,0.1148
45.8,-119.6,209,9,2.053,OR,0.0431
28.8,-81.8,209,5,2.043,FL,0.0239
40.9,-72.5,209,12,2.081,NY,0.0574
39.5,-75.0,208,52,2.495,NJ,0.25
34.4,-79.3,208,1,1.995,SC,0.0048
35.3,-119.1,208,6,2.038,CA,0.0288
39.2,-86.0,208,57,2.37,IN,0.274
31.2,-81.5,208,77,2.471,GA,0.3702
40.0,-77.6,208,71,2.495,PA,0.3413
34.8,-92.1,208,21,2.173,AR,0.101
33.4,-86.9,208,52,2.245,AL,0.25
37.5,-119.9,208,2,2.01,CA,0.0096
39.2,-121.7,208,1,2.0,CA,0.0048
32.9,-79.8,208,2,1.995,SC,0.0096
43.1,-73.7,207,8,2.048,NY,0.0386
35.3,-85.9,207,43,2.256,TN,0.2077
38.0,-120.6,207,7,2.058,CA,0.0338
43.1,-121.8,207,14,2.106,OR,0.0676
33.6,-79.1,207,3,2.01,SC,0.0145
39.7,-77.8,207,54,2.43,MD,0.2609
30.1,-95.3,207,14,2.063,TX,0.0676
39.7,-78.2,207,72,2.478,MD,0.3478
40.5,-86.1,207,7,2.034,IN,0.0338
41.6,-122.5,207,11,2.048,CA,0.0531
39.6,-78.0,207,40,2.275,MD,0.1932
40.6,-79.6,207,41,2.382,PA,0.1981
40.9,-123.8,207,2,2.014,CA,0.0097
38.6,-121.0,206,2,2.01,CA,0.0097
35.7,-81.4,206,55,2.403,NC,0.267
37.3,-81.1,206,67,2.451,WV,0.3252
34.8,-81.6,206,0,1.99,SC,0.0
40.1,-79.9,206,74,2.5,PA,0.3592
45.6,-121.0,206,0,2.0,OR,0.0
41.4,-73.9,206,38,2.325,NY,0.1845
47.4,-92.9,206,0,2.0,MN,0.0
39.6,-75.1,205,45,2.341,NJ,0.2195
42.2,-124.4,205,6,2.059,OR,0.0293
34.0,-79.8,205,0,1.985,SC,0.0
36.1,-78.7,205,47,2.317,NC,0.2293
33.5,-81.6,205,0,1.99,SC,0.0
37.1,-80.7,205,47,2.268,VA,0.2293
39.4,-77.6,205,28,2.229,MD,0.1366
41.7,-112.2,205,44,2.224,UT,0.2146
43.2,-124.3,205,5,2.044,OR,0.0244
43.5,-124.2,205,3,2.029,OR,0.0146
36.1,-85.5,205,71,2.385,TN,0.3463
40.3,-111.6,205,2,2.01,UT,0.0098
42.6,-71.1,205,93,2.473,MA,0.4537
35.6,-78.9,205,7,2.049,NC,0.0341
45.1,-123.2,205,25,2.19,OR,0.122
34.8,-81.7,204,1,2.0,SC,0.0049
39.2,-122.9,204,4,2.029,CA,0.0196
39.5,-76.8,204,70,2.529,MD,0.3431
40.9,-75.1,204,95,2.603,NJ,0.4657
34.0,-83.9,204,46,2.368,GA,0.2255
35.8,-80.2,204,69,2.412,NC,0.3382
39.2,-123.0,204,4,2.025,CA,0.0196
41.2,-77.1,204,12,2.108,PA,0.0588
29.3,-94.9,204,130,2.686,TX,0.6373
36.9,-76.5,204,22,2.181,VA,0.1078
38.7,-77.6,204,37,2.343,VA,0.1814
43.1,-124.4,204,10,2.078,OR,0.049
45.0,-123.4,204,7,2.059,OR,0.0343
36.3,-119.5,204,2,2.01,CA,0.0098
40.3,-78.4,204,6,2.049,PA,0.0294
45.8,-95.4,204,4,2.02,MN,0.0196
41.0,-77.8,203,54,2.32,PA,0.266
27.6,-82.7,203,41,2.207,FL,0.202
27.6,-81.8,203,2,2.01,FL,0.0099
33.2,-87.2,203,53,2.276,AL,0.2611
34.4,-81.0,203,81,2.419,SC,0.399
39.9,-77.2,203,18,2.148,PA,0.0887
35.2,-85.8,203,49,2.276,TN,0.2414
38.6,-90.0,203,149,2.768,IL,0.734
35.7,-81.2,203,46,2.315,NC,0.2266
39.7,-77.9,203,75,2.512,MD,0.3695
34.0,-79.7,203,1,2.005,SC,0.0049
36.0,-87.0,203,1,1.98,TN,0.0049
38.9,-76.7,203,40,2.34,MD,0.197
40.9,-72.8,203,33,2.202,NY,0.1626
41.5,-81.9,203,97,2.458,OH,0.4778
37.2,-120.3,202,2,2.0,CA,0.0099
38.9,-104.9,202,30,2.193,CO,0.1485
40.4,-76.9,202,26,2.238,PA,0.1287
41.2,-77.3,202,7,2.059,PA,0.0347
41.7,-70.3,202,1,1.941,MA,0.005
41.2,-80.2,202,76,2.624,PA,0.3762
42.3,-84.3,202,81,2.49,MI,0.401
44.3,-94.4,202,0,2.0,MN,0.0
37.4,-119.6,202,2,2.015,CA,0.0099
35.1,-82.5,202,3,1.985,SC,0.0149
41.5,-94.0,202,84,2.52,IA,0.4158
36.5,-86.7,202,36,2.218,TN,0.1782
42.2,-121.6,202,3,2.02,OR,0.0149
44.8,-122.6,202,32,2.302,OR,0.1584
47.4,-122.8,202,41,2.302,WA,0.203
34.1,-80.5,201,6,2.05,SC,0.0299
42.7,-71.0,201,105,2.542,MA,0.5224
44.0,-92.2,201,12,2.06,MN,0.0597
35.8,-86.8,201,93,2.522,TN,0.4627
44.0,-122.9,201,17,2.144,OR,0.0846
46.9,-114.1,201,1,2.01,MT,0.005
27.5,-81.8,201,12,2.114,FL,0.0597
41.0,-112.0,201,26,2.144,UT,0.1294
41.7,-91.4,201,61,2.403,IA,0.3035
33.9,-84.6,201,15,2.109,GA,0.0746
41.4,-82.0,201,91,2.438,OH,0.4527
45.8,-123.5,201,4,2.035,OR,0.0199
41.5,-75.7,201,57,2.373,PA,0.2836
41.0,-77.5,200,64,2.465,PA,0.32
34.2,-82.0,200,2,2.0,SC,0.01
35.1,-118.1,200,4,2.03,CA,0.02
41.2,-78.6,200,12,2.11,PA,0.06
26.6,-82.0,200,2,1.99,FL,0.01
30.8,-85.7,200,50,2.265,FL,0.25
32.4,-83.8,200,102,2.59,GA,0.51
44.2,-123.1,200,2,2.015,OR,0.01
42.3,-73.7,200,28,2.275,NY,0.14
33.7,-79.1,200,2,1.995,SC,0.01
33.9,-117.0,200,94,2.505,CA,0.47
35.9,-84.7,200,79,2.47,TN,0.395
39.8,-84.4,200,22,2.07,OH,0.11
47.6,-122.7,200,20,2.155,WA,0.1
34.7,-92.2,200,28,2.225,AR,0.14
39.1,-76.5,200,34,2.28,MD,0.17
39.3,-121.6,200,0,1.995,CA,0.0
36.9,-81.2,199,65,2.392,VA,0.3266
42.9,-73.7,199,21,2.186,NY,0.1055
46.9,-112.1,199,1,2.01,MT,0.005
38.2,-121.5,199,0,1.995,CA,0.0
25.2,-80.4,199,42,2.362,FL,0.2111
32.7,-80.8,199,14,2.075,SC,0.0704
38.6,-77.0,199,26,2.236,MD,0.1307
46.3,-92.8,199,8,2.045,MN,0.0402
33.2,-80.3,199,2,1.995,SC,0.0101
34.3,-80.5,199,1,2.0,SC,0.005
35.5,-120.6,199,3,2.015,CA,0.0151
35.6,-78.2,199,73,2.497,NC,0.3668
34.5,-119.3,199,1,2.01,CA,0.005
36.2,-86.3,199,90,2.598,TN,0.4523
39.1,-122.1,199,26,2.146,CA,0.1307
41.6,-93.9,199,57,2.342,IA,0.2864
33.7,-81.1,198,0,1.99,SC,0.0
34.9,-83.0,198,0,1.97,SC,0.0
32.0,-86.5,198,114,2.591,AL,0.5758
35.1,-78.7,198,30,2.263,NC,0.1515
39.7,-123.5,198,1,2.005,CA,0.0051
33.7,-85.3,198,83,2.515,GA,0.4192
34.4,-118.7,198,7,2.051,CA,0.0354
44.6,-123.3,198,20,2.172,OR,0.101
34.5,-117.5,198,0,2.0,CA,0.0
43.4,-121.7,198,3,2.015,OR,0.0152
45.8,-118.4,198,43,2.404,OR,0.2172
28.8,-81.2,198,4,2.03,FL,0.0202
33.2,-84.8,198,72,2.495,GA,0.3636
45.8,-123.2,198,18,2.131,OR,0.0909
44.7,-122.2,197,17,2.162,OR,0.0863
29.4,-95.0,197,115,2.817,TX,0.5838
36.7,-76.3,197,1,1.99,VA,0.0051
38.8,-91.0,197,85,2.503,MO,0.4315
40.3,-80.0,197,45,2.371,PA,0.2284
29.6,-98.2,197,106,2.619,TX,0.5381
45.1,-122.7,197,13,2.117,OR,0.066
34.2,-86.5,197,6,2.005,AL,0.0305
40.3,-123.9,197,2,2.01,CA,0.0102
46.8,-113.8,197,5,2.041,MT,0.0254
45.7,-110.7,196,0,2.0,MT,0.0
30.5,-91.3,196,8,2.046,LA,0.0408
28.8,-81.5,196,4,2.02,FL,0.0204
38.6,-120.7,196,1,2.005,CA,0.0051
35.9,-119.1,196,7,2.061,CA,0.0357
37.4,-121.0,196,0,1.974,CA,0.0
38.6,-77.7,196,71,2.704,VA,0.3622
44.7,-121.1,196,8,2.066,OR,0.0408
39.9,-120.9,195,2,2.021,CA,0.0103
40.9,-122.4,195,36,2.215,CA,0.1846
46.0,-112.5,195,2,2.021,MT,0.0103
34.8,-85.0,195,85,2.564,GA,0.4359
37.3,-122.2,195,9,2.056,CA,0.0462
38.1,-120.6,195,3,2.015,CA,0.0154
37.2,-121.0,195,3,2.021,CA,0.0154
33.9,-79.5,195,5,2.031,SC,0.0256
37.8,-120.7,195,3,2.031,CA,0.0154
43.8,-122.6,195,13,2.108,OR,0.0667
43.1,-75.5,195,12,2.113,NY,0.0615
35.0,-81.6,194,0,1.995,SC,0.0
39.1,-94.4,194,21,2.165,MO,0.1082
34.0,-84.2,194,30,2.263,GA,0.1546
40.6,-77.2,194,11,2.108,PA,0.0567
41.2,-75.8,194,70,2.485,PA,0.3608
45.8,-111.3,194,1,2.01,MT,0.0052
29.8,-96.0,194,126,2.851,TX,0.6495
33.0,-87.8,194,67,2.387,AL,0.3454
34.3,-84.8,194,79,2.5,GA,0.4072
37.0,-77.6,194,44,2.294,VA,0.2268
33.6,-85.7,194,62,2.351,AL,0.3196
34.7,-111.7,194,62,2.376,AZ,0.3196
41.0,-77.9,194,56,2.345,PA,0.2887
36.0,-86.9,194,4,2.005,TN,0.0206
35.6,-82.8,193,67,2.43,NC,0.3472
35.7,-78.4,193,26,2.254,NC,0.1347
39.2,-78.0,193,26,2.254,VA,0.1347
42.6,-122.8,193,1,2.01,OR,0.0052
44.6,-93.8,193,7,2.052,MN,0.0363
41.5,-74.4,193,12,2.109,NY,0.0622
43.6,-93.4,193,18,2.093,MN,0.0933
29.3,-82.1,193,1,2.005,FL,0.0052
40.8,-74.8,193,1,2.005,NJ,0.0052
38.5,-120.5,193,6,2.052,CA,0.0311
41.6,-72.1,193,66,2.549,CT,0.342
42.3,-123.3,193,0,2.0,OR,0.0
42.9,-121.8,193,7,2.067,OR,0.0363
36.0,-119.1,193,4,2.005,CA,0.0207
34.8,-114.6,193,23,2.145,CA,0.1192
38.1,-121.5,193,5,2.036,CA,0.0259
39.6,-104.7,193,4,2.026,CO,0.0207
45.3,-123.8,193,9,2.083,OR,0.0466
39.8,-76.0,192,21,2.13,PA,0.1094
41.2,-77.2,192,14,2.141,PA,0.0729
32.9,-83.8,192,88,2.531,GA,0.4583
34.0,-84.4,192,22,2.146,GA,0.1146
34.7,-79.8,192,2,1.99,SC,0.0104
39.5,-104.8,192,18,2.099,CO,0.0938
28.8,-82.3,192,7,2.063,FL,0.0365
32.2,-86.4,192,70,2.385,AL,0.3646
33.7,-117.5,192,62,2.328,CA,0.3229
36.3,-120.3,192,50,2.281,CA,0.2604
38.9,-120.9,192,4,2.042,CA,0.0208
38.0,-87.5,192,55,2.521,IN,0.2865
30.3,-87.4,191,3,2.026,FL,0.0157
38.3,-77.4,191,28,2.283,VA,0.1466
41.1,-76.8,191,27,2.199,PA,0.1414
31.1,-81.6,191,95,2.602,GA,0.4974
35.6,-82.3,191,83,2.471,NC,0.4346
36.4,-119.9,191,1,2.005,CA,0.0052
36.9,-77.8,191,48,2.293,VA,0.2513
41.0,-81.7,191,67,2.414,OH,0.3508
40.0,-78.4,191,18,2.147,PA,0.0942
42.8,-84.5,191,43,2.33,MI,0.2251
33.6,-84.6,191,80,2.565,GA,0.4188
37.1,-77.5,191,42,2.366,VA,0.2199
45.4,-123.1,191,25,2.251,OR,0.1309
44.1,-123.3,190,4,2.037,OR,0.0211
44.1,-93.3,190,14,2.074,MN,0.0737
45.0,-123.1,190,12,2.089,OR,0.0632
35.5,-78.4,190,44,2.337,NC,0.2316
42.5,-71.8,190,20,2.068,MA,0.1053
42.3,-85.0,190,86,2.668,MI,0.4526
35.0,-111.7,190,36,2.247,AZ,0.1895
39.3,-121.4,190,0,2.0,CA,0.0
39.6,-121.7,190,11,2.089,CA,0.0579
42.1,-73.7,190,9,2.047,NY,0.0474
34.4,-119.1,190,4,2.021,CA,0.0211
36.5,-121.7,190,0,1.989,CA,0.0
42.9,-123.2,190,20,2.111,OR,0.1053
43.0,-78.3,190,4,2.032,NY,0.0211
38.5,-112.6,190,36,2.205,UT,0.1895
40.3,-80.1,190,13,2.111,PA,0.0684
42.2,-85.8,190,63,2.432,MI,0.3316
27.7,-82.6,189,0,1.968,FL,0.0
33.9,-86.9,189,88,2.497,AL,0.4656
43.0,-82.4,189,34,2.217,MI,0.1799
37.9,-120.6,189,1,2.005,CA,0.0053
40.9,-123.7,189,1,2.0,CA,0.0053
45.6,-123.9,189,7,2.063,OR,0.037
36.1,-119.6,189,0,1.989,CA,0.0
38.4,-82.2,189,9,2.09,WV,0.0476
45.6,-110.6,189,7,2.074,MT,0.037
30.4,-83.5,189,76,2.439,FL,0.4021
31.8,-85.9,189,5,2.026,AL,0.0265
38.6,-122.5,189,5,2.032,CA,0.0265
30.5,-84.5,189,20,2.116,FL,0.1058
34.2,-81.2,189,3,2.005,SC,0.0159
38.9,-122.8,189,3,2.016,CA,0.0159
39.4,-94.8,189,40,2.233,MO,0.2116
37.0,-119.8,188,7,2.053,CA,0.0372
28.1,-81.6,188,17,2.08,FL,0.0904
35.7,-118.5,188,6,2.043,CA,0.0319
36.8,-80.9,188,53,2.314,VA,0.2819
30.4,-88.9,188,68,2.415,MS,0.3617
33.7,-84.7,188,85,2.559,GA,0.4521
43.6,-89.8,188,73,2.473,WI,0.3883
34.1,-79.3,188,4,2.005,SC,0.0213
34.7,-85.0,188,96,2.59,GA,0.5106
35.7,-80.5,188,38,2.287,NC,0.2021
38.0,-121.6,188,0,1.995,CA,0.0
39.2,-77.6,188,32,2.34,VA,0.1702
39.1,-84.2,188,16,2.133,OH,0.0851
41.0,-75.1,188,64,2.436,PA,0.3404
41.5,-82.0,188,57,2.298,OH,0.3032
30.4,-83.6,187,90,2.492,FL,0.4813
35.2,-85.3,187,4,2.027,TN,0.0214
40.3,-79.3,187,41,2.422,PA,0.2193
42.9,-70.9,187,75,2.444,MA,0.4011
45.8,-120.0,187,17,2.112,OR,0.0909
39.1,-84.7,187,54,2.348,KY,0.2888
43.6,-73.7,187,52,2.283,NY,0.2781
30.5,-88.4,187,57,2.31,AL,0.3048
38.2,-77.2,187,29,2.283,VA,0.1551
40.4,-120.6,187,3,2.016,CA,0.016
41.8,-71.9,187,69,2.647,CT,0.369
30.3,-86.0,187,1,2.011,FL,0.0053
35.1,-111.7,187,56,2.364,AZ,0.2995
45.9,-93.0,187,14,2.08,MN,0.0749
29.4,-95.1,187,114,2.743,TX,0.6096
33.8,-83.9,187,71,2.717,GA,0.3797
37.7,-79.4,187,27,2.246,VA,0.1444
40.2,-78.9,187,8,2.08,PA,0.0428
41.0,-80.4,187,39,2.358,PA,0.2086
42.9,-83.9,187,3,2.011,MI,0.016
45.3,-122.3,187,60,2.578,OR,0.3209
41.1,-81.4,186,67,2.366,OH,0.3602
42.5,-71.6,186,10,2.054,MA,0.0538
42.3,-85.1,186,67,2.452,MI,0.3602
43.6,-122.0,186,5,2.048,OR,0.0269
38.4,-121.2,186,4,2.032,CA,0.0215
41.8,-86.7,186,104,2.661,MI,0.5591
34.6,-80.7,186,0,1.978,SC,0.0
38.5,-90.7,186,118,2.667,MO,0.6344
40.7,-75.0,186,35,2.312,NJ,0.1882
40.6,-79.7,186,35,2.349,PA,0.1882
42.7,-83.8,186,23,2.199,MI,0.1237
44.7,-117.6,186,19,2.161,OR,0.1022
39.7,-106.7,186,58,2.457,CO,0.3118
39.8,-78.2,186,44,2.285,PA,0.2366
29.7,-98.1,185,111,2.654,TX,0.6
34.6,-118.3,185,1,2.011,CA,0.0054
40.4,-78.8,185,6,2.065,PA,0.0324
37.0,-79.9,185,40,2.395,VA,0.2162
33.1,-84.9,185,63,2.389,GA,0.3405
34.3,-117.8,185,2,2.011,CA,0.0108
41.8,-73.1,185,61,2.611,CT,0.3297
44.4,-124.1,185,1,2.0,OR,0.0054
34.0,-79.1,185,0,1.984,SC,0.0
34.4,-82.2,185,1,1.973,SC,0.0054
34.8,-120.5,185,7,2.059,CA,0.0378
35.8,-78.0,185,55,2.443,NC,0.2973
36.0,-77.9,185,56,2.449,NC,0.3027
38.3,-121.4,185,2,1.995,CA,0.0108
29.4,-82.1,185,12,2.124,FL,0.0649
33.2,-80.5,185,6,2.016,SC,0.0324
38.9,-84.5,185,0,1.984,KY,0.0
39.6,-84.1,185,0,1.978,OH,0.0
46.6,-92.6,185,6,2.032,MN,0.0324
29.0,-81.9,184,4,2.038,FL,0.0217
34.9,-111.6,184,61,2.364,AZ,0.3315
41.1,-87.3,184,82,2.56,IN,0.4457
36.1,-85.4,184,29,2.168,TN,0.1576
39.3,-122.2,184,25,2.147,CA,0.1359
43.5,-73.8,184,58,2.342,NY,0.3152
35.2,-119.5,184,0,1.995,CA,0.0
35.2,-111.5,184,48,2.321,AZ,0.2609
36.8,-120.1,184,0,1.967,CA,0.0
38.5,-77.0,184,35,2.359,MD,0.1902
39.6,-121.6,184,5,2.038,CA,0.0272
41.2,-79.7,184,61,2.516,PA,0.3315
39.4,-84.5,184,4,2.022,OH,0.0217
40.5,-78.0,184,5,2.049,PA,0.0272
31.9,-86.6,184,112,2.641,AL,0.6087
34.7,-80.6,184,3,2.0,SC,0.0163
38.9,-121.6,184,13,2.098,CA,0.0707
44.7,-124.1,184,4,2.033,OR,0.0217
47.5,-92.5,184,2,2.016,MN,0.0109
36.6,-119.9,183,0,2.0,CA,0.0
41.0,-76.0,183,50,2.372,PA,0.2732
41.9,-88.3,183,36,2.246,IL,0.1967
29.6,-81.7,183,4,2.027,FL,0.0219
30.3,-85.6,183,5,2.044,FL,0.0273
31.7,-85.8,183,6,2.044,AL,0.0328
39.7,-110.9,183,7,2.066,UT,0.0383
42.8,-85.6,183,9,2.022,MI,0.0492
30.0,-95.8,183,34,2.284,TX,0.1858
44.1,-122.6,183,78,2.842,OR,0.4262
34.3,-77.8,183,21,2.202,NC,0.1148
34.4,-77.7,183,17,2.142,NC,0.0929
37.2,-81.1,183,62,2.426,VA,0.3388
46.4,-122.9,183,65,2.415,WA,0.3552
40.9,-80.3,183,17,2.186,PA,0.0929
41.5,-72.7,183,66,2.519,CT,0.3607
33.4,-80.9,182,0,1.995,SC,0.0
39.4,-75.0,182,45,2.44,NJ,0.2473
41.9,-71.3,182,102,2.56,MA,0.5604
33.6,-86.2,182,82,2.5,AL,0.4505
38.8,-120.3,182,4,2.005,CA,0.022
41.1,-85.2,182,56,2.401,IN,0.3077
34.6,-120.4,182,10,2.088,CA,0.0549
35.8,-94.2,182,25,2.253,AR,0.1374
46.1,-123.2,182,10,2.082,OR,0.0549
37.4,-120.5,182,2,2.011,CA,0.011
40.1,-75.9,182,9,2.071,PA,0.0495
41.9,-86.6,182,89,2.538,MI,0.489
42.0,-86.5,182,88,2.582,MI,0.4835
42.2,-73.7,182,18,2.181,NY,0.0989
42.4,-123.4,181,0,2.0,OR,0.0
39.1,-75.5,181,46,2.481,DE,0.2541
39.8,-83.0,181,42,2.414,OH,0.232
40.7,-73.1,181,22,2.144,NY,0.1215
42.6,-83.9,181,75,2.475,MI,0.4144
44.1,-122.5,181,47,2.503,OR,0.2597
45.7,-123.9,181,2,2.011,OR,0.011
30.6,-84.4,181,2,2.022,FL,0.011
34.6,-79.1,181,67,2.497,NC,0.3702
40.6,-73.8,181,43,2.337,NY,0.2376
30.8,-85.8,181,42,2.249,FL,0.232
36.3,-121.3,181,2,2.0,CA,0.011
37.8,-120.3,181,10,2.077,CA,0.0552
38.3,-121.8,181,4,2.006,CA,0.0221
43.0,-76.7,181,2,2.017,NY,0.011
43.6,-124.2,181,2,2.011,OR,0.011
45.6,-93.2,181,1,2.0,MN,0.0055
41.7,-71.1,180,68,2.383,MA,0.3778
34.3,-78.0,180,41,2.317,NC,0.2278
37.3,-79.3,180,39,2.411,VA,0.2167
47.7,-122.7,180,27,2.167,WA,0.15
28.9,-81.6,180,5,2.056,FL,0.0278
33.7,-85.2,180,92,2.744,GA,0.5111
35.8,-84.3,180,59,2.378,TN,0.3278
38.4,-120.5,180,2,2.022,CA,0.0111
38.6,-78.8,180,55,2.594,VA,0.3056
31.9,-81.3,180,67,2.433,GA,0.3722
38.7,-76.1,179,32,2.296,MD,0.1788
43.7,-93.0,179,19,2.112,MN,0.1061
29.1,-82.4,179,10,2.106,FL,0.0559
34.3,-82.6,179,1,2.011,SC,0.0056
36.7,-82.1,179,51,2.38,VA,0.2849
38.7,-112.6,179,36,2.207,UT,0.2011
41.1,-80.7,179,62,2.419,OH,0.3464
29.0,-81.1,179,14,2.134,FL,0.0782
39.0,-122.4,179,8,2.067,CA,0.0447
41.5,-81.4,179,35,2.162,OH,0.1955
41.6,-124.1,179,1,2.011,CA,0.0056
44.4,-92.8,179,5,2.045,MN,0.0279
47.7,-117.1,179,56,2.352,WA,0.3128
35.6,-82.4,179,51,2.352,NC,0.2849
28.8,-81.7,179,2,2.022,FL,0.0112
34.1,-82.2,179,4,2.045,SC,0.0223
35.1,-81.3,179,1,2.006,SC,0.0056
35.3,-94.4,179,15,2.134,AR,0.0838
38.5,-120.9,179,2,2.017,CA,0.0112
45.6,-123.0,179,21,2.19,OR,0.1173
34.3,-83.4,179,83,2.52,GA,0.4637
37.1,-79.9,179,36,2.369,VA,0.2011
37.9,-120.5,179,8,2.045,CA,0.0447
39.9,-84.1,179,72,2.425,OH,0.4022
41.8,-73.6,179,9,2.073,NY,0.0503
43.0,-73.9,179,14,2.112,NY,0.0782
44.4,-121.7,179,6,2.067,OR,0.0335
37.9,-104.8,178,47,2.393,CO,0.264
38.4,-123.1,178,5,2.011,CA,0.0281
39.6,-107.5,178,56,2.404,CO,0.3146
40.3,-120.5,178,5,2.039,CA,0.0281
43.6,-123.2,178,9,2.062,OR,0.0506
35.3,-119.2,178,23,2.129,CA,0.1292
35.9,-79.9,178,63,2.483,NC,0.3539
38.9,-78.0,178,52,2.36,VA,0.2921
34.9,-86.7,178,5,2.039,AL,0.0281
39.8,-84.8,178,52,2.444,IN,0.2921
43.7,-116.5,178,3,2.034,ID,0.0169
33.5,-81.1,177,2,2.006,SC,0.0113
33.6,-83.5,177,99,2.706,GA,0.5593
35.8,-120.7,177,2,2.006,CA,0.0113
40.5,-79.7,177,33,2.345,PA,0.1864
43.3,-77.8,177,4,2.023,NY,0.0226
39.8,-111.8,177,38,2.243,UT,0.2147
42.2,-85.7,177,62,2.446,MI,0.3503
43.2,-121.8,177,4,2.04,OR,0.0226
34.3,-83.5,177,74,2.537,GA,0.4181
41.8,-71.3,177,88,2.486,MA,0.4972
35.5,-82.7,177,14,2.147,NC,0.0791
38.8,-121.9,177,34,2.203,CA,0.1921
30.4,-83.3,177,75,2.469,FL,0.4237
36.6,-77.6,177,81,2.537,VA,0.4576
44.1,-124.1,177,2,2.017,OR,0.0113
46.0,-94.3,177,1,2.006,MN,0.0056
34.5,-82.3,176,1,1.983,SC,0.0057
30.4,-87.0,176,1,2.006,FL,0.0057
41.4,-112.1,176,58,2.347,UT,0.3295
40.9,-76.0,176,61,2.472,PA,0.3466
42.5,-87.8,176,52,2.313,IL,0.2955
43.0,-78.1,176,6,2.045,NY,0.0341
38.8,-90.0,176,106,2.648,IL,0.6023
41.2,-79.2,176,34,2.307,PA,0.1932
30.8,-88.3,175,12,2.069,AL,0.0686
38.5,-90.8,175,102,2.657,MO,0.5829
45.7,-119.1,175,11,2.08,OR,0.0629
34.5,-120.1,175,5,2.046,CA,0.0286
37.9,-76.9,175,37,2.383,VA,0.2114
40.0,-77.5,175,49,2.366,PA,0.28
30.6,-84.9,175,51,2.349,FL,0.2914
34.7,-81.7,175,0,1.994,SC,0.0
45.5,-118.5,175,21,2.171,OR,0.12
45.9,-123.7,175,1,2.011,OR,0.0057
47.5,-94.9,175,1,2.006,MN,0.0057
26.1,-80.5,175,26,2.223,FL,0.1486
37.4,-79.2,175,9,2.08,VA,0.0514
43.3,-71.6,175,83,2.509,NH,0.4743
38.0,-120.5,174,2,2.017,CA,0.0115
42.1,-88.5,174,100,2.626,IL,0.5747
35.1,-80.6,174,27,2.218,NC,0.1552
40.5,-76.1,174,53,2.42,PA,0.3046
27.1,-82.1,174,14,2.092,FL,0.0805
39.5,-121.7,174,3,2.023,CA,0.0172
45.7,-121.9,174,22,2.172,OR,0.1264
30.4,-89.0,174,50,2.31,MS,0.2874
30.6,-87.4,174,43,2.287,FL,0.2471
41.3,-95.8,174,39,2.27,IA,0.2241
43.2,-85.6,174,10,2.069,MI,0.0575
36.5,-119.7,173,1,1.994,CA,0.0058
44.4,-122.8,173,4,2.04,OR,0.0231
39.7,-75.1,173,32,2.312,NJ,0.185
48.1,-122.1,173,20,2.179,WA,0.1156
35.1,-119.5,173,0,2.0,CA,0.0
38.8,-120.4,173,5,2.04,CA,0.0289
35.5,-119.1,173,14,2.145,CA,0.0809
40.8,-76.2,173,46,2.364,PA,0.2659
40.9,-73.7,173,33,2.185,NY,0.1908
38.7,-85.8,173,78,2.734,IN,0.4509
41.1,-81.7,173,49,2.289,OH,0.2832
42.2,-71.7,173,88,2.509,MA,0.5087
46.1,-123.1,173,6,2.04,OR,0.0347
30.7,-85.0,173,36,2.249,FL,0.2081
35.9,-84.4,173,61,2.41,TN,0.3526
39.7,-105.8,173,53,2.37,CO,0.3064
44.0,-123.1,173,8,2.046,OR,0.0462
36.0,-78.4,172,18,2.198,NC,0.1047
38.1,-120.2,172,1,2.012,CA,0.0058
41.4,-112.0,172,6,2.035,UT,0.0349
40.0,-85.7,172,70,2.506,IN,0.407
30.6,-81.7,172,68,2.413,FL,0.3953
33.4,-81.0,172,2,1.988,SC,0.0116
38.2,-122.0,172,2,1.977,CA,0.0116
40.8,-78.0,172,11,2.105,PA,0.064
42.4,-85.7,172,39,2.39,MI,0.2267
46.8,-114.1,172,5,2.052,MT,0.0291
34.6,-80.6,172,1,2.006,SC,0.0058
31.4,-83.5,172,102,2.703,GA,0.593
32.7,-97.6,172,83,2.547,TX,0.4826
38.9,-119.7,172,11,2.093,NV,0.064
41.1,-78.6,172,8,2.058,PA,0.0465
35.3,-118.6,172,3,2.017,CA,0.0174
35.5,-97.8,172,28,2.169,OK,0.1628
39.0,-120.9,172,1,2.0,CA,0.0058
39.9,-85.1,172,51,2.378,IN,0.2965
41.7,-70.2,172,7,2.017,MA,0.0407
45.4,-92.7,172,4,2.023,MN,0.0233
36.1,-87.1,171,42,2.316,TN,0.2456
38.9,-120.8,171,0,2.0,CA,0.0
41.7,-72.5,171,32,2.304,CT,0.1871
36.5,-82.5,171,59,2.427,TN,0.345
29.6,-95.7,171,85,2.637,TX,0.4971
29.8,-95.9,171,94,2.649,TX,0.5497
35.0,-117.5,171,10,2.094,CA,0.0585
36.7,-119.4,171,0,2.0,CA,0.0
37.9,-122.7,171,4,2.012,CA,0.0234
39.7,-78.1,171,72,2.526,MD,0.4211
32.2,-86.1,170,13,2.124,AL,0.0765
33.8,-87.3,170,19,2.1,AL,0.1118
30.3,-91.9,170,112,2.735,LA,0.6588
32.5,-110.9,170,4,1.982,AZ,0.0235
37.9,-121.0,170,3,2.0,CA,0.0176
38.5,-78.9,170,66,2.747,VA,0.3882
44.3,-121.1,170,12,2.129,OR,0.0706
33.8,-83.7,170,75,2.818,GA,0.4412
41.3,-88.2,170,133,2.806,IL,0.7824
42.1,-71.9,170,47,2.224,MA,0.2765
33.1,-80.4,170,1,2.0,SC,0.0059
30.5,-84.1,170,8,2.053,FL,0.0471
34.2,-79.2,170,2,2.012,SC,0.0118
36.5,-77.6,170,59,2.453,NC,0.3471
36.9,-81.4,170,61,2.406,VA,0.3588
34.4,-117.7,170,8,2.076,CA,0.0471
34.4,-92.8,170,23,2.241,AR,0.1353
34.4,-82.8,170,2,2.006,SC,0.0118
39.4,-121.5,170,0,2.0,CA,0.0
43.9,-91.6,170,11,2.065,MN,0.0647
32.6,-85.5,169,73,2.467,AL,0.432
33.4,-80.3,169,0,1.988,SC,0.0
39.3,-77.2,169,38,2.414,MD,0.2249
46.7,-112.0,169,3,2.03,MT,0.0178
42.5,-85.7,169,37,2.396,MI,0.2189
33.5,-79.6,169,0,1.988,SC,0.0
42.0,-78.6,169,4,2.041,PA,0.0237
42.7,-78.9,169,21,2.231,NY,0.1243
47.5,-122.6,169,23,2.195,WA,0.1361
28.3,-80.8,169,38,2.225,FL,0.2249
33.9,-84.0,169,46,2.456,GA,0.2722
36.4,-87.0,169,58,2.426,TN,0.3432
40.9,-123.6,169,0,2.0,CA,0.0
44.0,-92.6,169,2,2.012,MN,0.0118
45.7,-122.5,169,14,2.089,WA,0.0828
36.6,-78.2,168,87,2.667,VA,0.5179
33.5,-84.4,168,42,2.423,GA,0.25
47.5,-122.0,168,92,2.565,WA,0.5476
33.8,-116.4,168,81,2.482,CA,0.4821
39.7,-76.9,168,33,2.387,PA,0.1964
41.8,-73.7,168,7,2.03,NY,0.0417
42.2,-122.6,168,29,2.196,OR,0.1726
44.1,-122.7,168,54,2.631,OR,0.3214
41.6,-72.0,168,84,2.851,CT,0.5
32.3,-90.0,168,50,2.363,MS,0.2976
36.1,-85.3,168,68,2.47,TN,0.4048
40.0,-78.6,168,25,2.244,PA,0.1488
33.3,-84.0,168,70,2.798,GA,0.4167
36.3,-119.9,168,1,1.994,CA,0.006
39.8,-77.1,168,14,2.143,PA,0.0833
46.7,-113.4,168,2,2.024,MT,0.0119
34.8,-86.8,167,2,2.024,AL,0.012
35.6,-120.6,167,0,2.0,CA,0.0
46.7,-113.3,167,1,2.012,MT,0.006
34.7,-80.0,167,1,2.006,SC,0.006
39.9,-82.7,167,62,2.443,OH,0.3713
39.9,-74.7,167,36,2.407,NJ,0.2156
41.3,-72.2,167,59,2.413,CT,0.3533
33.5,-82.3,167,90,2.593,GA,0.5389
43.6,-70.4,167,20,2.12,ME,0.1198
45.7,-119.0,167,6,2.06,OR,0.0359
46.7,-113.2,167,3,2.03,MT,0.018
32.7,-111.5,167,67,2.551,AZ,0.4012
33.5,-80.6,167,0,1.988,SC,0.0
42.1,-86.5,167,56,2.473,MI,0.3353
44.8,-122.7,167,18,2.21,OR,0.1078
44.8,-91.5,167,49,2.353,WI,0.2934
39.0,-123.0,166,1,2.0,CA,0.006
39.6,-76.4,166,20,2.241,MD,0.1205
39.8,-121.8,166,2,2.018,CA,0.012
40.0,-79.0,166,8,2.048,PA,0.0482
41.5,-71.7,166,79,2.446,RI,0.4759
45.7,-94.2,166,4,2.036,MN,0.0241
45.8,-95.2,166,7,2.048,MN,0.0422
27.5,-82.7,166,5,2.036,FL,0.0301
32.2,-81.5,166,74,2.59,GA,0.4458
41.4,-73.7,166,15,2.175,NY,0.0904
30.1,-95.5,166,16,2.102,TX,0.0964
44.1,-122.8,166,52,2.62,OR,0.3133
31.3,-92.5,166,34,2.265,LA,0.2048
36.7,-119.3,166,1,2.0,CA,0.006
37.6,-79.7,166,59,2.452,VA,0.3554
38.8,-121.0,166,3,2.018,CA,0.0181
39.0,-74.9,166,34,2.386,NJ,0.2048
40.6,-78.7,166,6,2.054,PA,0.0361
35.2,-114.6,166,9,2.084,NV,0.0542
38.8,-85.8,166,61,2.566,IN,0.3675
40.9,-76.6,166,17,2.181,PA,0.1024
45.9,-95.6,166,8,2.048,MN,0.0482
48.4,-122.6,166,35,2.319,WA,0.2108
32.7,-96.3,165,69,2.455,TX,0.4182
35.2,-112.3,165,46,2.315,AZ,0.2788
35.8,-81.0,165,62,2.515,NC,0.3758
39.9,-105.2,165,35,2.388,CO,0.2121
47.0,-114.1,165,7,2.079,MT,0.0424
35.6,-78.4,165,23,2.255,NC,0.1394
38.6,-78.6,165,71,2.848,VA,0.4303
40.6,-74.8,165,52,2.327,NJ,0.3152
43.2,-75.3,165,7,2.073,NY,0.0424
43.6,-95.0,165,9,2.055,MN,0.0545
46.8,-95.9,165,0,1.994,MN,0.0
40.2,-75.0,165,16,2.145,PA,0.097
30.2,-84.3,165,1,2.012,FL,0.0061
30.7,-85.4,165,5,2.036,FL,0.0303
45.4,-122.1,165,11,2.097,OR,0.0667
45.7,-121.6,165,23,2.182,OR,0.1394
39.5,-74.6,165,36,2.4,NJ,0.2182
39.6,-77.9,165,25,2.218,WV,0.1515
40.3,-83.0,165,21,2.236,OH,0.1273
36.1,-119.2,165,4,2.048,CA,0.0242
39.2,-84.8,165,54,2.43,OH,0.3273
40.6,-78.8,165,17,2.194,PA,0.103
41.7,-86.8,165,59,2.57,IN,0.3576
26.8,-81.4,164,21,2.232,FL,0.128
28.6,-80.8,164,2,1.994,FL,0.0122
29.1,-81.2,164,29,2.201,FL,0.1768
33.4,-84.6,164,46,2.476,GA,0.2805
43.2,-70.9,164,9,2.091,NH,0.0549
45.3,-123.2,164,25,2.262,OR,0.1524
33.8,-79.5,164,1,2.0,SC,0.0061
35.9,-78.3,164,17,2.189,NC,0.1037
34.3,-86.9,164,67,2.427,AL,0.4085
34.4,-82.1,164,2,2.012,SC,0.0122
37.1,-120.5,164,6,2.049,CA,0.0366
39.4,-77.0,164,61,2.726,MD,0.372
40.7,-74.8,164,86,2.579,NJ,0.5244
42.0,-71.9,164,35,2.311,CT,0.2134
44.7,-117.7,164,10,2.091,OR,0.061
46.3,-94.3,164,1,2.0,MN,0.0061
30.6,-83.1,163,63,2.411,FL,0.3865
33.5,-117.3,163,0,2.0,CA,0.0
34.7,-118.3,163,0,2.0,CA,0.0
40.5,-77.4,163,6,2.074,PA,0.0368
44.3,-123.2,163,12,2.117,OR,0.0736
35.4,-120.9,163,2,2.012,CA,0.0123
32.3,-111.2,163,0,1.908,AZ,0.0
39.6,-74.4,163,21,2.227,NJ,0.1288
35.2,-118.8,163,9,2.098,CA,0.0552
37.7,-121.2,163,0,2.0,CA,0.0
40.1,-79.8,163,38,2.374,PA,0.2331
40.5,-111.5,163,11,2.092,UT,0.0675
41.1,-85.0,163,51,2.552,IN,0.3129
30.8,-86.5,163,5,2.043,FL,0.0307
38.8,-111.5,163,7,2.043,UT,0.0429
44.2,-92.6,163,4,2.031,MN,0.0245
46.6,-111.9,163,3,2.037,MT,0.0184
30.4,-91.4,163,78,2.528,LA,0.4785
30.6,-84.2,163,1,2.006,FL,0.0061
31.8,-81.4,163,73,2.62,GA,0.4479
36.4,-121.9,163,4,2.031,CA,0.0245
40.0,-78.8,163,9,2.074,PA,0.0552
41.8,-77.1,163,2,2.012,PA,0.0123
42.2,-72.6,163,95,2.626,MA,0.5828
42.6,-89.0,163,83,2.583,WI,0.5092
28.9,-82.6,162,4,2.037,FL,0.0247
33.8,-81.3,162,0,1.994,SC,0.0
43.9,-122.8,162,7,2.049,OR,0.0432
30.6,-84.6,162,5,2.049,FL,0.0309
41.8,-88.4,162,83,2.556,IL,0.5123
30.8,-85.2,162,0,2.0,FL,0.0
35.7,-81.7,162,49,2.444,NC,0.3025
39.2,-121.4,162,8,2.074,CA,0.0494
41.4,-82.2,162,48,2.222,OH,0.2963
34.6,-92.4,162,8,2.086,AR,0.0494
34.8,-118.3,162,6,2.074,CA,0.037
43.7,-92.9,162,16,2.099,MN,0.0988
44.4,-92.9,162,5,2.056,MN,0.0309
34.2,-117.8,161,1,2.006,CA,0.0062
34.5,-117.1,161,4,2.05,CA,0.0248
43.7,-94.4,161,10,2.081,MN,0.0621
45.9,-118.4,161,4,2.037,OR,0.0248
30.6,-87.7,161,42,2.323,AL,0.2609
35.4,-119.5,161,14,2.106,CA,0.087
36.8,-120.7,161,39,2.248,CA,0.2422
43.5,-71.6,161,61,2.385,NH,0.3789
30.4,-84.4,161,4,2.031,FL,0.0248
33.6,-81.1,161,1,1.994,SC,0.0062
34.7,-118.0,161,4,2.037,CA,0.0248
42.5,-122.9,161,7,2.081,OR,0.0435
48.2,-122.1,161,32,2.304,WA,0.1988
34.4,-77.9,161,66,2.522,NC,0.4099
36.8,-81.5,161,40,2.317,VA,0.2484
40.2,-74.0,161,51,2.547,NJ,0.3168
29.4,-81.1,161,12,2.099,FL,0.0745
32.4,-86.5,161,5,2.05,AL,0.0311
40.1,-80.0,161,58,2.571,PA,0.3602
43.2,-78.0,161,3,2.019,NY,0.0186
32.6,-80.8,161,0,1.988,SC,0.0
33.9,-80.2,161,5,2.043,SC,0.0311
34.6,-80.9,161,0,1.994,SC,0.0
38.3,-77.3,161,39,2.472,VA,0.2422
47.4,-122.1,161,18,2.143,WA,0.1118
32.8,-111.7,160,72,2.481,AZ,0.45
45.9,-95.4,160,10,2.069,MN,0.0625
33.7,-84.6,160,44,2.513,GA,0.275
37.1,-121.9,160,0,1.994,CA,0.0
38.4,-75.2,160,24,2.275,MD,0.15
34.7,-79.6,160,3,2.019,SC,0.0188
35.0,-78.8,160,29,2.281,NC,0.1812
39.6,-84.4,160,0,1.963,OH,0.0
44.5,-122.8,160,1,2.006,OR,0.0062
45.8,-122.8,160,9,2.088,OR,0.0562
42.7,-79.0,160,82,2.563,NY,0.5125
42.8,-85.5,160,13,2.094,MI,0.0812
43.9,-95.1,160,2,2.013,MN,0.0125
46.8,-123.0,160,65,2.444,WA,0.4062
33.0,-116.9,160,10,2.113,CA,0.0625
35.2,-119.4,160,3,2.013,CA,0.0188
35.3,-97.4,160,3,2.013,OK,0.0188
36.8,-79.9,160,30,2.331,VA,0.1875
39.2,-75.6,160,41,2.488,DE,0.2562
40.6,-122.5,160,10,2.119,CA,0.0625
42.0,-91.6,160,19,2.169,IA,0.1188
43.1,-77.9,160,33,2.231,NY,0.2062
47.3,-115.2,160,6,2.05,MT,0.0375
33.4,-111.5,159,17,2.145,AZ,0.1069
39.7,-77.3,159,26,2.283,MD,0.1635
32.7,-116.9,159,7,2.063,CA,0.044
41.0,-76.7,159,16,2.164,PA,0.1006
44.3,-124.1,159,11,2.107,OR,0.0692
33.9,-79.9,159,1,2.0,SC,0.0063
36.8,-77.9,159,38,2.377,VA,0.239
39.9,-83.8,159,60,2.491,OH,0.3774
41.1,-111.6,159,42,2.327,UT,0.2642
42.5,-96.4,159,65,2.503,IA,0.4088
35.4,-118.8,159,13,2.164,CA,0.0818
38.5,-77.9,159,18,2.208,VA,0.1132
42.2,-89.0,159,88,2.597,IL,0.5535
30.2,-95.4,159,109,2.73,TX,0.6855
34.6,-79.6,159,1,2.0,SC,0.0063
41.0,-122.4,159,0,2.0,CA,0.0
41.2,-105.4,159,27,2.277,WY,0.1698
39.4,-80.2,158,5,2.051,WV,0.0316
39.9,-76.5,158,17,2.196,PA,0.1076
35.8,-90.7,158,12,2.133,AR,0.0759
37.7,-97.2,158,21,2.215,KS,0.1329
48.9,-122.6,158,75,2.5,WA,0.4747
40.4,-76.4,158,29,2.354,PA,0.1835
41.0,-78.1,158,18,2.184,PA,0.1139
32.5,-92.1,158,106,2.722,LA,0.6709
34.8,-111.6,158,18,2.152,AZ,0.1139
40.0,-74.7,158,26,2.272,NJ,0.1646
44.0,-91.6,158,1,1.994,MN,0.0063
44.9,-120.9,158,10,2.12,OR,0.0633
39.9,-111.8,158,9,2.057,UT,0.057
40.1,-85.7,158,78,2.544,IN,0.4937
41.7,-112.1,158,39,2.253,UT,0.2468
34.4,-82.0,158,5,2.063,SC,0.0316
34.7,-80.9,158,1,1.981,SC,0.0063
35.9,-119.9,158,37,2.241,CA,0.2342
37.8,-79.9,158,46,2.392,VA,0.2911
38.3,-122.9,158,2,2.013,CA,0.0127
32.4,-110.9,157,2,1.943,AZ,0.0127
40.2,-80.3,157,53,2.529,PA,0.3376
45.7,-94.7,157,15,2.102,MN,0.0955
34.1,-81.4,157,1,2.013,SC,0.0064
39.2,-74.7,157,9,2.076,NJ,0.0573
39.6,-110.8,157,10,2.089,UT,0.0637
41.5,-93.8,157,58,2.446,IA,0.3694
39.1,-77.4,157,10,2.108,VA,0.0637
34.0,-86.4,157,4,2.032,AL,0.0255
34.7,-120.3,157,1,2.0,CA,0.0064
40.2,-79.5,157,34,2.395,PA,0.2166
43.5,-83.9,157,78,2.618,MI,0.4968
35.3,-82.5,157,19,2.229,NC,0.121
37.0,-120.2,157,0,1.994,CA,0.0
37.3,-93.2,157,20,2.127,MO,0.1274
40.9,-77.5,157,17,2.191,PA,0.1083
42.9,-85.9,157,5,1.994,MI,0.0318
30.5,-85.4,156,5,2.038,FL,0.0321
33.4,-79.9,156,1,2.0,SC,0.0064
36.9,-76.0,156,1,1.981,VA,0.0064
39.8,-89.6,156,134,2.949,IL,0.859
35.9,-84.6,156,50,2.333,TN,0.3205
31.2,-89.3,156,34,2.25,MS,0.2179
33.6,-81.6,156,1,2.0,SC,0.0064
44.1,-123.5,156,8,2.096,OR,0.0513
33.6,-80.3,156,8,2.058,SC,0.0513
40.6,-73.6,156,14,2.141,NY,0.0897
41.2,-85.1,156,57,2.442,IN,0.3654
43.4,-84.0,156,71,2.891,MI,0.4551
46.4,-94.3,156,0,1.994,MN,0.0
33.6,-81.0,156,0,1.981,SC,0.0
33.4,-112.7,156,50,2.321,AZ,0.3205
33.4,-112.5,156,8,2.013,AZ,0.0513
34.0,-112.7,156,23,2.269,AZ,0.1474
37.6,-77.9,156,33,2.397,VA,0.2115
41.5,-83.5,156,84,2.647,OH,0.5385
42.7,-84.2,156,76,2.654,MI,0.4872
43.7,-94.1,156,8,2.051,MN,0.0513
41.6,-73.6,155,6,2.052,NY,0.0387
30.3,-89.7,155,79,2.574,LA,0.5097
33.2,-84.0,155,73,2.535,GA,0.471
37.4,-113.2,155,34,2.258,UT,0.2194
41.9,-75.7,155,37,2.329,PA,0.2387
42.5,-79.2,155,12,2.123,NY,0.0774
44.0,-92.3,155,1,2.013,MN,0.0065
28.9,-81.9,155,2,2.019,FL,0.0129
38.1,-85.9,155,8,2.032,KY,0.0516
41.1,-80.8,155,73,2.613,OH,0.471
42.0,-83.4,155,61,2.639,MI,0.3935
30.7,-85.6,155,47,2.342,FL,0.3032
35.7,-120.3,155,6,2.071,CA,0.0387
34.8,-91.9,155,16,2.174,AR,0.1032
41.8,-71.1,155,17,2.097,MA,0.1097
45.4,-122.9,154,23,2.214,OR,0.1494
47.8,-122.6,154,24,2.234,WA,0.1558
41.1,-85.1,154,30,2.312,IN,0.1948
40.4,-78.7,154,11,2.136,PA,0.0714
41.7,-93.2,154,68,2.513,IA,0.4416
34.7,-117.3,154,1,2.013,CA,0.0065
27.6,-80.8,154,23,2.234,FL,0.1494
37.4,-79.3,154,41,2.5,VA,0.2662
37.5,-77.9,154,30,2.357,VA,0.1948
40.4,-78.9,154,2,2.019,PA,0.013
43.0,-124.1,154,3,2.032,OR,0.0195
43.1,-75.9,154,13,2.11,NY,0.0844
35.1,-114.6,154,32,2.396,AZ,0.2078
38.8,-75.8,154,34,2.403,MD,0.2208
45.7,-121.7,154,21,2.169,OR,0.1364
43.0,-86.2,153,10,2.065,MI,0.0654
43.3,-123.3,153,2,2.013,OR,0.0131
43.6,-95.8,153,22,2.144,MN,0.1438
47.0,-122.3,153,32,2.359,WA,0.2092
35.6,-77.4,153,22,2.137,NC,0.1438
28.9,-81.7,153,3,2.039,FL,0.0196
29.7,-98.6,153,83,2.549,TX,0.5425
36.4,-77.6,153,53,2.458,NC,0.3464
40.2,-80.1,153,54,2.556,PA,0.3529
46.5,-122.9,153,54,2.379,WA,0.3529
36.6,-86.6,153,42,2.359,TN,0.2745
40.6,-76.4,153,57,2.477,PA,0.3725
42.2,-86.3,153,61,2.51,MI,0.3987
42.2,-85.9,153,53,2.438,MI,0.3464
33.8,-80.3,153,2,1.993,SC,0.0131
39.0,-92.4,153,40,2.268,MO,0.2614
43.2,-76.2,153,14,2.17,NY,0.0915
34.8,-80.7,153,5,2.039,SC,0.0327
37.5,-79.1,153,28,2.34,VA,0.183
39.1,-120.2,153,2,2.026,CA,0.0131
44.6,-124.1,153,5,2.059,OR,0.0327
45.6,-120.9,153,6,2.039,OR,0.0392
46.4,-94.1,153,0,1.987,MN,0.0
42.7,-121.8,152,3,2.026,OR,0.0197
44.8,-122.8,152,8,2.079,OR,0.0526
39.3,-86.0,152,40,2.382,IN,0.2632
41.7,-91.7,152,48,2.368,IA,0.3158
42.0,-121.9,152,5,2.059,CA,0.0329
44.2,-94.1,152,1,2.0,MN,0.0066
45.1,-93.8,152,0,1.993,MN,0.0
35.8,-83.1,152,42,2.322,NC,0.2763
36.1,-80.4,152,17,2.158,NC,0.1118
30.5,-87.4,152,3,2.0,FL,0.0197
33.0,-79.8,152,0,1.987,SC,0.0
40.0,-80.7,152,37,2.362,WV,0.2434
41.7,-74.0,152,35,2.395,NY,0.2303
28.9,-80.9,152,19,2.171,FL,0.125
32.9,-87.9,152,55,2.421,AL,0.3618
34.4,-119.2,152,1,2.0,CA,0.0066
35.5,-84.6,152,50,2.395,TN,0.3289
40.8,-76.4,152,20,2.263,PA,0.1316
30.3,-89.8,152,60,2.434,LA,0.3947
30.7,-86.3,152,30,2.283,FL,0.1974
32.5,-111.2,152,31,2.204,AZ,0.2039
42.1,-73.9,152,17,2.217,NY,0.1118
36.0,-83.5,151,62,2.47,TN,0.4106
41.7,-71.2,151,63,2.404,MA,0.4172
33.7,-86.6,151,46,2.325,AL,0.3046
36.5,-87.2,151,72,2.669,TN,0.4768
40.4,-79.5,151,37,2.47,PA,0.245
38.7,-120.1,151,4,2.053,CA,0.0265
35.0,-82.7,151,0,1.954,SC,0.0
45.7,-120.6,151,4,2.033,OR,0.0265
35.0,-114.6,151,35,2.397,AZ,0.2318
39.4,-74.4,151,14,2.139,NJ,0.0927
43.7,-94.7,151,5,2.04,MN,0.0331
32.6,-93.9,151,1,2.007,LA,0.0066
33.4,-80.0,151,0,2.0,SC,0.0
33.9,-86.7,151,2,2.007,AL,0.0132
35.5,-86.1,151,52,2.444,TN,0.3444
36.8,-81.8,151,48,2.377,VA,0.3179
38.1,-81.4,151,7,2.066,WV,0.0464
40.1,-77.3,151,51,2.384,PA,0.3377
34.2,-77.9,150,11,2.133,NC,0.0733
41.7,-92.8,150,43,2.367,IA,0.2867
28.0,-81.7,150,5,1.953,FL,0.0333
42.1,-83.7,150,35,2.407,MI,0.2333
43.0,-74.9,150,12,2.133,NY,0.08
34.4,-82.3,150,1,2.013,SC,0.0067
35.9,-80.6,150,56,2.547,NC,0.3733
46.7,-113.5,150,0,2.0,MT,0.0
38.3,-75.2,150,32,2.36,MD,0.2133
39.7,-76.6,150,38,2.34,MD,0.2533
39.6,-119.2,150,16,2.14,NV,0.1067
45.2,-95.0,150,4,2.02,MN,0.0267
45.3,-111.3,150,4,2.053,MT,0.0267
46.4,-92.8,150,7,2.047,MN,0.0467
33.6,-111.8,150,13,2.073,AZ,0.0867
36.1,-77.8,150,56,2.473,NC,0.3733
39.9,-79.0,150,14,2.187,PA,0.0933
41.5,-71.5,150,15,2.127,RI,0.1
37.6,-121.6,149,5,2.054,CA,0.0336
41.7,-75.7,149,39,2.403,PA,0.2617
41.8,-112.4,149,25,2.168,UT,0.1678
37.0,-122.2,149,10,2.114,CA,0.0671
35.1,-118.9,149,1,2.007,CA,0.0067
39.6,-86.2,149,35,2.383,IN,0.2349
33.0,-86.8,149,2,2.0,AL,0.0134
35.7,-81.5,149,51,2.423,NC,0.3423
36.0,-87.2,149,53,2.436,TN,0.3557
41.9,-124.1,149,1,2.007,CA,0.0067
36.2,-119.5,149,0,1.98,CA,0.0
37.4,-77.9,149,28,2.329,VA,0.1879
42.2,-88.3,149,30,2.275,IL,0.2013
29.0,-81.4,149,3,2.027,FL,0.0201
30.3,-91.7,149,97,2.752,LA,0.651
31.3,-85.8,149,5,2.04,AL,0.0336
37.2,-121.9,149,1,2.0,CA,0.0067
39.6,-111.9,149,3,2.013,UT,0.0201
44.7,-93.1,149,7,2.06,MN,0.047
45.6,-94.6,149,18,2.121,MN,0.1208
36.1,-119.5,148,1,2.014,CA,0.0068
38.4,-81.5,148,22,2.257,WV,0.1486
48.4,-114.3,148,3,2.041,MT,0.0203
33.9,-86.6,148,5,2.027,AL,0.0338
34.8,-80.9,148,4,2.007,SC,0.027
36.2,-119.6,148,0,1.986,CA,0.0
37.2,-113.5,148,62,2.426,UT,0.4189
40.3,-75.8,148,22,2.277,PA,0.1486
35.8,-119.8,148,6,2.047,CA,0.0405
41.1,-78.9,148,4,2.054,PA,0.027
36.1,-121.0,148,2,2.014,CA,0.0135
44.8,-93.8,148,3,2.027,MN,0.0203
33.8,-87.2,148,14,2.108,AL,0.0946
36.3,-77.7,148,46,2.399,NC,0.3108
38.8,-122.7,148,1,2.007,CA,0.0068
39.1,-119.9,148,9,2.054,NV,0.0608
40.0,-84.2,148,76,2.547,OH,0.5135
31.4,-89.4,148,5,2.027,MS,0.0338
34.0,-79.6,148,2,1.993,SC,0.0135
42.4,-89.0,148,76,2.541,IL,0.5135
45.6,-123.4,148,13,2.169,OR,0.0878
45.7,-120.3,148,7,2.054,OR,0.0473
46.9,-123.0,148,44,2.324,WA,0.2973
34.0,-81.7,147,2,2.0,SC,0.0136
32.9,-111.7,147,75,2.585,AZ,0.5102
41.6,-75.7,147,39,2.401,PA,0.2653
43.4,-71.6,147,37,2.265,NH,0.2517
33.9,-81.6,147,1,2.0,SC,0.0068
39.8,-76.1,147,20,2.265,PA,0.1361
41.3,-81.4,147,56,2.401,OH,0.381
42.0,-71.5,147,7,2.061,RI,0.0476
44.0,-123.8,147,2,2.014,OR,0.0136
37.2,-119.8,147,0,1.993,CA,0.0
37.8,-80.0,147,57,2.592,VA,0.3878
38.1,-122.4,147,5,2.02,CA,0.034
39.1,-78.1,147,41,2.531,VA,0.2789
39.9,-85.4,147,72,2.639,IN,0.4898
45.4,-92.9,147,2,2.014,MN,0.0136
31.7,-106.2,147,15,2.082,TX,0.102
37.2,-122.2,147,3,2.027,CA,0.0204
38.5,-81.6,147,12,2.136,WV,0.0816
41.0,-75.6,147,88,2.626,PA,0.5986
28.9,-81.8,147,1,2.014,FL,0.0068
33.9,-116.8,147,94,2.639,CA,0.6395
34.3,-79.3,147,3,2.034,SC,0.0204
34.5,-114.3,147,27,2.361,AZ,0.1837
36.3,-80.8,147,71,2.565,NC,0.483
37.1,-120.7,147,0,2.0,CA,0.0
38.3,-120.3,147,3,2.014,CA,0.0204
29.9,-82.6,146,18,2.158,FL,0.1233
30.9,-88.0,146,46,2.349,AL,0.3151
33.8,-81.6,146,0,1.993,SC,0.0
42.1,-71.5,146,76,2.5,MA,0.5205
45.3,-94.9,146,5,2.027,MN,0.0342
45.7,-110.3,146,1,2.007,MT,0.0068
45.8,-118.1,146,9,2.096,OR,0.0616
34.0,-112.8,146,19,2.226,AZ,0.1301
35.5,-118.7,146,21,2.288,CA,0.1438
39.1,-86.0,146,60,2.541,IN,0.411
39.3,-123.8,146,0,1.986,CA,0.0
39.8,-84.0,146,44,2.329,OH,0.3014
33.7,-81.2,146,2,2.007,SC,0.0137
34.7,-80.4,146,6,2.034,SC,0.0411
36.2,-84.1,146,43,2.39,TN,0.2945
40.2,-77.3,146,16,2.158,PA,0.1096
43.0,-77.1,146,6,2.062,NY,0.0411
39.9,-75.9,146,10,2.089,PA,0.0685
41.2,-81.2,146,80,2.651,OH,0.5479
42.6,-71.8,146,6,2.007,MA,0.0411
39.9,-75.8,146,31,2.301,PA,0.2123
45.7,-109.3,146,2,2.021,MT,0.0137
35.0,-90.9,145,18,2.214,AR,0.1241
45.0,-122.7,145,25,2.29,OR,0.1724
33.3,-112.1,145,3,1.993,AZ,0.0207
40.3,-74.2,145,24,2.276,NJ,0.1655
40.4,-104.9,145,50,2.51,CO,0.3448
40.6,-77.3,145,14,2.193,PA,0.0966
43.0,-121.8,145,0,2.0,OR,0.0
44.5,-122.9,145,4,2.048,OR,0.0276
33.5,-83.2,145,73,2.641,GA,0.5034
33.6,-86.1,145,56,2.448,AL,0.3862
34.1,-80.3,145,1,2.0,SC,0.0069
36.4,-77.7,145,44,2.462,NC,0.3034
36.9,-119.5,145,4,2.034,CA,0.0276
38.5,-123.1,145,2,2.021,CA,0.0138
40.3,-78.3,145,8,2.097,PA,0.0552
45.3,-93.5,145,7,2.041,MN,0.0483
45.7,-108.6,145,3,2.041,MT,0.0207
34.7,-120.1,144,1,1.993,CA,0.0069
38.0,-122.7,144,6,2.069,CA,0.0417
32.9,-80.5,144,1,1.986,SC,0.0069
40.6,-112.4,144,5,2.063,UT,0.0347
44.8,-122.4,144,40,2.521,OR,0.2778
47.6,-117.6,144,31,2.278,WA,0.2153
39.5,-112.0,144,28,2.215,UT,0.1944
39.6,-86.4,144,17,2.208,IN,0.1181
40.7,-89.4,144,1,1.979,IL,0.0069
44.1,-121.2,144,11,2.132,OR,0.0764
35.7,-119.3,144,1,1.993,CA,0.0069
36.0,-80.2,144,43,2.493,NC,0.2986
43.5,-73.4,144,21,2.271,NY,0.1458
39.3,-119.9,144,24,2.243,NV,0.1667
40.1,-122.1,144,2,2.021,CA,0.0139
45.8,-124.0,144,3,2.035,OR,0.0208
46.3,-94.6,144,2,2.0,MN,0.0139
37.4,-119.7,144,2,2.028,CA,0.0139
39.7,-75.2,144,20,2.257,NJ,0.1389
40.7,-77.2,144,20,2.278,PA,0.1389
41.2,-111.1,144,30,2.229,UT,0.2083
42.1,-80.0,144,34,2.285,PA,0.2361
42.0,-73.7,143,3,2.014,NY,0.021
42.3,-121.9,143,7,2.084,OR,0.049
28.3,-82.1,143,2,2.021,FL,0.014
32.4,-85.9,143,82,2.65,AL,0.5734
34.4,-89.5,143,2,2.0,MS,0.014
38.2,-77.6,143,39,2.531,VA,0.2727
43.4,-73.5,143,25,2.308,NY,0.1748
34.8,-120.3,143,2,2.007,CA,0.014
40.8,-75.3,143,11,2.147,PA,0.0769
41.0,-76.1,143,46,2.497,PA,0.3217
42.8,-83.9,143,1,2.007,MI,0.007
35.3,-82.2,143,27,2.266,NC,0.1888
37.9,-121.9,143,3,2.0,CA,0.021
41.9,-78.6,143,4,2.056,PA,0.028
42.1,-71.4,143,74,2.51,MA,0.5175
27.3,-81.4,143,5,2.063,FL,0.035
35.8,-84.0,143,14,2.126,TN,0.0979
41.2,-79.5,143,25,2.245,PA,0.1748
38.8,-94.7,142,11,2.127,KS,0.0775
39.5,-121.4,142,2,2.021,CA,0.0141
39.5,-80.1,142,17,2.197,WV,0.1197
39.7,-122.0,142,2,2.021,CA,0.0141
40.5,-78.2,142,14,2.183,PA,0.0986
36.9,-81.3,142,39,2.324,VA,0.2746
39.8,-123.2,142,1,2.014,CA,0.007
42.0,-124.2,142,4,2.028,CA,0.0282
43.0,-89.2,142,65,2.585,WI,0.4577
35.1,-90.5,142,25,2.289,AR,0.1761
35.6,-80.8,142,24,2.338,NC,0.169
34.0,-98.5,142,1,2.007,TX,0.007
34.8,-81.1,142,0,1.979,SC,0.0
38.6,-109.6,142,6,2.049,UT,0.0423
38.6,-78.5,142,62,2.873,VA,0.4366
43.5,-121.9,142,4,2.035,OR,0.0282
33.9,-87.3,142,6,2.014,AL,0.0423
34.4,-80.2,142,0,1.979,SC,0.0
37.0,-80.9,142,66,2.556,VA,0.4648
38.9,-111.6,142,29,2.204,UT,0.2042
40.4,-86.8,142,58,2.563,IN,0.4085
41.1,-122.3,142,6,2.056,CA,0.0423
38.6,-76.1,141,28,2.348,MD,0.1986
40.8,-80.4,141,71,2.645,PA,0.5035
34.6,-120.0,141,10,2.121,CA,0.0709
39.4,-123.5,141,2,2.014,CA,0.0142
40.9,-78.3,141,10,2.135,PA,0.0709
41.2,-79.3,141,18,2.17,PA,0.1277
42.4,-122.1,141,1,2.007,OR,0.0071
39.1,-77.9,141,16,2.22,VA,0.1135
46.2,-123.7,141,6,2.071,OR,0.0426
29.0,-82.5,141,2,2.021,FL,0.0142
40.3,-79.0,141,8,2.113,PA,0.0567
41.5,-88.3,141,109,2.837,IL,0.773
34.4,-79.5,141,7,2.064,SC,0.0496
36.0,-83.6,141,48,2.418,TN,0.3404
40.8,-76.1,141,42,2.397,PA,0.2979
41.3,-82.6,141,96,2.723,OH,0.6809
47.0,-114.4,141,2,2.028,MT,0.0142
33.2,-81.4,140,0,1.979,SC,0.0
39.4,-123.7,140,2,2.021,CA,0.0143
40.0,-78.0,140,16,2.207,PA,0.1143
40.8,-111.5,140,32,2.243,UT,0.2286
44.1,-94.1,140,2,2.007,MN,0.0143
45.7,-120.5,140,13,2.1,OR,0.0929
33.3,-111.6,140,7,2.064,AZ,0.05
34.8,-119.0,140,0,1.993,CA,0.0
38.4,-78.7,140,40,2.571,VA,0.2857
38.7,-121.9,140,2,2.021,CA,0.0143
43.1,-122.1,140,7,2.079,OR,0.05
43.5,-121.7,140,3,2.029,OR,0.0214
41.4,-87.8,140,108,2.786,IL,0.7714
41.4,-74.7,140,30,2.264,NY,0.2143
42.5,-92.3,140,48,2.379,IA,0.3429
40.5,-78.5,140,6,2.086,PA,0.0429
42.1,-123.7,140,10,2.121,OR,0.0714
43.0,-76.8,140,12,2.1,NY,0.0857
39.1,-75.9,140,32,2.407,MD,0.2286
39.5,-77.9,140,15,2.157,WV,0.1071
41.8,-78.7,140,12,2.143,PA,0.0857
42.4,-122.3,140,3,2.036,OR,0.0214
45.1,-92.8,140,8,2.086,MN,0.0571
29.2,-82.0,140,3,2.036,FL,0.0214
41.2,-80.7,140,26,2.264,OH,0.1857
37.2,-78.2,139,20,2.259,VA,0.1439
39.3,-119.6,139,8,2.086,NV,0.0576
39.6,-76.5,139,33,2.46,MD,0.2374
48.6,-122.4,139,72,2.691,WA,0.518
32.5,-80.9,139,1,1.978,SC,0.0072
39.7,-79.8,139,11,2.151,WV,0.0791
43.9,-124.1,139,5,2.05,OR,0.036
45.1,-123.3,139,14,2.158,OR,0.1007
39.3,-120.9,139,4,2.05,CA,0.0288
40.5,-75.7,139,26,2.295,PA,0.1871
42.1,-83.4,139,62,2.511,MI,0.446
32.7,-114.5,139,38,2.302,AZ,0.2734
43.7,-93.4,139,19,2.137,MN,0.1367
45.4,-123.8,139,2,2.029,OR,0.0144
45.5,-123.9,139,0,2.0,OR,0.0
34.5,-93.1,139,22,2.295,AR,0.1583
35.6,-78.3,139,23,2.331,NC,0.1655
37.8,-120.2,139,3,2.014,CA,0.0216
40.6,-77.5,139,13,2.187,PA,0.0935
40.8,-76.5,139,5,2.065,PA,0.036
42.3,-124.4,139,1,2.007,OR,0.0072
29.2,-82.4,139,2,2.022,FL,0.0144
30.0,-81.7,139,6,2.029,FL,0.0432
33.5,-83.1,139,79,2.705,GA,0.5683
36.6,-87.3,139,55,2.54,TN,0.3957
38.0,-85.7,139,30,2.295,KY,0.2158
40.3,-75.1,139,25,2.36,PA,0.1799
40.6,-111.7,139,1,2.007,UT,0.0072
41.4,-83.1,139,80,2.662,OH,0.5755
44.4,-94.0,138,1,2.007,MN,0.0072
28.6,-82.5,138,0,1.971,FL,0.0
30.6,-97.9,138,3,1.949,TX,0.0217
35.5,-81.2,138,24,2.333,NC,0.1739
39.2,-75.5,138,23,2.304,DE,0.1667
39.9,-85.0,138,57,2.536,IN,0.413
41.6,-90.4,138,60,2.594,IA,0.4348
42.3,-83.6,138,21,2.246,MI,0.1522
42.8,-85.9,138,38,2.341,MI,0.2754
41.2,-81.8,138,49,2.377,OH,0.3551
43.0,-88.3,138,51,2.406,WI,0.3696
32.6,-83.6,138,40,2.522,GA,0.2899
33.5,-86.5,138,6,2.014,AL,0.0435
38.4,-82.0,138,18,2.21,WV,0.1304
32.6,-80.7,138,1,2.007,SC,0.0072
37.6,-97.3,138,19,2.145,KS,0.1377
42.7,-84.3,138,70,2.623,MI,0.5072
26.8,-81.9,138,20,2.152,FL,0.1449
32.9,-85.1,138,73,2.754,GA,0.529
33.0,-80.5,138,0,1.978,SC,0.0
37.1,-119.5,138,0,2.0,CA,0.0
40.1,-76.9,138,6,2.08,PA,0.0435
40.4,-79.3,138,31,2.42,PA,0.2246
40.9,-76.5,138,13,2.174,PA,0.0942
33.4,-80.8,137,0,1.993,SC,0.0
34.2,-81.1,137,0,1.993,SC,0.0
37.2,-80.4,137,10,2.117,VA,0.073
39.1,-84.8,137,62,2.606,IN,0.4526
43.1,-75.8,137,12,2.124,NY,0.0876
37.1,-81.1,137,31,2.314,VA,0.2263
34.0,-79.9,137,1,2.0,SC,0.0073
39.7,-75.3,137,10,2.131,NJ,0.073
42.6,-124.4,137,0,2.0,OR,0.0
43.1,-88.5,137,42,2.387,WI,0.3066
48.1,-114.1,137,4,2.058,MT,0.0292
34.5,-79.9,137,2,2.015,SC,0.0146
42.4,-83.6,137,18,2.204,MI,0.1314
43.0,-78.5,137,7,2.073,NY,0.0511
28.1,-81.8,137,14,2.131,FL,0.1022
34.4,-79.9,137,1,2.0,SC,0.0073
36.9,-81.0,137,43,2.409,VA,0.3139
38.5,-123.2,137,1,2.007,CA,0.0073
40.3,-86.7,137,47,2.533,IN,0.3431
42.0,-87.6,137,39,2.314,IL,0.2847
31.3,-85.5,137,0,1.985,AL,0.0
33.6,-81.2,137,1,2.007,SC,0.0073
39.6,-122.2,137,23,2.182,CA,0.1679
39.8,-85.7,137,23,2.277,IN,0.1679
40.8,-80.1,137,44,2.438,PA,0.3212
42.7,-121.9,137,2,2.015,OR,0.0146
44.0,-123.6,137,1,2.007,OR,0.0073
45.3,-92.9,137,5,2.058,MN,0.0365
32.5,-80.8,136,0,1.993,SC,0.0
43.6,-121.5,136,2,2.029,OR,0.0147
41.0,-78.0,136,14,2.125,PA,0.1029
45.3,-121.9,136,25,2.309,OR,0.1838
38.1,-85.5,136,84,2.64,KY,0.6176
38.4,-82.1,136,15,2.191,WV,0.1103
30.7,-86.2,136,13,2.118,FL,0.0956
34.0,-118.7,136,25,2.316,CA,0.1838
38.9,-75.9,136,31,2.419,MD,0.2279
42.1,-121.9,136,2,2.029,OR,0.0147
36.0,-85.0,136,45,2.412,TN,0.3309
41.0,-87.3,136,30,2.331,IN,0.2206
45.0,-121.5,136,11,2.118,OR,0.0809
28.6,-82.6,136,0,1.963,FL,0.0
34.5,-118.7,136,20,2.154,CA,0.1471
35.2,-78.6,136,15,2.154,NC,0.1103
38.6,-120.9,136,3,2.044,CA,0.0221
39.0,-92.5,136,47,2.397,MO,0.3456
42.3,-71.7,136,72,2.5,MA,0.5294
42.9,-74.1,136,7,2.081,NY,0.0515
46.5,-114.1,136,0,2.0,MT,0.0
40.5,-122.2,135,1,2.015,CA,0.0074
27.5,-80.6,135,11,2.148,FL,0.0815
38.5,-120.8,135,1,2.007,CA,0.0074
38.8,-121.7,135,7,2.074,CA,0.0519
38.9,-76.6,135,65,2.867,MD,0.4815
44.8,-123.2,135,9,2.119,OR,0.0667
35.5,-78.2,135,35,2.378,NC,0.2593
36.7,-120.2,135,3,2.022,CA,0.0222
41.3,-77.1,135,6,2.081,PA,0.0444
41.5,-72.9,135,18,2.17,CT,0.1333
35.7,-120.6,135,3,2.015,CA,0.0222
47.1,-114.8,135,3,2.037,MT,0.0222
29.8,-82.2,135,4,2.037,FL,0.0296
32.8,-80.5,135,0,1.993,SC,0.0
41.5,-93.7,135,14,2.141,IA,0.1037
36.9,-81.1,135,45,2.385,VA,0.3333
38.3,-121.6,135,5,2.052,CA,0.037
41.8,-112.2,135,29,2.207,UT,0.2148
42.6,-73.9,135,43,2.607,NY,0.3185
43.8,-124.1,135,3,2.037,OR,0.0222
46.1,-112.8,135,5,2.074,MT,0.037
35.7,-81.6,134,41,2.358,NC,0.306
38.5,-78.0,134,25,2.351,VA,0.1866
40.8,-78.4,134,10,2.149,PA,0.0746
30.5,-83.0,134,11,2.097,FL,0.0821
40.5,-79.5,134,25,2.366,PA,0.1866
41.7,-86.9,134,65,2.709,IN,0.4851
44.3,-121.3,134,9,2.112,OR,0.0672
47.4,-92.5,134,0,1.993,MN,0.0
35.1,-119.1,134,4,2.015,CA,0.0299
37.1,-93.4,134,1,2.015,MO,0.0075
46.6,-122.9,134,66,2.56,WA,0.4925
33.5,-112.8,134,35,2.306,AZ,0.2612
35.2,-86.1,134,2,2.022,TN,0.0149
38.8,-111.4,134,33,2.246,UT,0.2463
43.6,-122.2,134,3,2.037,OR,0.0224
33.7,-80.4,134,3,2.045,SC,0.0224
42.5,-121.9,134,2,2.022,OR,0.0149
42.8,-73.5,134,24,2.328,NY,0.1791
25.1,-80.4,134,16,2.164,FL,0.1194
35.2,-85.0,134,9,2.082,TN,0.0672
40.8,-78.2,134,7,2.104,PA,0.0522
41.8,-77.3,134,12,2.172,PA,0.0896
33.7,-81.9,133,3,2.023,SC,0.0226
37.7,-75.7,133,26,2.338,VA,0.1955
41.1,-76.4,133,13,2.188,PA,0.0977
35.6,-119.6,133,13,2.113,CA,0.0977
39.7,-84.0,133,13,2.158,OH,0.0977
40.2,-77.6,133,73,2.564,PA,0.5489
45.1,-124.0,133,2,2.023,OR,0.015
30.1,-90.5,133,81,2.669,LA,0.609
37.0,-119.6,133,0,2.0,CA,0.0
38.9,-76.0,133,16,2.241,MD,0.1203
42.1,-121.7,133,2,2.03,OR,0.015
43.7,-123.7,133,1,2.008,OR,0.0075
45.1,-93.9,133,4,2.03,MN,0.0301
46.9,-96.8,133,5,2.045,ND,0.0376
42.9,-76.1,133,31,2.316,NY,0.2331
44.9,-117.9,133,34,2.466,OR,0.2556
45.6,-108.9,133,4,2.053,MT,0.0301
47.4,-122.7,133,26,2.323,WA,0.1955
36.2,-80.2,133,35,2.504,NC,0.2632
38.8,-76.0,133,30,2.444,MD,0.2256
40.8,-111.8,133,3,2.03,UT,0.0226
43.3,-77.9,133,7,2.083,NY,0.0526
32.7,-85.3,133,71,2.564,AL,0.5338
33.3,-80.0,133,1,1.985,SC,0.0075
39.5,-118.9,133,12,2.15,NV,0.0902
39.7,-106.8,133,39,2.511,CO,0.2932
27.2,-81.3,132,14,2.174,FL,0.1061
34.8,-90.0,132,46,2.432,MS,0.3485
40.3,-76.1,132,2,2.015,PA,0.0152
43.6,-95.7,132,2,2.015,MN,0.0152
44.4,-122.2,132,6,2.083,OR,0.0455
46.2,-92.8,132,1,2.008,MN,0.0076
35.7,-86.3,132,32,2.364,TN,0.2424
43.0,-77.3,132,3,2.023,NY,0.0227
39.3,-112.1,132,30,2.242,UT,0.2273
35.0,-92.4,132,12,2.174,AR,0.0909
41.4,-74.0,132,31,2.447,NY,0.2348
46.5,-94.3,132,0,1.985,MN,0.0
28.3,-82.4,132,3,2.015,FL,0.0227
29.7,-82.3,132,12,2.159,FL,0.0909
33.6,-85.8,132,50,2.432,AL,0.3788
33.8,-116.3,132,70,2.53,CA,0.5303
34.3,-82.3,132,3,2.015,SC,0.0227
36.7,-79.4,132,26,2.364,VA,0.197
37.2,-113.3,132,7,2.076,UT,0.053
41.2,-124.1,132,2,2.03,CA,0.0152
42.7,-84.4,132,67,2.727,MI,0.5076
34.9,-120.3,131,0,1.985,CA,0.0
39.4,-94.4,131,39,2.359,MO,0.2977
39.6,-107.4,131,33,2.336,CO,0.2519
40.1,-88.3,131,117,2.939,IL,0.8931
41.8,-83.4,131,58,2.519,MI,0.4427
31.6,-84.2,131,44,2.618,GA,0.3359
33.8,-118.4,131,17,2.252,CA,0.1298
41.1,-77.3,131,47,2.397,PA,0.3588
38.5,-104.6,131,66,2.55,CO,0.5038
39.9,-122.0,131,2,2.015,CA,0.0153
42.2,-86.2,131,53,2.534,MI,0.4046
42.6,-84.8,131,71,2.931,MI,0.542
48.2,-114.4,131,4,2.061,MT,0.0305
42.6,-82.8,131,82,2.687,MI,0.626
43.9,-91.2,131,38,2.374,WI,0.2901
40.8,-77.0,131,5,2.076,PA,0.0382
41.4,-89.1,131,99,2.809,IL,0.7557
42.6,-79.0,131,7,2.076,NY,0.0534
42.9,-89.1,131,66,2.626,WI,0.5038
44.1,-94.2,131,3,2.031,MN,0.0229
29.7,-81.7,131,13,2.191,FL,0.0992
33.4,-79.5,131,1,1.992,SC,0.0076
34.9,-86.8,131,5,2.053,AL,0.0382
37.2,-120.5,131,2,2.023,CA,0.0153
38.1,-112.7,131,36,2.305,UT,0.2748
39.0,-122.5,131,0,2.0,CA,0.0
39.2,-108.3,131,36,2.351,CO,0.2748
41.7,-92.9,131,38,2.336,IA,0.2901
43.3,-87.9,131,48,2.496,WI,0.3664
44.1,-94.0,131,1,1.992,MN,0.0076
32.5,-111.3,130,49,2.454,AZ,0.3769
32.8,-80.6,130,1,2.008,SC,0.0077
34.1,-80.1,130,0,1.962,SC,0.0
47.2,-93.5,130,1,2.015,MN,0.0077
34.3,-78.1,130,25,2.262,NC,0.1923
34.9,-81.7,130,2,1.992,SC,0.0154
39.5,-86.9,130,60,2.585,IN,0.4615
40.6,-77.7,130,11,2.169,PA,0.0846
41.0,-74.4,130,20,2.262,NJ,0.1538
32.5,-85.6,130,86,2.708,AL,0.6615
33.4,-82.2,130,5,1.946,GA,0.0385
39.4,-121.4,130,0,1.992,CA,0.0
29.2,-81.9,130,0,1.992,FL,0.0
36.9,-77.7,130,50,2.515,VA,0.3846
39.6,-106.2,130,10,2.123,CO,0.0769
39.7,-77.6,130,30,2.454,MD,0.2308
39.7,-77.1,130,8,2.085,PA,0.0615
43.3,-71.0,130,6,2.077,NH,0.0462
35.7,-79.8,130,49,2.646,NC,0.3769
36.0,-83.3,130,49,2.454,TN,0.3769
35.6,-117.7,130,0,2.0,CA,0.0
35.6,-86.2,130,35,2.331,TN,0.2692
36.3,-78.4,130,42,2.562,NC,0.3231
38.8,-121.4,130,1,2.008,CA,0.0077
27.3,-82.6,129,2,2.008,FL,0.0155
35.2,-111.8,129,34,2.302,AZ,0.2636
38.3,-121.9,129,2,2.031,CA,0.0155
38.7,-78.5,129,52,2.791,VA,0.4031
45.2,-122.7,129,6,2.039,OR,0.0465
45.6,-94.5,129,12,2.101,MN,0.093
34.2,-79.5,129,0,2.0,SC,0.0
41.0,-85.3,129,54,2.612,IN,0.4186
29.9,-82.1,129,3,2.047,FL,0.0233
33.6,-85.6,129,39,2.326,AL,0.3023
39.9,-123.7,129,2,2.031,CA,0.0155
32.6,-86.2,129,5,2.07,AL,0.0388
37.2,-118.3,129,3,2.023,CA,0.0233
40.7,-77.9,129,8,2.116,PA,0.062
41.7,-78.7,129,13,2.194,PA,0.1008
46.3,-122.9,129,51,2.426,WA,0.3953
36.0,-80.5,129,45,2.434,NC,0.3488
38.2,-122.9,129,1,1.984,CA,0.0078
40.1,-80.6,129,18,2.217,WV,0.1395
40.7,-122.1,129,4,2.039,CA,0.031
41.7,-73.1,129,32,2.473,CT,0.2481
41.9,-71.9,129,73,2.969,CT,0.5659
43.0,-78.6,129,12,2.163,NY,0.093
43.9,-91.3,129,20,2.194,MN,0.155
38.1,-104.7,128,62,2.531,CO,0.4844
30.4,-83.4,128,42,2.359,FL,0.3281
33.6,-83.7,128,45,2.484,GA,0.3516
40.2,-84.2,128,54,2.477,OH,0.4219
43.4,-89.5,128,36,2.328,WI,0.2812
29.4,-82.5,128,4,2.039,FL,0.0312
29.7,-98.2,128,88,2.703,TX,0.6875
40.1,-80.3,128,47,2.633,PA,0.3672
43.6,-123.3,128,5,2.055,OR,0.0391
46.7,-113.7,128,4,2.039,MT,0.0312
33.4,-81.5,128,0,1.992,SC,0.0
34.7,-114.3,128,42,2.43,AZ,0.3281
40.7,-112.5,128,22,2.211,UT,0.1719
45.7,-120.4,128,3,2.023,OR,0.0234
32.9,-85.2,128,76,2.695,GA,0.5938
34.2,-82.3,128,2,2.023,SC,0.0156
37.1,-80.0,128,11,2.164,VA,0.0859
45.1,-94.3,128,0,2.0,MN,0.0
30.1,-84.4,128,1,2.008,FL,0.0078
30.2,-89.8,128,72,2.602,LA,0.5625
38.8,-81.7,128,12,2.141,WV,0.0938
40.0,-111.4,128,8,2.109,UT,0.0625
41.2,-78.8,128,14,2.188,PA,0.1094
41.4,-82.3,128,68,2.602,OH,0.5312
41.5,-94.2,128,40,2.367,IA,0.3125
43.5,-70.5,128,27,2.227,ME,0.2109
44.3,-122.0,128,4,2.055,OR,0.0312
44.5,-117.3,128,19,2.258,OR,0.1484
46.8,-113.7,128,1,2.016,MT,0.0078
33.4,-80.2,127,1,1.984,SC,0.0079
38.7,-122.1,127,2,2.024,CA,0.0157
41.9,-78.7,127,10,2.142,PA,0.0787
43.2,-117.0,127,3,2.031,OR,0.0236
43.6,-95.2,127,13,2.102,MN,0.1024
27.6,-80.4,127,4,2.024,FL,0.0315
32.4,-94.0,127,24,2.22,LA,0.189
32.7,-83.5,127,64,2.646,GA,0.5039
33.1,-79.8,127,2,2.016,SC,0.0157
39.7,-84.4,127,0,1.969,OH,0.0
40.5,-86.9,127,24,2.283,IN,0.189
41.4,-81.1,127,26,2.394,OH,0.2047
44.3,-121.6,127,3,2.039,OR,0.0236
45.1,-95.0,127,0,2.0,MN,0.0
30.2,-89.9,127,70,2.535,LA,0.5512
33.8,-79.4,127,0,1.961,SC,0.0
35.1,-82.6,127,5,2.039,SC,0.0394
41.5,-78.7,127,19,2.283,PA,0.1496
47.4,-115.4,127,3,2.039,MT,0.0236
45.7,-110.6,127,1,2.016,MT,0.0079
29.0,-82.6,127,3,2.024,FL,0.0236
30.7,-87.1,127,2,2.0,FL,0.0157
33.0,-80.4,127,0,1.992,SC,0.0
44.0,-88.6,127,46,2.441,WI,0.3622
45.0,-123.2,127,25,2.378,OR,0.1969
28.8,-82.5,127,0,1.976,FL,0.0
30.4,-83.2,127,15,2.15,FL,0.1181
30.5,-83.4,127,1,2.008,FL,0.0079
34.4,-118.3,127,1,2.0,CA,0.0079
35.7,-78.0,127,40,2.512,NC,0.315
35.9,-80.1,127,45,2.48,NC,0.3543
40.9,-75.3,127,24,2.362,PA,0.189
41.5,-124.0,127,3,2.039,CA,0.0236
34.5,-83.1,126,42,2.413,GA,0.3333
37.9,-75.5,126,27,2.429,VA,0.2143
39.4,-87.3,126,52,2.556,IN,0.4127
41.7,-81.2,126,54,2.508,OH,0.4286
41.9,-123.8,126,6,2.095,CA,0.0476
30.1,-81.6,126,10,2.119,FL,0.0794
32.5,-85.1,126,4,2.056,AL,0.0317
32.7,-96.2,126,70,2.635,TX,0.5556
33.8,-79.8,126,2,2.008,SC,0.0159
36.8,-76.7,126,23,2.349,VA,0.1825
40.1,-79.1,126,5,2.056,PA,0.0397
41.1,-122.4,126,5,2.063,CA,0.0397
41.2,-87.3,126,19,2.238,IN,0.1508
33.9,-111.5,126,17,2.222,AZ,0.1349
33.9,-80.0,126,0,1.984,SC,0.0
30.3,-84.3,126,3,2.04,FL,0.0238
30.7,-97.7,126,41,2.357,TX,0.3254
32.4,-90.7,126,58,2.556,MS,0.4603
36.0,-80.1,126,39,2.516,NC,0.3095
36.1,-83.4,126,43,2.389,TN,0.3413
37.2,-120.4,126,1,2.016,CA,0.0079
39.4,-85.9,126,44,2.452,IN,0.3492
40.9,-121.7,126,7,2.087,CA,0.0556
41.5,-95.1,126,42,2.476,IA,0.3333
34.7,-86.4,126,2,2.008,AL,0.0159
34.8,-80.6,126,0,1.992,SC,0.0
36.4,-82.6,126,35,2.365,TN,0.2778
36.5,-120.5,126,33,2.278,CA,0.2619
41.7,-70.9,126,44,2.373,MA,0.3492
42.8,-71.0,126,40,2.349,MA,0.3175
43.7,-123.8,126,4,2.056,OR,0.0317
45.9,-112.3,126,0,2.0,MT,0.0
38.1,-78.7,125,48,2.744,VA,0.384
36.0,-79.7,125,31,2.32,NC,0.248
37.5,-81.1,125,7,2.072,WV,0.056
39.3,-78.3,125,25,2.392,VA,0.2
39.8,-75.9,125,11,2.112,PA,0.088
44.7,-94.4,125,7,2.088,MN,0.056
47.2,-114.9,125,5,2.064,MT,0.04
30.3,-98.1,125,2,2.0,TX,0.016
37.8,-119.1,125,4,2.048,CA,0.032
46.0,-94.4,125,2,2.024,MN,0.016
47.1,-123.0,125,4,2.032,WA,0.032
44.8,-120.9,125,5,2.08,OR,0.04
45.4,-122.2,125,11,2.128,OR,0.088
35.0,-117.6,125,9,2.128,CA,0.072
43.7,-123.3,125,7,2.08,OR,0.056
34.2,-84.1,125,13,2.168,GA,0.104
35.2,-113.4,125,34,2.344,AZ,0.272
37.0,-119.9,125,2,2.032,CA,0.016
37.2,-77.6,125,32,2.464,VA,0.256
40.9,-111.4,125,24,2.2,UT,0.192
41.1,-76.2,125,5,2.064,PA,0.04
41.8,-70.8,125,59,2.48,MA,0.472
42.2,-88.8,125,67,2.544,IL,0.536
45.8,-119.7,125,9,2.08,OR,0.072
48.8,-122.6,125,34,2.296,WA,0.272
33.2,-80.2,124,0,1.96,SC,0.0
40.0,-78.9,124,11,2.161,PA,0.0887
42.3,-83.9,124,49,2.452,MI,0.3952
46.8,-95.8,124,1,1.992,MN,0.0081
47.5,-92.6,124,1,2.008,MN,0.0081
46.2,-122.9,124,52,2.452,WA,0.4194
35.0,-90.8,124,26,2.363,AR,0.2097
35.6,-78.1,124,40,2.427,NC,0.3226
36.1,-85.7,124,41,2.371,TN,0.3306
38.0,-87.6,124,28,2.395,IN,0.2258
39.7,-121.6,124,1,2.008,CA,0.0081
40.5,-79.6,124,24,2.387,PA,0.1935
41.3,-74.8,124,38,2.484,PA,0.3065
41.4,-77.1,124,8,2.121,PA,0.0645
41.7,-72.2,124,53,2.831,CT,0.4274
39.7,-77.4,124,14,2.194,MD,0.1129
40.5,-122.5,124,1,2.008,CA,0.0081
41.1,-111.2,124,27,2.242,UT,0.2177
30.5,-83.8,124,20,2.161,FL,0.1613
36.0,-80.0,124,22,2.242,NC,0.1774
37.3,-77.6,124,12,2.161,VA,0.0968
40.9,-77.1,124,13,2.202,PA,0.1048
47.0,-114.2,124,3,2.048,MT,0.0242
47.4,-94.9,124,0,1.992,MN,0.0
32.5,-94.7,124,6,2.048,TX,0.0484
34.2,-81.9,124,0,1.968,SC,0.0
34.5,-92.6,124,11,2.145,AR,0.0887
39.5,-75.6,124,16,2.226,DE,0.129
39.7,-121.5,124,3,2.04,CA,0.0242
39.7,-75.8,124,31,2.403,MD,0.25
39.8,-79.0,124,12,2.185,PA,0.0968
39.9,-122.1,123,1,2.016,CA,0.0081
40.3,-76.2,123,13,2.203,PA,0.1057
40.8,-111.7,123,9,2.065,UT,0.0732
42.8,-74.2,123,17,2.26,NY,0.1382
43.1,-89.1,123,56,2.577,WI,0.4553
32.8,-80.1,123,6,2.041,SC,0.0488
33.0,-79.9,123,0,1.967,SC,0.0
33.9,-86.4,123,3,2.024,AL,0.0244
39.5,-75.1,123,21,2.301,NJ,0.1707
39.6,-119.3,123,27,2.276,NV,0.2195
41.8,-72.3,123,51,2.829,CT,0.4146
45.4,-118.2,123,6,2.081,OR,0.0488
48.3,-122.3,123,58,2.48,WA,0.4715
42.2,-93.6,123,37,2.333,IA,0.3008
42.4,-122.2,123,2,2.016,OR,0.0163
42.9,-88.2,123,51,2.48,WI,0.4146
33.8,-81.8,123,0,1.984,SC,0.0
38.4,-104.6,123,56,2.52,CO,0.4553
38.7,-94.4,123,27,2.236,MO,0.2195
38.9,-78.2,123,19,2.293,VA,0.1545
41.7,-92.7,123,43,2.431,IA,0.3496
44.0,-123.7,123,0,2.0,OR,0.0
44.9,-123.3,123,9,2.146,OR,0.0732
46.0,-93.0,123,9,2.081,MN,0.0732
27.2,-81.8,123,7,2.114,FL,0.0569
32.8,-80.7,123,4,2.024,SC,0.0325
33.5,-81.5,123,1,2.0,SC,0.0081
34.7,-80.1,123,0,1.967,SC,0.0
36.4,-86.9,123,12,2.122,TN,0.0976
38.0,-79.0,123,41,2.642,VA,0.3333
38.2,-77.1,123,44,2.683,VA,0.3577
38.8,-112.1,123,7,2.057,UT,0.0569
39.1,-76.0,123,22,2.325,MD,0.1789
40.6,-111.5,123,8,2.081,UT,0.065
41.4,-88.4,123,92,2.78,IL,0.748
30.7,-87.3,122,1,1.992,FL,0.0082
33.4,-80.1,122,0,1.975,SC,0.0
40.0,-74.3,122,28,2.402,NJ,0.2295
45.5,-93.6,122,3,2.025,MN,0.0246
45.8,-119.8,122,11,2.115,OR,0.0902
34.4,-112.1,122,34,2.303,AZ,0.2787
36.1,-85.6,122,31,2.287,TN,0.2541
36.7,-119.2,122,0,2.0,CA,0.0
42.2,-73.6,122,13,2.197,NY,0.1066
33.3,-79.3,122,0,1.992,SC,0.0
33.7,-116.9,122,2,2.016,CA,0.0164
35.2,-111.3,122,24,2.27,AZ,0.1967
35.2,-82.5,122,5,2.049,SC,0.041
35.9,-77.9,122,41,2.434,NC,0.3361
39.5,-121.3,122,0,2.0,CA,0.0
40.5,-121.9,122,0,2.0,CA,0.0
41.2,-79.0,122,28,2.303,PA,0.2295
45.8,-108.3,122,2,2.033,MT,0.0164
47.2,-123.1,122,40,2.541,WA,0.3279
48.9,-122.5,122,19,2.189,WA,0.1557
27.4,-82.3,122,9,2.131,FL,0.0738
33.7,-80.8,122,1,2.008,SC,0.0082
35.6,-119.4,122,7,2.107,CA,0.0574
37.1,-119.7,122,5,2.049,CA,0.041
32.3,-83.8,122,53,2.607,GA,0.4344
41.1,-75.3,122,32,2.369,PA,0.2623
42.4,-122.5,122,4,2.057,OR,0.0328
44.5,-120.4,122,1,2.016,OR,0.0082
30.6,-87.6,122,33,2.311,AL,0.2705
35.0,-90.1,122,3,2.0,TN,0.0246
43.3,-77.6,122,4,2.025,NY,0.0328
43.9,-122.7,122,8,2.09,OR,0.0656
45.0,-120.8,122,10,2.156,OR,0.082
33.9,-82.3,121,0,1.983,SC,0.0
41.1,-123.7,121,3,2.033,CA,0.0248
41.8,-83.7,121,25,2.355,MI,0.2066
46.2,-96.0,121,3,2.025,MN,0.0248
47.3,-122.4,121,30,2.24,WA,0.2479
29.0,-82.4,121,2,2.008,FL,0.0165
39.6,-123.4,121,2,2.033,CA,0.0165
35.4,-83.3,121,16,2.256,NC,0.1322
39.3,-120.8,121,2,2.008,CA,0.0165
43.0,-77.9,121,6,2.058,NY,0.0496
30.5,-98.0,121,1,1.983,TX,0.0083
30.9,-85.4,121,9,2.116,FL,0.0744
35.0,-82.6,121,0,1.975,SC,0.0
40.3,-78.5,121,18,2.182,PA,0.1488
26.4,-81.9,121,2,2.008,FL,0.0165
29.6,-82.5,121,3,2.05,FL,0.0248
34.9,-85.2,121,40,2.372,GA,0.3306
34.1,-79.4,121,0,1.992,SC,0.0
34.2,-81.6,121,1,2.008,SC,0.0083
34.8,-92.0,121,15,2.24,AR,0.124
38.5,-77.7,121,32,2.521,VA,0.2645
40.1,-80.4,121,39,2.512,PA,0.3223
40.7,-76.4,121,28,2.38,PA,0.2314
41.6,-88.1,121,30,2.355,IL,0.2479
41.8,-112.3,121,18,2.157,UT,0.1488
45.5,-120.7,121,0,2.0,OR,0.0
34.3,-80.8,120,3,2.008,SC,0.025
36.2,-115.3,120,10,2.158,NV,0.0833
34.8,-91.6,120,15,2.225,AR,0.125
43.1,-123.5,120,1,2.017,OR,0.0083
44.5,-95.8,120,1,2.008,MN,0.0083
35.0,-82.8,120,0,1.975,SC,0.0
36.8,-77.8,120,34,2.533,VA,0.2833
40.2,-83.2,120,34,2.542,OH,0.2833
44.4,-88.2,120,53,2.483,WI,0.4417
45.8,-95.3,120,0,2.0,MN,0.0
28.9,-81.2,120,3,2.042,FL,0.025
33.8,-112.3,120,9,2.125,AZ,0.075
40.0,-121.0,120,3,2.042,CA,0.025
42.7,-71.3,120,1,1.967,NH,0.0083
36.7,-120.4,120,0,1.983,CA,0.0
39.7,-76.2,120,48,2.775,PA,0.4
44.1,-117.1,120,2,2.017,OR,0.0167
36.1,-96.1,120,9,2.025,OK,0.075
37.6,-76.6,120,26,2.4,VA,0.2167
39.5,-86.8,120,57,2.642,IN,0.475
41.7,-77.3,120,3,2.05,PA,0.025
43.0,-124.4,120,5,2.075,OR,0.0417
44.4,-88.1,120,42,2.425,WI,0.35
45.8,-108.2,120,0,2.0,MT,0.0
34.5,-80.6,119,0,1.992,SC,0.0
39.8,-76.2,119,23,2.37,PA,0.1933
40.5,-75.4,119,16,2.244,PA,0.1345
40.8,-96.7,119,9,2.084,NE,0.0756
41.4,-75.4,119,27,2.294,PA,0.2269
44.6,-121.2,119,2,2.034,OR,0.0168
36.4,-119.0,119,0,1.992,CA,0.0
39.4,-84.6,119,1,2.0,OH,0.0084
26.1,-81.8,119,11,2.109,FL,0.0924
26.5,-81.7,119,2,1.966,FL,0.0168
36.0,-83.7,119,33,2.353,TN,0.2773
38.4,-78.0,119,23,2.387,VA,0.1933
38.5,-78.6,119,52,2.874,VA,0.437
30.1,-83.6,119,4,2.067,FL,0.0336
38.8,-89.9,119,79,2.756,IL,0.6639
39.7,-76.0,119,20,2.319,PA,0.1681
40.4,-79.4,119,16,2.252,PA,0.1345
43.6,-71.6,119,50,2.42,NH,0.4202
48.2,-122.3,119,30,2.378,WA,0.2521
34.1,-80.2,119,1,2.008,SC,0.0084
34.6,-80.5,119,1,2.008,SC,0.0084
35.3,-85.1,119,2,2.025,TN,0.0168
45.3,-93.9,119,7,2.067,MN,0.0588
37.6,-120.7,119,6,2.076,CA,0.0504
39.4,-121.3,119,0,2.0,CA,0.0
43.7,-123.9,119,3,2.042,OR,0.0252
44.2,-93.8,119,0,2.0,MN,0.0
33.6,-85.5,118,39,2.415,AL,0.3305
34.9,-91.2,118,11,2.136,AR,0.0932
40.2,-123.8,118,1,2.017,CA,0.0085
43.1,-88.3,118,49,2.475,WI,0.4153
43.9,-91.9,118,11,2.093,MN,0.0932
26.4,-81.4,118,17,2.203,FL,0.1441
33.3,-81.0,118,0,1.975,SC,0.0
35.0,-85.6,118,34,2.347,TN,0.2881
35.6,-82.9,118,36,2.314,NC,0.3051
43.1,-85.7,118,10,2.144,MI,0.0847
45.0,-123.3,118,5,2.076,OR,0.0424
35.9,-89.9,118,16,2.263,AR,0.1356
42.2,-123.1,118,0,2.0,OR,0.0
42.5,-73.4,118,9,2.144,NY,0.0763
45.6,-94.0,118,1,2.008,MN,0.0085
37.9,-120.8,118,0,1.992,CA,0.0
41.1,-111.3,118,35,2.305,UT,0.2966
42.4,-96.4,118,53,2.542,IA,0.4492
44.8,-122.3,118,17,2.254,OR,0.1441
33.8,-80.2,118,4,2.034,SC,0.0339
34.7,-112.0,118,13,2.22,AZ,0.1102
37.5,-76.6,118,24,2.373,VA,0.2034
39.6,-119.6,118,49,2.432,NV,0.4153
40.7,-76.3,118,24,2.246,PA,0.2034
41.5,-122.5,118,1,2.017,CA,0.0085
46.7,-92.1,118,15,2.195,MN,0.1271
27.7,-80.5,117,15,2.162,FL,0.1282
36.4,-78.4,117,41,2.556,NC,0.3504
39.2,-112.2,117,18,2.145,UT,0.1538
28.7,-80.8,117,2,2.034,FL,0.0171
34.0,-118.8,117,13,2.171,CA,0.1111
37.3,-77.2,117,35,2.556,VA,0.2991
37.4,-77.2,117,24,2.333,VA,0.2051
37.5,-119.8,117,2,2.017,CA,0.0171
39.8,-120.6,117,1,2.009,CA,0.0085
40.5,-77.1,117,21,2.325,PA,0.1795
46.3,-93.8,117,1,2.009,MN,0.0085
37.6,-120.6,117,3,2.051,CA,0.0256
41.1,-78.4,117,1,2.017,PA,0.0085
30.3,-82.9,117,10,2.103,FL,0.0855
33.3,-96.6,117,11,2.154,TX,0.094
36.1,-80.8,117,34,2.453,NC,0.2906
39.8,-83.3,117,74,2.872,OH,0.6325
27.5,-81.4,117,2,2.0,FL,0.0171
32.5,-83.6,117,53,2.872,GA,0.453
34.0,-80.7,117,1,2.0,SC,0.0085
38.1,-78.2,117,52,2.872,VA,0.4444
41.6,-70.6,117,2,1.983,MA,0.0171
44.3,-92.8,117,5,2.077,MN,0.0427
33.3,-80.2,117,1,1.983,SC,0.0085
35.9,-84.9,117,38,2.41,TN,0.3248
39.4,-105.5,117,39,2.607,CO,0.3333
41.1,-77.6,117,11,2.171,PA,0.094
42.6,-83.7,117,12,2.179,MI,0.1026
44.9,-122.7,117,15,2.256,OR,0.1282
45.2,-107.4,117,1,2.017,MT,0.0085
47.5,-92.9,117,1,2.009,MN,0.0085
38.0,-121.0,116,1,2.009,CA,0.0086
39.8,-123.6,116,2,2.034,CA,0.0172
34.8,-91.4,116,16,2.267,AR,0.1379
35.4,-78.4,116,27,2.328,NC,0.2328
38.0,-77.4,116,25,2.422,VA,0.2155
39.8,-110.9,116,4,2.052,UT,0.0345
40.3,-77.1,116,20,2.31,PA,0.1724
42.9,-72.3,116,3,2.017,NH,0.0259
30.8,-81.7,116,56,2.56,GA,0.4828
34.6,-79.0,116,43,2.491,NC,0.3707
36.7,-120.7,116,26,2.233,CA,0.2241
40.9,-74.9,116,8,2.078,NJ,0.069
34.2,-114.6,116,5,2.078,CA,0.0431
35.9,-86.4,116,28,2.302,TN,0.2414
41.4,-81.3,116,9,2.052,OH,0.0776
42.3,-73.8,116,27,2.44,NY,0.2328
44.4,-122.6,116,7,2.112,OR,0.0603
45.5,-121.1,116,1,2.017,OR,0.0086
33.5,-113.2,116,53,2.509,AZ,0.4569
39.9,-111.2,116,4,2.06,UT,0.0345
39.9,-82.0,116,84,2.888,OH,0.7241
40.1,-84.2,116,56,2.603,OH,0.4828
40.2,-79.0,116,2,2.026,PA,0.0172
41.2,-78.9,116,20,2.259,PA,0.1724
33.6,-86.9,116,27,2.25,AL,0.2328
34.0,-111.4,116,15,2.164,AZ,0.1293
34.5,-81.6,116,1,1.991,SC,0.0086
34.8,-81.2,116,0,2.0,SC,0.0
34.9,-111.7,116,44,2.44,AZ,0.3793
35.1,-90.3,116,23,2.302,AR,0.1983
35.4,-90.3,116,16,2.198,AR,0.1379
37.2,-122.4,116,8,2.103,CA,0.069
38.2,-121.9,116,7,2.095,CA,0.0603
41.0,-80.2,116,30,2.517,PA,0.2586
41.1,-115.0,116,33,2.31,NV,0.2845
43.1,-73.6,116,13,2.181,NY,0.1121
45.1,-117.9,116,7,2.121,OR,0.0603
46.7,-113.6,116,3,2.034,MT,0.0259
34.9,-91.1,115,13,2.209,AR,0.113
35.4,-97.8,115,2,2.017,OK,0.0174
35.7,-81.1,115,35,2.522,NC,0.3043
39.5,-84.2,115,12,2.2,OH,0.1043
42.0,-80.3,115,31,2.426,PA,0.2696
28.0,-81.6,115,9,2.078,FL,0.0783
30.4,-88.6,115,23,2.226,MS,0.2
33.2,-87.1,115,54,2.478,AL,0.4696
40.8,-72.7,115,3,2.035,NY,0.0261
43.9,-91.7,115,9,2.07,MN,0.0783
44.3,-94.2,115,3,2.052,MN,0.0261
35.4,-86.0,115,26,2.33,TN,0.2261
36.5,-86.6,115,42,2.478,TN,0.3652
38.8,-104.9,115,9,2.087,CO,0.0783
41.2,-87.9,115,98,2.87,IL,0.8522
34.6,-86.5,115,1,1.991,AL,0.0087
42.8,-82.6,115,47,2.47,MI,0.4087
39.1,-104.8,115,44,2.522,CO,0.3826
40.4,-76.3,115,30,2.522,PA,0.2609
30.4,-90.0,115,59,2.565,LA,0.513
35.0,-117.7,115,1,2.0,CA,0.0087
37.3,-120.7,115,2,2.017,CA,0.0174
37.3,-76.8,115,14,2.191,VA,0.1217
38.5,-122.3,115,3,2.026,CA,0.0261
38.6,-122.0,115,16,2.122,CA,0.1391
40.8,-77.1,115,8,2.113,PA,0.0696
41.7,-91.3,115,35,2.339,IA,0.3043
42.4,-124.4,115,3,2.052,OR,0.0261
44.0,-123.9,115,3,2.043,OR,0.0261
24.7,-81.1,114,23,2.36,FL,0.2018
40.1,-78.0,114,71,2.737,PA,0.6228
41.5,-94.9,114,43,2.535,IA,0.3772
47.1,-122.2,114,17,2.193,WA,0.1491
36.0,-87.3,114,51,2.605,TN,0.4474
36.3,-78.6,114,35,2.43,NC,0.307
39.9,-76.3,114,8,2.132,PA,0.0702
43.9,-117.0,114,3,2.053,OR,0.0263
30.1,-95.7,114,20,2.281,TX,0.1754
33.8,-80.1,114,2,2.026,SC,0.0175
35.0,-106.6,114,66,2.64,NM,0.5789
37.1,-104.5,114,61,2.675,CO,0.5351
39.9,-121.6,114,0,2.0,CA,0.0
39.9,-76.1,114,3,2.044,PA,0.0263
43.6,-72.2,114,56,2.544,NH,0.4912
45.9,-108.3,114,2,2.035,MT,0.0175
40.4,-122.4,114,0,2.0,CA,0.0
45.6,-122.4,114,17,2.211,WA,0.1491
33.0,-81.3,114,0,1.982,SC,0.0
34.9,-82.9,114,1,1.982,SC,0.0088
37.8,-79.8,114,30,2.447,VA,0.2632
42.9,-78.6,114,29,2.439,NY,0.2544
32.1,-90.3,114,35,2.386,MS,0.307
33.5,-82.5,114,49,2.605,GA,0.4298
34.2,-81.7,114,0,1.991,SC,0.0
35.9,-80.2,114,33,2.535,NC,0.2895
39.4,-77.1,114,37,2.605,MD,0.3246
40.3,-74.0,114,19,2.228,NJ,0.1667
40.4,-122.2,114,0,1.982,CA,0.0
42.3,-73.6,114,2,2.035,NY,0.0175
45.9,-111.8,114,2,2.035,MT,0.0175
30.4,-86.5,113,11,2.168,FL,0.0973
32.9,-80.3,113,4,2.018,SC,0.0354
38.9,-123.1,113,7,2.08,CA,0.0619
39.7,-104.6,113,39,2.496,CO,0.3451
29.0,-80.9,113,3,2.044,FL,0.0265
36.2,-121.2,113,3,2.035,CA,0.0265
40.8,-82.4,113,50,2.575,OH,0.4425
41.3,-82.8,113,83,2.876,OH,0.7345
33.6,-86.3,113,37,2.336,AL,0.3274
34.5,-112.2,113,21,2.354,AZ,0.1858
34.9,-79.0,113,22,2.292,NC,0.1947
39.9,-82.6,113,53,2.708,OH,0.469
42.7,-124.4,113,1,2.009,OR,0.0088
44.4,-119.0,113,1,2.009,OR,0.0088
45.8,-95.0,113,1,2.009,MN,0.0088
33.9,-79.4,113,1,1.982,SC,0.0088
37.6,-81.1,113,6,2.088,WV,0.0531
39.5,-105.0,113,17,2.195,CO,0.1504
41.0,-80.7,113,49,2.451,OH,0.4336
41.0,-76.2,113,7,2.097,PA,0.0619
33.7,-81.0,113,2,1.973,SC,0.0177
35.2,-111.4,113,34,2.416,AZ,0.3009
48.7,-122.4,113,56,2.54,WA,0.4956
35.7,-82.0,113,22,2.292,NC,0.1947
38.3,-76.5,113,26,2.416,MD,0.2301
39.9,-78.0,113,13,2.221,PA,0.115
40.1,-79.6,113,24,2.416,PA,0.2124
40.3,-84.2,113,55,2.611,OH,0.4867
43.2,-78.7,113,24,2.416,NY,0.2124
43.8,-88.5,113,31,2.283,WI,0.2743
44.1,-123.4,113,4,2.062,OR,0.0354
25.0,-80.5,112,9,2.152,FL,0.0804
30.7,-86.0,112,9,2.125,FL,0.0804
39.2,-77.0,112,34,2.545,MD,0.3036
41.7,-88.2,112,30,2.438,IL,0.2679
37.0,-119.4,112,0,2.0,CA,0.0
37.8,-120.5,112,1,2.009,CA,0.0089
40.7,-122.8,112,1,2.018,CA,0.0089
47.8,-117.4,112,9,2.098,WA,0.0804
29.4,-82.3,112,9,2.089,FL,0.0804
40.0,-78.7,112,10,2.161,PA,0.0893
41.0,-77.3,112,11,2.188,PA,0.0982
44.5,-122.0,112,6,2.107,OR,0.0536
34.3,-80.7,112,1,2.009,SC,0.0089
37.7,-120.2,112,1,2.009,CA,0.0089
44.7,-92.8,112,4,2.045,MN,0.0357
33.3,-81.3,112,0,1.946,SC,0.0
34.1,-80.4,112,5,2.089,SC,0.0446
34.7,-114.5,112,22,2.25,CA,0.1964
38.5,-81.4,112,13,2.196,WV,0.1161
39.7,-76.3,112,16,2.259,PA,0.1429
40.0,-111.3,112,10,2.134,UT,0.0893
43.5,-73.7,112,17,2.268,NY,0.1518
44.8,-122.5,112,17,2.304,OR,0.1518
44.9,-93.7,112,5,2.071,MN,0.0446
26.6,-82.1,112,1,1.982,FL,0.0089
31.3,-81.5,112,35,2.402,GA,0.3125
32.1,-83.8,112,60,2.616,GA,0.5357
32.1,-81.4,112,45,2.536,GA,0.4018
37.3,-93.4,112,1,1.991,MO,0.0089
38.7,-76.8,112,28,2.446,MD,0.25
38.9,-111.9,112,16,2.161,UT,0.1429
39.3,-94.5,112,35,2.33,MO,0.3125
40.4,-124.0,112,4,2.071,CA,0.0357
40.6,-105.1,112,11,2.054,CO,0.0982
40.7,-75.6,112,27,2.393,PA,0.2411
44.6,-117.6,112,3,2.054,OR,0.0268
46.2,-93.8,112,1,2.009,MN,0.0089
33.3,-81.1,111,0,1.991,SC,0.0
35.1,-119.4,111,4,2.045,CA,0.036
36.5,-78.2,111,49,2.667,NC,0.4414
44.8,-95.5,111,0,2.0,MN,0.0
30.8,-85.6,111,6,2.063,FL,0.0541
39.8,-105.7,111,61,2.757,CO,0.5495
41.3,-73.5,111,20,2.288,NY,0.1802
41.7,-71.6,111,67,2.613,RI,0.6036
42.4,-79.5,111,3,2.036,NY,0.027
43.6,-123.6,111,2,2.027,OR,0.018
45.2,-122.5,111,17,2.252,OR,0.1532
30.4,-85.7,111,8,2.126,FL,0.0721
33.8,-81.9,111,2,2.036,SC,0.018
34.1,-93.1,111,13,2.198,AR,0.1171
36.6,-118.1,111,0,2.0,CA,0.0
40.8,-115.8,111,34,2.333,NV,0.3063
41.8,-73.9,111,11,2.18,NY,0.0991
39.2,-119.9,111,15,2.225,NV,0.1351
39.5,-123.8,111,0,1.991,CA,0.0
44.4,-123.9,111,6,2.081,OR,0.0541
34.7,-117.9,111,3,2.054,CA,0.027
34.8,-81.5,111,0,1.982,SC,0.0
40.6,-80.2,111,37,2.595,PA,0.3333
32.7,-81.2,111,0,1.973,SC,0.0
33.8,-86.6,111,3,2.018,AL,0.027
38.9,-119.8,111,9,2.153,NV,0.0811
39.8,-76.6,111,3,2.045,PA,0.027
40.4,-75.6,111,6,2.09,PA,0.0541
41.9,-73.8,111,2,2.009,NY,0.018
43.7,-124.0,111,2,2.027,OR,0.018
43.9,-92.4,111,0,2.0,MN,0.0
47.5,-121.8,111,65,2.613,WA,0.5856
40.7,-78.5,110,19,2.327,PA,0.1727
41.1,-77.1,110,40,2.4,PA,0.3636
41.3,-78.5,110,11,2.164,PA,0.1
41.5,-95.5,110,44,2.464,IA,0.4
42.2,-84.4,110,37,2.609,MI,0.3364
45.8,-123.4,110,5,2.073,OR,0.0455
35.2,-119.2,110,16,2.136,CA,0.1455
36.6,-78.1,110,12,2.2,VA,0.1091
37.2,-79.6,110,43,2.755,VA,0.3909
41.8,-88.5,110,77,2.782,IL,0.7
44.2,-117.0,110,3,2.055,OR,0.0273
46.2,-92.9,110,17,2.155,MN,0.1545
45.5,-123.7,110,8,2.127,OR,0.0727
39.9,-82.5,110,55,2.573,OH,0.5
40.9,-79.0,110,7,2.118,PA,0.0636
46.5,-111.9,110,3,2.036,MT,0.0273
34.7,-84.5,110,55,2.945,GA,0.5
37.3,-93.1,110,16,2.145,MO,0.1455
38.4,-75.5,110,28,2.445,MD,0.2545
40.8,-87.1,110,35,2.427,IN,0.3182
26.2,-81.1,110,26,2.291,FL,0.2364
29.6,-90.8,110,10,2.1,LA,0.0909
35.4,-79.1,110,23,2.373,NC,0.2091
41.8,-70.7,110,32,2.327,MA,0.2909
42.4,-121.8,110,1,2.018,OR,0.0091
43.1,-75.1,110,1,2.018,NY,0.0091
35.5,-78.7,109,13,2.239,NC,0.1193
41.5,-77.1,109,16,2.294,PA,0.1468
42.6,-83.8,109,13,2.202,MI,0.1193
42.9,-73.6,109,13,2.239,NY,0.1193
43.1,-124.3,109,4,2.055,OR,0.0367
29.5,-95.2,109,13,2.147,TX,0.1193
30.4,-88.8,109,8,2.083,MS,0.0734
33.3,-86.6,109,2,2.009,AL,0.0183
33.6,-80.2,109,2,2.028,SC,0.0183
40.2,-105.1,109,49,2.862,CO,0.4495
41.7,-92.6,109,24,2.284,IA,0.2202
43.7,-92.7,109,14,2.128,MN,0.1284
44.9,-94.3,109,0,1.982,MN,0.0
28.0,-81.8,109,1,1.936,FL,0.0092
37.7,-120.5,109,1,2.009,CA,0.0092
38.9,-89.8,109,67,2.78,IL,0.6147
28.1,-82.1,109,6,2.064,FL,0.055
34.1,-86.8,109,3,2.028,AL,0.0275
34.3,-80.9,109,1,2.0,SC,0.0092
35.0,-106.7,109,27,2.321,NM,0.2477
42.3,-84.0,109,50,2.606,MI,0.4587
45.8,-119.9,109,1,2.009,OR,0.0092
26.2,-98.2,109,65,2.679,TX,0.5963
33.1,-96.9,109,8,2.073,TX,0.0734
34.6,-80.4,109,1,2.018,SC,0.0092
36.9,-79.9,109,13,2.229,VA,0.1193
38.2,-120.0,109,3,2.037,CA,0.0275
39.8,-122.0,109,4,2.064,CA,0.0367
40.7,-77.0,109,8,2.147,PA,0.0734
42.3,-72.6,109,44,2.394,MA,0.4037
42.6,-86.2,109,44,2.578,MI,0.4037
31.5,-97.1,109,68,2.661,TX,0.6239
34.3,-82.5,109,1,2.009,SC,0.0092
39.1,-121.8,109,6,2.101,CA,0.055
42.2,-86.4,109,39,2.459,MI,0.3578
44.8,-94.1,109,1,1.982,MN,0.0092
46.5,-112.8,109,2,2.028,MT,0.0183
37.8,-75.6,108,22,2.38,VA,0.2037
33.6,-86.4,108,42,2.435,AL,0.3889
35.5,-86.2,108,40,2.398,TN,0.3704
38.2,-79.1,108,45,2.787,VA,0.4167
39.0,-85.8,108,58,2.759,IN,0.537
43.1,-78.9,108,32,2.519,NY,0.2963
45.3,-92.8,108,4,2.046,MN,0.037
30.5,-88.8,108,41,2.417,MS,0.3796
36.4,-78.3,108,62,2.75,NC,0.5741
41.7,-93.1,108,39,2.389,IA,0.3611
44.3,-119.0,108,2,2.037,OR,0.0185
46.4,-94.2,108,4,2.046,MN,0.037
32.8,-85.2,108,45,2.444,AL,0.4167
34.1,-79.2,108,4,2.037,SC,0.037
42.8,-84.7,108,60,2.852,MI,0.5556
45.6,-111.2,108,2,2.037,MT,0.0185
33.6,-79.4,108,0,1.991,SC,0.0
34.6,-79.5,108,1,1.991,SC,0.0093
40.7,-84.1,108,55,2.611,OH,0.5093
42.4,-71.4,108,9,2.074,MA,0.0833
42.9,-73.3,108,15,2.231,NY,0.1389
43.1,-76.4,108,11,2.185,NY,0.1019
31.2,-97.3,108,82,2.815,TX,0.7593
33.5,-79.3,108,0,1.991,SC,0.0
35.0,-118.1,108,0,2.0,CA,0.0
35.1,-90.7,108,18,2.306,AR,0.1667
39.5,-107.7,108,39,2.537,CO,0.3611
40.6,-78.1,108,1,2.019,PA,0.0093
41.4,-74.6,108,44,2.593,NY,0.4074
42.0,-70.9,108,0,1.917,MA,0.0
42.2,-70.8,108,0,1.954,MA,0.0
42.6,-73.5,108,11,2.204,NY,0.1019
43.7,-88.4,108,36,2.435,WI,0.3333
45.4,-92.8,108,1,2.009,MN,0.0093
26.2,-81.6,107,17,2.15,FL,0.1589
29.1,-82.5,107,5,2.093,FL,0.0467
30.4,-91.5,107,61,2.673,LA,0.5701
32.7,-85.0,107,55,2.626,GA,0.514
38.4,-90.9,107,55,2.561,MO,0.514
43.6,-70.3,107,24,2.271,ME,0.2243
45.1,-120.7,107,3,2.028,OR,0.028
29.2,-81.5,107,3,2.056,FL,0.028
32.7,-80.6,107,0,1.981,SC,0.0
35.0,-89.7,107,6,1.897,TN,0.0561
35.1,-81.4,107,0,1.972,SC,0.0
36.7,-76.8,107,17,2.29,VA,0.1589
40.1,-80.5,107,23,2.374,WV,0.215
40.7,-80.3,107,22,2.374,PA,0.2056
41.6,-77.1,107,7,2.131,PA,0.0654
42.7,-74.3,107,43,2.486,NY,0.4019
34.6,-92.3,107,7,2.121,AR,0.0654
35.2,-92.7,107,15,2.252,AR,0.1402
35.3,-81.3,107,34,2.449,NC,0.3178
36.8,-76.8,107,34,2.607,VA,0.3178
39.4,-104.8,107,20,2.318,CO,0.1869
41.4,-95.9,107,48,2.523,IA,0.4486
41.6,-72.5,107,26,2.458,CT,0.243
43.1,-86.1,107,35,2.355,MI,0.3271
43.1,-73.5,107,16,2.271,NY,0.1495
44.0,-93.2,107,2,2.019,MN,0.0187
33.3,-80.3,107,0,1.991,SC,0.0
37.3,-78.1,107,18,2.29,VA,0.1682
38.7,-77.7,107,42,2.776,VA,0.3925
40.1,-77.1,107,8,2.14,PA,0.0748
41.3,-75.7,107,23,2.243,PA,0.215
45.3,-123.1,107,4,2.047,OR,0.0374
45.8,-94.3,107,2,2.019,MN,0.0187
33.7,-81.8,107,0,1.981,SC,0.0
36.5,-84.2,107,25,2.28,TN,0.2336
37.8,-78.0,107,14,2.178,VA,0.1308
38.3,-76.6,107,35,2.636,MD,0.3271
39.0,-77.7,107,21,2.374,VA,0.1963
39.2,-81.5,107,7,2.121,WV,0.0654
40.1,-79.2,107,13,2.15,PA,0.1215
41.1,-75.8,107,36,2.495,PA,0.3364
41.7,-124.1,107,2,2.028,CA,0.0187
41.7,-70.4,107,2,2.009,MA,0.0187
42.4,-93.6,107,24,2.308,IA,0.2243
43.0,-75.3,107,3,2.056,NY,0.028
43.1,-123.6,107,5,2.093,OR,0.0467
46.0,-112.6,107,0,2.0,MT,0.0
32.8,-86.9,106,7,2.104,AL,0.066
36.4,-121.4,106,0,1.972,CA,0.0
40.7,-116.3,106,26,2.264,NV,0.2453
40.9,-77.6,106,10,2.189,PA,0.0943
30.4,-89.4,106,32,2.33,MS,0.3019
30.7,-91.0,106,0,1.972,LA,0.0
33.7,-86.7,106,12,2.217,AL,0.1132
33.7,-85.1,106,44,2.642,GA,0.4151
34.3,-79.2,106,0,2.0,SC,0.0
35.6,-120.8,106,0,2.0,CA,0.0
38.4,-76.7,106,18,2.34,MD,0.1698
38.7,-90.1,106,65,2.717,IL,0.6132
33.0,-112.0,106,4,2.047,AZ,0.0377
34.4,-83.1,106,64,2.698,GA,0.6038
27.7,-82.5,106,4,2.047,FL,0.0377
31.7,-86.8,106,69,2.698,AL,0.6509
34.1,-86.6,106,0,1.972,AL,0.0
35.7,-81.8,106,37,2.453,NC,0.3491
36.8,-78.1,106,32,2.358,VA,0.3019
39.2,-122.2,106,8,2.104,CA,0.0755
30.5,-90.2,106,49,2.5,LA,0.4623
32.3,-86.1,106,5,2.085,AL,0.0472
36.1,-85.8,106,23,2.302,TN,0.217
36.3,-80.4,106,21,2.396,NC,0.1981
38.4,-112.7,106,29,2.292,UT,0.2736
40.4,-84.2,106,38,2.491,OH,0.3585
40.8,-74.9,106,7,2.132,NJ,0.066
40.9,-72.4,106,14,2.198,NY,0.1321
41.7,-71.0,106,50,2.472,MA,0.4717
29.7,-98.5,106,6,2.028,TX,0.0566
30.0,-95.1,106,3,2.047,TX,0.0283
30.2,-85.9,106,4,2.047,FL,0.0377
38.2,-121.0,106,0,2.0,CA,0.0
38.4,-120.9,106,2,2.019,CA,0.0189
39.2,-106.0,106,43,2.67,CO,0.4057
39.8,-94.8,106,28,2.34,MO,0.2642
42.3,-93.6,106,28,2.311,IA,0.2642
42.8,-89.0,106,48,2.575,WI,0.4528
44.8,-93.9,106,6,2.075,MN,0.0566
31.4,-81.4,105,41,2.486,GA,0.3905
35.0,-86.9,105,41,2.476,AL,0.3905
35.3,-89.6,105,37,2.448,TN,0.3524
37.4,-79.8,105,22,2.371,VA,0.2095
43.2,-75.7,105,3,2.048,NY,0.0286
45.9,-119.2,105,1,2.019,OR,0.0095
27.4,-81.5,105,9,2.162,FL,0.0857
32.3,-90.9,105,30,2.39,MS,0.2857
32.9,-81.1,105,0,1.99,SC,0.0
34.8,-112.5,105,26,2.486,AZ,0.2476
36.1,-118.9,105,4,2.076,CA,0.0381
40.1,-78.8,105,4,2.076,PA,0.0381
41.2,-80.4,105,50,2.686,PA,0.4762
41.6,-73.7,105,5,2.086,NY,0.0476
30.4,-97.4,105,3,2.01,TX,0.0286
41.6,-90.7,105,36,2.371,IA,0.3429
42.0,-123.7,105,7,2.114,CA,0.0667
28.1,-81.3,105,24,2.438,FL,0.2286
38.1,-121.0,105,2,2.038,CA,0.019
38.3,-112.7,105,11,2.114,UT,0.1048
38.7,-77.9,105,36,2.667,VA,0.3429
38.8,-120.2,105,0,2.0,CA,0.0
40.7,-76.8,105,8,2.152,PA,0.0762
42.0,-71.1,105,40,2.381,MA,0.381
44.9,-92.2,105,39,2.381,WI,0.3714
46.1,-123.8,105,9,2.133,OR,0.0857
37.3,-118.4,105,0,2.0,CA,0.0
41.0,-79.3,105,20,2.381,PA,0.1905
44.5,-93.8,105,0,2.0,MN,0.0
30.3,-84.2,105,2,2.029,FL,0.019
32.2,-80.7,105,0,2.0,SC,0.0
33.5,-81.3,105,1,2.019,SC,0.0095
36.2,-79.7,105,20,2.305,NC,0.1905
38.9,-104.6,105,27,2.429,CO,0.2571
39.0,-85.9,105,57,2.771,IN,0.5429
40.1,-88.2,105,91,2.895,IL,0.8667
42.1,-121.8,105,1,2.019,OR,0.0095
44.4,-95.9,105,0,1.981,MN,0.0
35.2,-82.0,104,0,1.952,SC,0.0
37.4,-81.1,104,5,2.077,WV,0.0481
42.1,-75.8,104,30,2.356,NY,0.2885
45.1,-122.6,104,18,2.327,OR,0.1731
39.6,-122.0,104,1,2.01,CA,0.0096
40.2,-74.4,104,24,2.26,NJ,0.2308
41.5,-95.9,104,50,2.548,IA,0.4808
45.4,-120.8,104,8,2.106,OR,0.0769
46.3,-112.1,104,0,2.0,MT,0.0
33.9,-116.9,104,89,2.856,CA,0.8558
35.4,-82.6,104,18,2.327,NC,0.1731
38.1,-121.1,104,0,1.971,CA,0.0
47.6,-122.0,104,26,2.423,WA,0.25
37.6,-76.4,104,30,2.538,VA,0.2885
40.4,-74.0,104,17,2.317,NJ,0.1635
40.7,-78.1,104,11,2.192,PA,0.1058
45.9,-119.4,104,3,2.048,OR,0.0288
33.5,-82.6,104,48,2.51,GA,0.4615
35.9,-83.8,104,12,2.173,TN,0.1154
36.4,-84.3,104,37,2.442,TN,0.3558
38.9,-121.4,104,3,2.038,CA,0.0288
39.2,-74.8,104,27,2.49,NJ,0.2596
39.5,-107.8,104,55,2.904,CO,0.5288
41.0,-74.6,104,16,2.24,NJ,0.1538
41.7,-93.4,104,45,2.452,IA,0.4327
46.3,-114.1,104,0,2.0,MT,0.0
32.2,-83.7,104,64,2.635,GA,0.6154
33.7,-114.0,104,47,2.519,AZ,0.4519
37.1,-119.8,104,6,2.067,CA,0.0577
38.6,-112.5,104,16,2.154,UT,0.1538
39.2,-123.7,104,2,2.019,CA,0.0192
40.2,-78.5,104,14,2.202,PA,0.1346
41.6,-90.8,104,33,2.385,IA,0.3173
41.6,-72.3,104,39,2.731,CT,0.375
42.0,-83.7,104,21,2.365,MI,0.2019
45.9,-123.8,104,1,2.019,OR,0.0096
30.1,-90.0,103,0,1.971,LA,0.0
33.8,-86.7,103,2,2.019,AL,0.0194
35.7,-118.4,103,12,2.223,CA,0.1165
44.6,-123.6,103,10,2.184,OR,0.0971
45.8,-123.3,103,7,2.126,OR,0.068
47.7,-117.5,103,1,1.981,WA,0.0097
48.4,-114.2,103,0,2.0,MT,0.0
33.9,-83.7,103,32,2.583,GA,0.3107
34.0,-78.7,103,1,2.0,SC,0.0097
40.5,-78.9,103,10,2.184,PA,0.0971
43.1,-88.6,103,40,2.437,WI,0.3883
43.6,-84.2,103,41,2.786,MI,0.3981
47.5,-122.8,103,25,2.359,WA,0.2427
47.8,-122.0,103,23,2.359,WA,0.2233
26.7,-82.0,103,2,2.019,FL,0.0194
35.3,-89.9,103,1,1.99,TN,0.0097
37.5,-76.4,103,24,2.427,VA,0.233
38.3,-78.0,103,30,2.573,VA,0.2913
40.4,-120.8,103,3,2.049,CA,0.0291
40.5,-75.8,103,22,2.417,PA,0.2136
41.1,-76.3,103,5,2.087,PA,0.0485
41.5,-95.6,103,45,2.544,IA,0.4369
34.8,-91.8,103,13,2.204,AR,0.1262
38.1,-112.6,103,25,2.262,UT,0.2427
40.6,-77.0,103,14,2.243,PA,0.1359
45.6,-111.1,103,0,2.0,MT,0.0
32.5,-96.7,103,44,2.476,TX,0.4272
32.8,-86.7,103,4,2.058,AL,0.0388
33.6,-113.4,103,42,2.447,AZ,0.4078
34.5,-120.0,103,1,2.019,CA,0.0097
35.0,-80.5,103,10,2.175,NC,0.0971
39.6,-85.8,103,26,2.408,IN,0.2524
29.6,-82.9,103,3,2.039,FL,0.0291
30.3,-89.6,103,48,2.515,MS,0.466
32.8,-79.8,103,12,2.107,SC,0.1165
33.9,-116.5,103,51,2.524,CA,0.4951
33.9,-87.4,103,17,2.184,AL,0.165
34.5,-112.5,103,26,2.485,AZ,0.2524
35.9,-87.6,103,43,2.534,TN,0.4175
39.6,-119.4,103,25,2.282,NV,0.2427
40.4,-83.1,103,5,2.058,OH,0.0485
40.6,-78.2,103,7,2.126,PA,0.068
42.5,-73.5,103,13,2.243,NY,0.1262
44.1,-122.4,103,11,2.175,OR,0.1068
45.2,-122.4,103,29,2.524,OR,0.2816
47.2,-122.1,103,27,2.495,WA,0.2621
48.1,-114.2,103,6,2.117,MT,0.0583
33.3,-84.6,102,43,2.775,GA,0.4216
41.9,-73.1,102,23,2.441,CT,0.2255
42.3,-84.1,102,48,2.588,MI,0.4706
42.9,-86.1,102,11,2.078,MI,0.1078
47.6,-122.6,102,17,2.255,WA,0.1667
33.5,-113.1,102,18,2.265,AZ,0.1765
35.2,-112.4,102,22,2.265,AZ,0.2157
38.1,-78.6,102,37,2.725,VA,0.3627
44.0,-117.2,102,2,2.02,OR,0.0196
28.0,-80.5,102,4,2.059,FL,0.0392
40.3,-121.0,102,1,2.01,CA,0.0098
44.6,-123.9,102,4,2.039,OR,0.0392
46.2,-123.5,102,3,2.059,OR,0.0294
34.4,-117.3,102,3,2.059,CA,0.0294
35.8,-86.9,102,33,2.48,TN,0.3235
36.2,-82.5,102,1,1.951,TN,0.0098
36.9,-76.6,102,28,2.5,VA,0.2745
37.3,-79.8,102,24,2.441,VA,0.2353
37.4,-77.8,102,9,2.137,VA,0.0882
37.6,-118.9,102,1,2.01,CA,0.0098
38.4,-78.6,102,30,2.578,VA,0.2941
40.9,-76.7,102,15,2.294,PA,0.1471
42.0,-80.2,102,31,2.461,PA,0.3039
32.3,-80.8,102,1,2.0,SC,0.0098
37.1,-119.4,102,0,1.99,CA,0.0
39.1,-122.3,102,2,2.029,CA,0.0196
40.1,-105.1,102,33,2.588,CO,0.3235
43.0,-71.0,102,6,2.059,NH,0.0588
43.8,-122.5,102,5,2.059,OR,0.049
43.8,-70.2,102,16,2.176,ME,0.1569
30.2,-93.6,102,53,2.549,LA,0.5196
30.5,-89.1,102,5,2.069,MS,0.049
32.4,-84.9,102,29,2.402,GA,0.2843
34.3,-83.3,102,54,2.657,GA,0.5294
36.0,-118.9,102,1,2.0,CA,0.0098
38.0,-104.8,102,29,2.402,CO,0.2843
38.5,-77.8,102,13,2.255,VA,0.1275
38.6,-122.4,102,0,1.99,CA,0.0
39.9,-123.8,102,2,2.029,CA,0.0196
44.3,-88.3,102,34,2.431,WI,0.3333
44.4,-123.8,102,3,2.049,OR,0.0294
30.5,-90.6,101,58,2.703,LA,0.5743
34.4,-113.2,101,16,2.287,AZ,0.1584
36.2,-120.2,101,11,2.109,CA,0.1089
37.0,-79.8,101,34,2.653,VA,0.3366
38.2,-112.6,101,17,2.168,UT,0.1683
40.6,-77.8,101,5,2.099,PA,0.0495
42.2,-120.3,101,3,2.03,OR,0.0297
42.5,-123.0,101,3,2.03,OR,0.0297
28.6,-81.9,101,2,2.02,FL,0.0198
34.1,-81.5,101,0,1.99,SC,0.0
38.3,-79.0,101,20,2.327,VA,0.198
40.0,-123.8,101,3,2.04,CA,0.0297
41.8,-75.7,101,33,2.455,PA,0.3267
45.6,-123.2,101,8,2.139,OR,0.0792
30.3,-82.7,101,16,2.198,FL,0.1584
34.3,-84.1,101,7,2.109,GA,0.0693
43.5,-71.5,101,1,1.97,NH,0.0099
29.0,-81.6,101,4,2.069,FL,0.0396
36.4,-118.9,101,0,2.0,CA,0.0
37.2,-79.9,101,16,2.307,VA,0.1584
37.5,-120.7,101,0,2.0,CA,0.0
37.8,-120.6,101,0,2.0,CA,0.0
39.0,-76.0,101,22,2.406,MD,0.2178
39.2,-122.1,101,0,2.0,CA,0.0
29.9,-82.7,101,3,2.05,FL,0.0297
33.0,-97.2,101,9,2.109,TX,0.0891
34.1,-79.1,101,0,1.98,SC,0.0
35.8,-81.4,101,15,2.297,NC,0.1485
36.6,-76.2,101,3,2.03,VA,0.0297
36.8,-114.1,101,16,2.228,NV,0.1584
39.1,-121.9,101,3,2.059,CA,0.0297
39.6,-74.9,101,30,2.475,NJ,0.297
42.3,-89.1,101,7,2.099,IL,0.0693
42.6,-84.0,101,40,2.564,MI,0.396
45.6,-118.0,101,17,2.297,OR,0.1683
45.9,-111.5,101,3,2.059,MT,0.0297
32.4,-85.8,100,56,2.59,AL,0.56
39.7,-104.4,100,49,2.73,CO,0.49
42.2,-86.0,100,49,2.7,MI,0.49
46.7,-95.7,100,2,2.01,MN,0.02
27.9,-81.0,100,12,2.18,FL,0.12
30.7,-85.1,100,5,2.06,FL,0.05
32.6,-93.7,100,68,2.72,LA,0.68
34.4,-83.2,100,34,2.4,GA,0.34
36.0,-85.1,100,33,2.38,TN,0.33
40.5,-77.8,100,8,2.16,PA,0.08
45.6,-118.8,100,0,2.0,OR,0.0
33.3,-87.7,100,10,2.16,AL,0.1
39.7,-122.1,100,0,2.0,CA,0.0
39.8,-123.5,100,0,2.0,CA,0.0
43.8,-87.8,100,44,2.62,WI,0.44
30.6,-87.9,100,2,2.02,AL,0.02
33.4,-79.4,100,1,2.0,SC,0.01
42.2,-88.6,100,51,2.53,IL,0.51
48.3,-114.2,100,1,2.02,MT,0.01
33.8,-83.8,100,29,2.57,GA,0.29
39.3,-84.2,100,7,2.1,OH,0.07
29.4,-81.5,100,1,2.02,FL,0.01
30.0,-82.3,100,2,2.03,FL,0.02
33.3,-81.4,100,2,2.0,SC,0.02
41.0,-78.6,100,6,2.1,PA,0.06
41.7,-71.9,100,55,2.89,CT,0.55
47.7,-122.6,100,22,2.39,WA,0.22
34.7,-81.1,99,0,1.99,SC,0.0
42.2,-120.4,99,1,2.01,OR,0.0101
43.7,-93.7,99,7,2.071,MN,0.0707
45.0,-93.8,99,0,2.0,MN,0.0
31.1,-97.4,99,58,2.677,TX,0.5859
34.3,-80.2,99,1,2.01,SC,0.0101
34.6,-111.8,99,41,2.475,AZ,0.4141
26.2,-81.4,99,26,2.414,FL,0.2626
36.9,-77.9,99,26,2.323,VA,0.2626
37.4,-76.6,99,28,2.545,VA,0.2828
41.0,-81.9,99,42,2.525,OH,0.4242
41.2,-84.9,99,31,2.626,IN,0.3131
33.1,-80.5,99,0,1.98,SC,0.0
33.6,-83.6,99,53,2.677,GA,0.5354
33.6,-81.3,99,0,1.99,SC,0.0
34.0,-80.2,99,4,2.051,SC,0.0404
34.1,-81.6,99,0,1.99,SC,0.0
38.5,-106.3,99,30,2.455,CO,0.303
39.6,-86.6,99,31,2.404,IN,0.3131
40.1,-79.3,99,17,2.313,PA,0.1717
40.6,-111.3,99,1,2.01,UT,0.0101
43.4,-73.3,99,12,2.242,NY,0.1212
26.8,-80.2,99,3,2.0,FL,0.0303
38.4,-77.6,99,14,2.242,VA,0.1414
40.5,-89.0,99,77,2.889,IL,0.7778
43.6,-121.6,99,0,2.0,OR,0.0
44.5,-89.5,99,33,2.394,WI,0.3333
44.9,-91.4,99,12,2.202,WI,0.1212
45.0,-122.8,99,19,2.374,OR,0.1919
45.7,-110.4,99,0,2.0,MT,0.0
30.0,-82.1,99,2,2.04,FL,0.0202
33.5,-87.0,99,34,2.404,AL,0.3434
36.0,-120.9,99,0,1.99,CA,0.0
36.8,-79.4,99,15,2.283,VA,0.1515
36.9,-119.6,99,1,1.929,CA,0.0101
37.4,-76.9,99,16,2.283,VA,0.1616
37.9,-81.3,99,7,2.081,WV,0.0707
38.4,-105.2,99,36,2.667,CO,0.3636
39.6,-121.4,99,3,2.051,CA,0.0303
39.7,-74.8,99,20,2.404,NJ,0.202
40.7,-78.8,99,4,2.061,PA,0.0404
41.4,-78.5,99,1,2.02,PA,0.0101
42.2,-75.9,99,31,2.455,NY,0.3131
44.2,-124.1,99,3,2.051,OR,0.0303
47.0,-114.5,99,2,2.04,MT,0.0202
38.2,-78.3,98,33,2.653,VA,0.3367
39.7,-106.0,98,10,2.153,CO,0.102
46.0,-112.7,98,0,2.0,MT,0.0
29.2,-81.4,98,8,2.153,FL,0.0816
30.2,-81.4,98,3,2.041,FL,0.0306
30.8,-86.7,98,2,2.02,FL,0.0204
39.4,-75.2,98,26,2.449,NJ,0.2653
41.9,-88.7,98,57,2.643,IL,0.5816
42.1,-83.3,98,46,2.602,MI,0.4694
33.2,-117.0,98,5,2.071,CA,0.051
33.8,-112.0,98,8,2.071,AZ,0.0816
34.0,-118.9,98,8,2.112,CA,0.0816
41.2,-111.8,98,3,2.041,UT,0.0306
41.9,-112.6,98,19,2.194,UT,0.1939
42.2,-86.1,98,39,2.5,MI,0.398
30.4,-84.1,98,0,1.99,FL,0.0
37.9,-112.8,98,26,2.286,UT,0.2653
38.1,-77.3,98,24,2.439,VA,0.2449
38.2,-77.4,98,22,2.408,VA,0.2245
38.3,-78.4,98,32,2.633,VA,0.3265
38.9,-112.4,98,29,2.327,UT,0.2959
41.7,-91.8,98,22,2.286,IA,0.2245
41.5,-95.3,98,37,2.5,IA,0.3776
41.9,-112.5,98,13,2.122,UT,0.1327
42.7,-86.2,98,32,2.418,MI,0.3265
28.4,-81.8,98,4,2.071,FL,0.0408
34.0,-86.9,98,32,2.337,AL,0.3265
39.4,-122.2,98,23,2.255,CA,0.2347
41.1,-104.9,98,19,2.367,WY,0.1939
46.9,-122.4,98,20,2.316,WA,0.2041
28.7,-82.6,97,1,2.021,FL,0.0103
38.2,-81.4,97,16,2.237,WV,0.1649
39.8,-82.7,97,7,2.103,OH,0.0722
41.5,-87.8,97,48,2.495,IL,0.4948
43.7,-84.0,97,58,2.948,MI,0.5979
45.1,-123.8,97,4,2.082,OR,0.0412
33.7,-79.9,97,2,1.99,SC,0.0206
35.7,-81.9,97,22,2.289,NC,0.2268
40.6,-89.7,97,5,2.062,IL,0.0515
41.8,-124.0,97,1,2.021,CA,0.0103
43.0,-123.7,97,2,2.021,OR,0.0206
44.8,-94.2,97,0,2.0,MN,0.0
30.0,-97.8,97,51,2.515,TX,0.5258
31.6,-106.3,97,0,1.969,TX,0.0
41.7,-78.8,97,8,2.165,PA,0.0825
48.8,-122.2,97,23,2.412,WA,0.2371
33.4,-84.5,97,37,2.68,GA,0.3814
38.4,-79.0,97,40,2.804,VA,0.4124
45.4,-94.6,97,0,1.99,MN,0.0
34.7,-87.6,97,6,2.093,AL,0.0619
36.8,-121.3,97,0,2.0,CA,0.0
36.9,-113.9,97,15,2.206,AZ,0.1546
41.3,-87.8,97,67,2.784,IL,0.6907
30.7,-85.5,97,6,2.052,FL,0.0619
33.9,-83.8,97,39,2.742,GA,0.4021
33.9,-79.6,97,0,2.0,SC,0.0
35.0,-85.7,97,27,2.361,TN,0.2784
35.4,-78.6,97,15,2.278,NC,0.1546
37.0,-104.5,97,29,2.392,CO,0.299
38.8,-91.1,97,30,2.392,MO,0.3093
39.5,-94.8,97,15,2.165,MO,0.1546
43.7,-94.5,97,4,2.041,MN,0.0412
45.5,-122.2,97,15,2.206,OR,0.1546
33.1,-86.8,96,17,2.198,AL,0.1771
41.0,-111.5,96,20,2.229,UT,0.2083
43.3,-75.2,96,5,2.104,NY,0.0521
44.6,-92.8,96,1,2.0,MN,0.0104
48.0,-114.2,96,0,2.0,MT,0.0
28.4,-80.6,96,9,2.125,FL,0.0938
35.1,-90.6,96,10,2.167,AR,0.1042
36.1,-78.3,96,35,2.677,NC,0.3646
38.7,-122.8,96,1,2.0,CA,0.0104
39.2,-75.9,96,29,2.573,MD,0.3021
39.4,-87.4,96,41,2.563,IN,0.4271
39.4,-84.1,96,44,2.594,OH,0.4583
40.7,-89.7,96,88,2.948,IL,0.9167
41.3,-122.1,96,4,2.083,CA,0.0417
42.2,-79.8,96,35,2.531,PA,0.3646
43.7,-94.2,96,7,2.083,MN,0.0729
46.8,-92.4,96,1,1.99,MN,0.0104
26.7,-81.4,96,3,2.063,FL,0.0312
28.7,-82.5,96,4,2.083,FL,0.0417
35.4,-82.4,96,21,2.438,NC,0.2188
38.5,-81.5,96,9,2.156,WV,0.0938
38.5,-77.5,96,18,2.354,VA,0.1875
40.9,-121.6,96,3,2.063,CA,0.0312
41.1,-76.5,96,10,2.208,PA,0.1042
41.3,-75.3,96,18,2.281,PA,0.1875
41.5,-94.8,96,32,2.427,IA,0.3333
43.0,-75.4,96,4,2.083,NY,0.0417
47.0,-123.8,96,8,2.094,WA,0.0833
29.6,-81.3,96,9,2.167,FL,0.0938
33.5,-79.0,96,0,2.0,SC,0.0
33.8,-111.9,96,4,2.042,AZ,0.0417
41.4,-75.1,96,43,2.688,PA,0.4479
41.4,-73.2,96,31,2.479,CT,0.3229
46.1,-94.3,96,2,2.01,MN,0.0208
35.9,-80.7,96,32,2.427,NC,0.3333
37.2,-119.5,96,0,2.0,CA,0.0
39.4,-119.3,96,9,2.156,NV,0.0938
43.0,-122.4,96,6,2.115,OR,0.0625
45.0,-123.8,96,3,2.052,OR,0.0312
45.3,-94.3,96,4,2.042,MN,0.0417
45.8,-93.6,96,2,2.021,MN,0.0208
47.0,-123.1,96,6,2.073,WA,0.0625
30.3,-86.1,96,0,1.99,FL,0.0
32.4,-80.5,96,2,2.031,SC,0.0208
38.6,-121.9,96,1,2.01,CA,0.0104
38.6,-120.8,96,4,2.073,CA,0.0417
39.8,-120.5,96,4,2.073,CA,0.0417
40.5,-122.0,96,5,2.094,CA,0.0521
46.3,-106.7,96,1,2.021,MT,0.0104
47.3,-115.1,96,1,2.01,MT,0.0104
32.8,-81.2,95,1,2.011,SC,0.0105
35.0,-92.0,95,12,2.221,AR,0.1263
36.1,-83.9,95,30,2.568,TN,0.3158
42.4,-122.0,95,0,2.0,OR,0.0
33.6,-81.5,95,0,2.0,SC,0.0
36.9,-121.9,95,3,2.053,CA,0.0316
38.9,-121.7,95,5,2.063,CA,0.0526
39.8,-105.8,95,32,2.505,CO,0.3368
40.0,-86.8,95,40,2.789,IN,0.4211
41.1,-75.6,95,39,2.547,PA,0.4105
41.5,-95.2,95,39,2.484,IA,0.4105
44.3,-121.4,95,8,2.147,OR,0.0842
30.6,-84.5,95,0,2.0,FL,0.0
31.8,-86.7,95,52,2.558,AL,0.5474
34.2,-83.8,95,29,2.547,GA,0.3053
40.1,-77.2,95,29,2.611,PA,0.3053
41.0,-111.7,95,39,2.421,UT,0.4105
41.5,-94.5,95,32,2.4,IA,0.3368
46.1,-123.3,95,4,2.084,OR,0.0421
31.5,-81.4,95,46,2.568,GA,0.4842
38.2,-78.9,95,40,2.842,VA,0.4211
38.3,-122.2,95,1,2.021,CA,0.0105
39.2,-123.8,95,2,2.021,CA,0.0211
39.5,-87.0,95,19,2.242,IN,0.2
32.7,-97.7,95,32,2.358,TX,0.3368
34.5,-86.6,95,4,2.053,AL,0.0421
36.1,-118.8,95,0,2.0,CA,0.0
36.4,-84.2,95,46,2.558,TN,0.4842
38.9,-81.7,95,10,2.158,WV,0.1053
40.8,-122.0,95,0,2.0,CA,0.0
43.9,-91.5,95,0,2.0,MN,0.0
29.7,-95.8,95,10,2.158,TX,0.1053
33.4,-87.6,95,3,2.053,AL,0.0316
34.6,-79.2,95,34,2.432,NC,0.3579
37.4,-122.4,95,3,2.032,CA,0.0316
37.8,-97.3,95,6,2.116,KS,0.0632
39.3,-120.0,95,5,2.095,CA,0.0526
40.8,-77.2,95,12,2.253,PA,0.1263
43.1,-76.5,95,5,2.053,NY,0.0526
40.0,-105.3,94,21,2.362,CO,0.2234
41.5,-83.7,94,17,2.287,OH,0.1809
43.7,-95.5,94,2,2.021,MN,0.0213
47.5,-111.3,94,2,2.043,MT,0.0213
48.2,-114.1,94,4,2.085,MT,0.0426
30.5,-97.5,94,4,2.053,TX,0.0426
30.7,-88.3,94,2,2.043,AL,0.0213
36.1,-83.3,94,38,2.479,TN,0.4043
39.2,-84.2,94,2,2.0,OH,0.0213
39.9,-74.8,94,25,2.521,NJ,0.266
40.0,-83.4,94,48,2.691,OH,0.5106
40.0,-79.2,94,4,2.085,PA,0.0426
43.0,-74.0,94,8,2.17,NY,0.0851
44.2,-117.2,94,2,2.032,OR,0.0213
45.5,-123.6,94,0,2.0,OR,0.0
31.6,-86.8,94,56,2.596,AL,0.5957
31.6,-84.1,94,27,2.521,GA,0.2872
33.5,-82.4,94,48,2.596,GA,0.5106
34.5,-79.7,94,0,1.989,SC,0.0
34.7,-87.7,94,2,2.032,AL,0.0213
36.9,-79.4,94,15,2.309,VA,0.1596
38.0,-122.8,94,4,1.979,CA,0.0426
41.1,-83.7,94,56,2.777,OH,0.5957
37.2,-93.6,94,30,2.383,MO,0.3191
41.5,-90.7,94,34,2.426,IA,0.3617
32.2,-90.3,94,36,2.5,MS,0.383
32.7,-97.8,94,27,2.33,TX,0.2872
38.6,-112.3,94,16,2.17,UT,0.1702
40.0,-77.2,94,24,2.33,PA,0.2553
40.3,-77.2,94,24,2.511,PA,0.2553
45.8,-108.1,94,2,2.032,MT,0.0213
47.1,-122.1,94,23,2.415,WA,0.2447
32.8,-116.8,94,22,2.255,CA,0.234
35.8,-80.1,94,21,2.404,NC,0.2234
40.5,-77.0,94,15,2.298,PA,0.1596
41.2,-81.3,94,15,2.213,OH,0.1596
42.2,-88.9,94,45,2.489,IL,0.4787
43.2,-71.7,94,43,2.479,NH,0.4574
43.3,-123.0,94,7,2.138,OR,0.0745
45.9,-94.9,94,1,2.011,MN,0.0106
30.4,-89.2,93,44,2.538,MS,0.4731
34.0,-81.6,93,0,1.957,SC,0.0
34.5,-80.9,93,0,1.989,SC,0.0
37.3,-79.4,93,19,2.376,VA,0.2043
38.4,-123.0,93,3,2.032,CA,0.0323
38.9,-105.0,93,28,2.366,CO,0.3011
43.1,-88.8,93,40,2.462,WI,0.4301
43.9,-95.0,93,2,2.022,MN,0.0215
44.0,-121.4,93,3,2.054,OR,0.0323
46.4,-95.1,93,0,1.989,MN,0.0
47.0,-122.7,93,25,2.495,WA,0.2688
32.8,-97.7,93,39,2.484,TX,0.4194
34.7,-83.2,93,2,2.022,SC,0.0215
35.2,-113.7,93,31,2.441,AZ,0.3333
39.3,-121.5,93,0,2.0,CA,0.0
39.8,-77.3,93,1,2.011,PA,0.0108
39.9,-121.7,93,4,2.065,CA,0.043
41.3,-74.9,93,3,2.054,PA,0.0323
41.5,-94.3,93,25,2.323,IA,0.2688
43.4,-88.3,93,42,2.624,WI,0.4516
43.5,-123.5,93,7,2.129,OR,0.0753
35.6,-81.3,93,22,2.419,NC,0.2366
42.1,-84.4,93,38,2.796,MI,0.4086
31.7,-81.4,93,39,2.57,GA,0.4194
37.4,-79.0,93,16,2.29,VA,0.172
40.4,-120.7,93,0,2.0,CA,0.0
44.7,-122.1,93,6,2.118,OR,0.0645
34.9,-110.2,93,43,2.613,AZ,0.4624
35.4,-94.3,93,12,2.215,AR,0.129
35.5,-121.0,93,0,2.0,CA,0.0
35.8,-81.3,93,11,2.204,NC,0.1183
36.2,-86.0,93,26,2.355,TN,0.2796
38.2,-79.2,93,43,2.903,VA,0.4624
40.1,-77.8,93,58,2.742,PA,0.6237
43.7,-93.6,93,10,2.108,MN,0.1075
44.0,-116.9,93,15,2.247,OR,0.1613
30.0,-81.6,93,16,2.28,FL,0.172
32.5,-86.3,93,3,2.043,AL,0.0323
33.7,-114.2,93,30,2.419,AZ,0.3226
36.2,-86.4,93,43,2.591,TN,0.4624
37.6,-112.9,93,1,2.011,UT,0.0108
37.8,-78.5,93,36,2.774,VA,0.3871
38.3,-86.0,93,29,2.441,IN,0.3118
38.4,-121.0,93,2,2.022,CA,0.0215
39.0,-104.7,93,1,1.978,CO,0.0108
39.5,-80.0,93,11,2.172,WV,0.1183
40.2,-111.1,93,9,2.183,UT,0.0968
40.5,-124.0,93,0,2.0,CA,0.0
41.3,-96.3,93,16,2.269,NE,0.172
41.4,-83.6,93,56,2.699,OH,0.6022
41.4,-75.2,93,20,2.323,PA,0.2151
43.9,-92.0,93,0,2.0,MN,0.0
44.0,-123.2,93,8,2.172,OR,0.086
45.8,-122.5,93,6,2.065,WA,0.0645
34.5,-119.9,92,6,2.13,CA,0.0652
36.7,-119.1,92,0,2.0,CA,0.0
39.2,-119.6,92,1,2.0,NV,0.0109
41.9,-72.5,92,31,2.652,CT,0.337
43.3,-124.3,92,3,2.043,OR,0.0326
44.5,-87.9,92,18,2.261,WI,0.1957
34.2,-79.0,92,0,2.0,SC,0.0
34.6,-117.6,92,0,2.0,CA,0.0
39.6,-105.9,92,54,3.152,CO,0.587
46.3,-114.2,92,0,2.0,MT,0.0
35.1,-92.5,92,9,2.174,AR,0.0978
37.0,-113.8,92,10,2.185,AZ,0.1087
40.1,-79.5,92,23,2.467,PA,0.25
42.2,-83.8,92,46,2.641,MI,0.5
42.5,-88.2,92,26,2.326,IL,0.2826
33.9,-84.7,92,18,2.348,GA,0.1957
35.2,-92.8,92,9,2.163,AR,0.0978
38.6,-85.8,92,16,2.261,IN,0.1739
38.7,-123.0,92,0,2.0,CA,0.0
38.8,-120.5,92,2,2.033,CA,0.0217
40.3,-74.4,92,35,2.663,NJ,0.3804
45.2,-120.7,92,6,2.13,OR,0.0652
46.0,-95.3,92,3,2.054,MN,0.0326
30.4,-95.5,92,55,2.728,TX,0.5978
34.1,-84.4,92,25,2.511,GA,0.2717
38.9,-105.2,92,32,2.63,CO,0.3478
41.5,-94.1,92,34,2.413,IA,0.3696
41.7,-73.6,92,1,2.011,NY,0.0109
44.2,-92.7,92,5,2.087,MN,0.0543
24.6,-81.7,92,15,2.315,FL,0.163
32.3,-110.7,92,0,1.946,AZ,0.0
36.2,-119.7,92,0,1.989,CA,0.0
40.9,-78.7,92,12,2.25,PA,0.1304
41.6,-84.8,92,65,2.902,OH,0.7065
41.6,-72.2,92,44,2.946,CT,0.4783
43.6,-119.0,92,4,2.065,OR,0.0435
32.5,-85.7,91,61,2.681,AL,0.6703
33.9,-116.6,91,51,2.571,CA,0.5604
35.0,-85.0,91,0,1.989,TN,0.0
38.1,-84.4,91,28,2.363,KY,0.3077
38.6,-89.9,91,57,2.659,IL,0.6264
43.0,-123.9,91,3,2.066,OR,0.033
43.4,-73.6,91,14,2.308,NY,0.1538
33.2,-111.6,91,20,2.363,AZ,0.2198
33.3,-112.2,91,7,2.154,AZ,0.0769
34.4,-80.5,91,3,2.033,SC,0.033
35.2,-114.0,91,18,2.242,AZ,0.1978
35.6,-118.4,91,4,2.077,CA,0.044
36.2,-80.1,91,26,2.516,NC,0.2857
37.6,-118.8,91,0,2.0,CA,0.0
40.4,-79.0,91,13,2.286,PA,0.1429
33.7,-79.5,91,0,1.989,SC,0.0
34.3,-81.9,91,1,2.011,SC,0.011
38.7,-94.5,91,23,2.297,MO,0.2527
39.5,-76.1,91,5,2.077,MD,0.0549
40.2,-80.0,91,30,2.571,PA,0.3297
40.8,-113.0,91,23,2.308,UT,0.2527
40.9,-115.7,91,31,2.341,NV,0.3407
44.2,-93.6,91,1,2.0,MN,0.011
32.9,-80.8,91,0,2.0,SC,0.0
34.6,-85.0,91,31,2.429,GA,0.3407
37.9,-79.6,91,37,2.527,VA,0.4066
35.2,-82.1,91,5,2.044,SC,0.0549
37.6,-118.7,91,2,2.033,CA,0.022
37.7,-76.4,91,30,2.637,VA,0.3297
38.5,-119.5,91,4,2.088,CA,0.044
39.0,-120.1,91,5,2.099,CA,0.0549
41.8,-78.0,91,8,2.165,PA,0.0879
44.9,-89.6,91,27,2.341,WI,0.2967
32.4,-87.0,91,9,2.187,AL,0.0989
33.6,-83.4,91,56,2.78,GA,0.6154
33.7,-81.5,91,8,2.132,SC,0.0879
34.1,-83.6,91,31,2.593,GA,0.3407
34.2,-84.2,91,10,2.143,GA,0.1099
34.3,-111.3,91,21,2.418,AZ,0.2308
35.3,-85.2,91,11,2.209,TN,0.1209
38.4,-121.6,91,2,2.044,CA,0.022
38.5,-120.4,91,2,2.011,CA,0.022
39.0,-77.8,91,25,2.549,VA,0.2747
39.3,-122.0,91,2,2.022,CA,0.022
39.4,-106.1,91,36,2.67,CO,0.3956
41.0,-78.9,91,12,2.264,PA,0.1319
42.6,-76.2,91,34,2.626,NY,0.3736
43.0,-117.1,91,6,2.11,OR,0.0659
43.1,-78.7,91,24,2.451,NY,0.2637
43.9,-92.3,91,0,1.989,MN,0.0
45.6,-120.7,91,7,2.132,OR,0.0769
45.6,-94.3,91,13,2.143,MN,0.1429
46.1,-93.7,91,1,2.0,MN,0.011
37.7,-120.3,90,3,2.011,CA,0.0333
38.0,-112.5,90,5,2.056,UT,0.0556
38.5,-90.2,90,65,2.789,IL,0.7222
40.0,-105.1,90,21,2.378,CO,0.2333
40.0,-82.7,90,9,2.111,OH,0.1
40.1,-82.4,90,3,2.033,OH,0.0333
41.7,-86.3,90,35,2.556,IN,0.3889
42.1,-73.8,90,13,2.278,NY,0.1444
43.2,-75.2,90,2,2.033,NY,0.0222
44.8,-121.3,90,4,2.067,OR,0.0444
46.8,-100.8,90,0,2.0,ND,0.0
47.4,-115.5,90,1,2.022,MT,0.0111
28.6,-82.3,90,2,1.989,FL,0.0222
32.7,-96.1,90,36,2.467,TX,0.4
33.6,-113.8,90,38,2.589,AZ,0.4222
34.5,-77.9,90,23,2.411,NC,0.2556
34.8,-91.7,90,11,2.178,AR,0.1222
35.8,-82.5,90,37,2.533,NC,0.4111
38.3,-75.6,90,17,2.367,MD,0.1889
41.7,-72.3,90,47,3.0,CT,0.5222
43.0,-76.3,90,20,2.422,NY,0.2222
43.5,-93.4,90,21,2.233,MN,0.2333
44.4,-121.6,90,0,2.0,OR,0.0
40.3,-121.2,90,0,2.0,CA,0.0
44.4,-119.1,90,3,2.067,OR,0.0333
37.8,-121.8,90,0,2.0,CA,0.0
38.7,-120.0,90,4,2.089,CA,0.0444
39.2,-77.1,90,21,2.433,MD,0.2333
40.8,-115.7,90,1,2.0,NV,0.0111
43.7,-123.4,90,1,2.011,OR,0.0111
45.9,-94.3,90,1,2.011,MN,0.0111
33.6,-79.8,90,0,1.989,SC,0.0
36.0,-84.1,90,22,2.489,TN,0.2444
36.5,-87.1,90,44,2.611,TN,0.4889
40.3,-76.3,90,21,2.467,PA,0.2333
40.5,-123.8,90,0,1.989,CA,0.0
30.0,-81.9,90,2,2.022,FL,0.0222
32.4,-111.3,90,2,1.956,AZ,0.0222
34.8,-91.5,90,9,2.2,AR,0.1
36.7,-78.4,90,25,2.511,VA,0.2778
37.1,-122.3,90,3,2.067,CA,0.0333
37.3,-79.6,90,26,2.544,VA,0.2889
37.9,-76.4,90,29,2.589,VA,0.3222
39.4,-86.0,90,6,2.111,IN,0.0667
39.9,-76.0,90,6,2.133,PA,0.0667
41.4,-72.4,90,21,2.456,CT,0.2333
44.0,-92.7,90,1,2.011,MN,0.0111
44.4,-93.2,90,1,2.011,MN,0.0111
44.7,-118.2,90,5,2.078,OR,0.0556
47.0,-92.5,90,0,1.989,MN,0.0
30.7,-86.5,89,9,2.124,FL,0.1011
31.7,-86.3,89,1,2.0,AL,0.0112
34.8,-111.7,89,41,2.517,AZ,0.4607
35.2,-92.6,89,13,2.281,AR,0.1461
36.8,-120.4,89,7,2.157,CA,0.0787
39.4,-87.1,89,55,2.719,IN,0.618
39.9,-83.7,89,37,2.449,OH,0.4157
40.8,-122.9,89,1,2.011,CA,0.0112
41.5,-81.2,89,8,2.18,OH,0.0899
42.6,-84.1,89,40,2.596,MI,0.4494
32.5,-117.0,89,63,2.708,CA,0.7079
32.9,-80.4,89,1,1.989,SC,0.0112
33.4,-81.3,89,0,2.0,SC,0.0
34.8,-87.7,89,2,1.966,AL,0.0225
35.7,-78.3,89,20,2.438,NC,0.2247
38.6,-89.8,89,66,2.843,IL,0.7416
38.9,-111.7,89,15,2.18,UT,0.1685
40.2,-111.0,89,4,2.079,UT,0.0449
41.2,-75.4,89,18,2.36,PA,0.2022
44.1,-122.9,89,5,2.101,OR,0.0562
45.6,-123.5,89,8,2.169,OR,0.0899
47.3,-121.3,89,45,2.64,WA,0.5056
33.4,-97.2,89,47,2.584,TX,0.5281
33.7,-79.4,89,0,1.989,SC,0.0
40.7,-113.3,89,21,2.303,UT,0.236
40.8,-74.7,89,22,2.427,NJ,0.2472
41.2,-80.1,89,34,2.64,PA,0.382
43.7,-93.2,89,19,2.213,MN,0.2135
30.2,-84.2,89,3,2.067,FL,0.0337
31.0,-87.3,89,0,1.989,FL,0.0
33.6,-93.8,89,13,2.27,AR,0.1461
37.9,-120.9,89,0,1.989,CA,0.0
38.9,-94.3,89,11,2.191,MO,0.1236
42.8,-71.4,89,8,2.18,NH,0.0899
43.9,-70.3,89,16,2.213,ME,0.1798
44.2,-121.5,89,5,2.112,OR,0.0562
44.6,-93.1,89,2,2.011,MN,0.0225
30.3,-87.1,89,0,2.0,FL,0.0
32.3,-93.9,89,0,1.978,LA,0.0
34.7,-87.0,89,2,2.0,AL,0.0225
39.8,-123.3,89,0,2.0,CA,0.0
41.3,-124.1,89,0,2.0,CA,0.0
41.5,-122.4,89,3,2.067,CA,0.0337
45.6,-117.6,89,7,2.124,OR,0.0787
45.9,-93.3,89,0,1.989,MN,0.0
26.2,-81.5,89,13,2.169,FL,0.1461
33.8,-79.7,89,2,2.011,SC,0.0225
35.4,-79.2,89,19,2.416,NC,0.2135
36.4,-119.5,89,3,2.022,CA,0.0337
37.1,-79.3,89,11,2.236,VA,0.1236
39.9,-82.4,89,47,2.674,OH,0.5281
40.0,-104.9,89,16,2.247,CO,0.1798
43.0,-85.9,89,4,2.045,MI,0.0449
43.1,-89.4,89,13,2.202,WI,0.1461
43.4,-124.3,89,0,2.0,OR,0.0
44.7,-122.0,89,15,2.292,OR,0.1685
47.0,-122.4,89,18,2.315,WA,0.2022
47.3,-92.5,89,0,2.0,MN,0.0
31.0,-87.7,88,32,2.443,AL,0.3636
35.2,-90.4,88,10,2.216,AR,0.1136
35.7,-117.8,88,4,2.045,CA,0.0455
39.0,-93.1,88,10,2.125,MO,0.1136
39.5,-83.8,88,26,2.42,OH,0.2955
40.1,-78.1,88,7,2.148,PA,0.0795
40.7,-123.0,88,0,2.0,CA,0.0
42.3,-84.2,88,35,2.523,MI,0.3977
43.2,-76.3,88,17,2.33,NY,0.1932
45.6,-109.1,88,0,2.0,MT,0.0
46.6,-112.9,88,0,2.0,MT,0.0
39.5,-85.7,88,26,2.375,IN,0.2955
42.1,-71.3,88,10,2.125,MA,0.1136
44.0,-92.9,88,0,2.0,MN,0.0
44.5,-93.2,88,3,2.011,MN,0.0341
32.5,-83.1,88,36,2.534,GA,0.4091
32.6,-97.0,88,1,2.011,TX,0.0114
32.8,-86.8,88,5,2.091,AL,0.0568
33.6,-79.2,88,0,1.977,SC,0.0
39.3,-106.1,88,32,2.511,CO,0.3636
39.9,-85.3,88,42,2.705,IN,0.4773
41.5,-76.4,88,8,2.182,PA,0.0909
41.8,-72.8,88,30,2.67,CT,0.3409
44.0,-92.8,88,0,1.989,MN,0.0
44.5,-118.6,88,2,2.045,OR,0.0227
44.6,-123.7,88,5,2.102,OR,0.0568
45.6,-121.5,88,5,2.102,OR,0.0568
37.1,-79.8,88,33,2.739,VA,0.375
43.6,-95.4,88,2,2.023,MN,0.0227
44.5,-93.6,88,0,2.0,MN,0.0
46.6,-95.6,88,0,2.0,MN,0.0
27.3,-81.3,88,3,2.045,FL,0.0341
31.3,-92.4,88,19,2.227,LA,0.2159
33.4,-84.9,88,35,2.761,GA,0.3977
33.4,-81.1,88,1,2.0,SC,0.0114
33.5,-84.5,88,41,2.886,GA,0.4659
33.7,-86.5,88,28,2.352,AL,0.3182
34.1,-81.8,88,0,1.989,SC,0.0
35.9,-84.8,88,15,2.227,TN,0.1705
36.4,-80.5,88,10,2.17,NC,0.1136
39.1,-78.0,88,19,2.409,VA,0.2159
39.9,-79.7,88,24,2.545,PA,0.2727
40.6,-124.1,88,1,2.023,CA,0.0114
36.7,-78.0,88,19,2.409,VA,0.2159
36.7,-77.9,88,13,2.261,VA,0.1477
37.2,-104.5,88,50,2.784,CO,0.5682
39.7,-89.6,88,79,2.955,IL,0.8977
39.9,-77.3,88,6,2.125,PA,0.0682
40.0,-122.4,88,0,2.0,CA,0.0
40.2,-79.9,88,24,2.398,PA,0.2727
41.3,-111.8,88,15,2.284,UT,0.1705
41.6,-78.8,88,5,2.102,PA,0.0568
42.5,-79.1,88,8,2.08,NY,0.0909
44.0,-124.0,88,7,2.125,OR,0.0795
45.6,-123.3,88,7,2.136,OR,0.0795
45.7,-123.3,88,8,2.182,OR,0.0909
33.9,-83.4,87,18,2.391,GA,0.2069
35.6,-82.1,87,21,2.333,NC,0.2414
37.6,-78.0,87,26,2.552,VA,0.2989
39.3,-119.5,87,6,2.092,NV,0.069
39.6,-121.8,87,0,2.0,CA,0.0
32.5,-82.9,87,44,2.69,GA,0.5057
33.2,-79.9,87,0,2.0,SC,0.0
42.4,-121.4,87,3,2.057,OR,0.0345
45.1,-94.5,87,1,1.977,MN,0.0115
30.1,-94.1,87,51,2.69,TX,0.5862
33.3,-84.7,87,38,2.839,GA,0.4368
35.6,-97.3,87,9,2.103,OK,0.1034
38.3,-78.5,87,34,2.713,VA,0.3908
38.7,-112.1,87,7,2.092,UT,0.0805
39.4,-112.1,87,8,2.092,UT,0.092
45.6,-117.7,87,3,2.057,OR,0.0345
32.3,-90.8,87,28,2.437,MS,0.3218
34.7,-111.8,87,15,2.253,AZ,0.1724
35.2,-112.5,87,28,2.425,AZ,0.3218
40.5,-89.6,87,6,2.046,IL,0.069
40.7,-121.4,87,7,2.138,CA,0.0805
41.7,-106.5,87,7,2.138,WY,0.0805
43.7,-94.6,87,8,2.103,MN,0.092
47.5,-115.7,87,4,2.069,ID,0.046
29.1,-81.9,87,0,1.977,FL,0.0
38.2,-81.6,87,7,2.126,WV,0.0805
38.6,-77.1,87,22,2.506,MD,0.2529
38.8,-119.9,87,5,2.115,CA,0.0575
39.6,-76.9,87,26,2.586,MD,0.2989
40.4,-109.6,87,2,2.034,UT,0.023
43.2,-71.6,87,23,2.287,NH,0.2644
43.9,-88.6,87,15,2.207,WI,0.1724
30.3,-84.4,87,1,2.023,FL,0.0115
33.7,-81.4,87,0,2.0,SC,0.0
34.3,-82.4,87,1,2.0,SC,0.0115
35.5,-120.5,87,2,2.046,CA,0.023
36.1,-115.3,87,9,2.149,NV,0.1034
36.6,-122.0,87,0,2.0,CA,0.0
37.0,-79.4,87,20,2.425,VA,0.2299
38.0,-76.8,87,25,2.54,VA,0.2874
38.4,-105.1,87,39,2.69,CO,0.4483
40.1,-120.9,87,1,2.023,CA,0.0115
41.3,-76.6,87,13,2.299,PA,0.1494
42.8,-124.5,87,0,2.0,OR,0.0
43.0,-70.8,87,13,2.195,NH,0.1494
44.9,-91.9,87,40,2.517,WI,0.4598
48.5,-122.4,87,13,2.264,WA,0.1494
29.6,-83.0,86,2,2.035,FL,0.0233
32.5,-81.1,86,0,2.0,SC,0.0
35.9,-120.8,86,4,2.081,CA,0.0465
42.1,-76.1,86,18,2.337,NY,0.2093
42.3,-121.4,86,0,2.0,OR,0.0
45.9,-111.4,86,0,2.0,MT,0.0
29.9,-90.2,86,36,2.442,LA,0.4186
34.3,-111.0,86,11,2.221,AZ,0.1279
39.5,-105.3,86,21,2.419,CO,0.2442
40.6,-87.0,86,19,2.349,IN,0.2209
42.0,-71.6,86,8,2.105,RI,0.093
43.5,-116.4,86,1,2.023,ID,0.0116
32.6,-111.4,86,46,2.605,AZ,0.5349
32.6,-81.2,86,0,1.988,SC,0.0
33.7,-81.3,86,1,2.023,SC,0.0116
36.2,-80.0,86,27,2.605,NC,0.314
37.1,-78.0,86,17,2.36,VA,0.1977
37.4,-77.0,86,20,2.43,VA,0.2326
38.2,-120.6,86,1,2.012,CA,0.0116
39.5,-105.4,86,17,2.337,CO,0.1977
39.7,-79.1,86,28,2.512,PA,0.3256
41.4,-75.5,86,18,2.337,PA,0.2093
45.7,-118.0,86,15,2.326,OR,0.1744
32.6,-83.4,86,43,2.674,GA,0.5
35.7,-88.8,86,35,2.535,TN,0.407
39.2,-123.1,86,1,2.012,CA,0.0116
45.7,-109.4,86,3,2.07,MT,0.0349
29.3,-82.3,86,6,2.116,FL,0.0698
35.2,-81.8,86,2,2.047,SC,0.0233
35.8,-82.0,86,25,2.547,NC,0.2907
38.6,-75.8,86,40,2.919,MD,0.4651
39.1,-123.5,86,0,1.988,CA,0.0
40.5,-74.9,86,21,2.477,NJ,0.2442
43.6,-95.5,86,20,2.233,MN,0.2326
47.5,-95.0,86,2,2.023,MN,0.0233
26.2,-81.2,86,21,2.302,FL,0.2442
29.7,-81.6,86,2,2.047,FL,0.0233
33.8,-79.6,86,0,1.953,SC,0.0
34.3,-81.7,86,0,1.988,SC,0.0
35.3,-112.9,86,24,2.407,AZ,0.2791
35.5,-119.4,86,1,2.012,CA,0.0116
38.0,-75.5,86,18,2.419,VA,0.2093
38.9,-110.5,86,9,2.105,UT,0.1047
39.5,-122.0,86,7,2.151,CA,0.0814
40.0,-78.1,86,8,2.14,PA,0.093
40.5,-75.9,86,14,2.326,PA,0.1628
41.9,-112.2,86,20,2.221,UT,0.2326
43.8,-92.5,86,9,2.105,MN,0.1047
27.8,-81.0,85,8,2.188,FL,0.0941
31.1,-87.5,85,31,2.447,AL,0.3647
33.4,-81.4,85,3,2.035,SC,0.0353
33.7,-87.2,85,28,2.365,AL,0.3294
37.9,-84.4,85,25,2.294,KY,0.2941
41.6,-70.5,85,1,1.965,MA,0.0118
39.0,-112.3,85,12,2.176,UT,0.1412
40.2,-77.4,85,13,2.294,PA,0.1529
42.3,-76.0,85,30,2.388,NY,0.3529
43.9,-94.9,85,3,2.035,MN,0.0353
32.5,-93.6,85,53,2.671,LA,0.6235
35.5,-119.7,85,2,2.035,CA,0.0235
40.7,-122.4,85,4,2.047,CA,0.0471
43.6,-84.0,85,21,2.412,MI,0.2471
32.5,-80.6,85,1,1.988,SC,0.0118
34.2,-79.1,85,6,2.106,SC,0.0706
34.8,-118.4,85,9,2.2,CA,0.1059
35.9,-94.2,85,7,2.141,AR,0.0824
35.9,-86.9,85,11,2.247,TN,0.1294
35.9,-83.2,85,29,2.4,TN,0.3412
36.2,-82.6,85,0,1.976,TN,0.0
44.3,-88.2,85,28,2.353,WI,0.3294
28.7,-81.7,85,3,2.071,FL,0.0353
31.5,-84.1,85,29,2.635,GA,0.3412
33.9,-81.7,85,0,1.976,SC,0.0
34.8,-81.8,85,0,1.988,SC,0.0
40.6,-84.2,85,43,2.612,OH,0.5059
43.7,-122.3,85,2,2.035,OR,0.0235
43.9,-92.2,85,4,2.059,MN,0.0471
44.7,-123.2,85,10,2.224,OR,0.1176
45.7,-93.9,85,2,2.024,MN,0.0235
27.9,-82.0,85,4,2.071,FL,0.0471
30.6,-86.5,85,5,2.082,FL,0.0588
31.3,-83.5,85,36,2.447,GA,0.4235
33.5,-82.9,85,40,2.565,GA,0.4706
34.3,-111.2,85,20,2.424,AZ,0.2353
34.4,-110.6,85,14,2.271,AZ,0.1647
35.3,-111.9,85,30,2.412,AZ,0.3529
38.1,-77.8,85,32,2.741,VA,0.3765
38.8,-123.5,85,1,2.012,CA,0.0118
39.4,-111.6,85,1,2.024,UT,0.0118
40.2,-111.2,85,13,2.259,UT,0.1529
40.4,-123.9,85,5,2.106,CA,0.0588
42.6,-85.7,85,13,2.235,MI,0.1529
45.5,-117.9,85,0,2.0,OR,0.0
45.1,-123.9,84,4,2.071,OR,0.0476
32.6,-86.1,84,3,2.06,AL,0.0357
39.9,-79.2,84,6,2.131,PA,0.0714
46.0,-122.8,84,40,2.488,WA,0.4762
30.7,-87.4,84,2,2.024,FL,0.0238
34.7,-118.4,84,1,2.012,CA,0.0119
35.5,-94.3,84,10,2.202,AR,0.119
37.1,-94.5,84,10,2.167,MO,0.119
40.9,-78.6,84,2,2.048,PA,0.0238
41.7,-81.3,84,11,2.179,OH,0.131
42.9,-82.5,84,25,2.357,MI,0.2976
30.9,-87.9,84,34,2.476,AL,0.4048
34.1,-77.9,84,21,2.488,NC,0.25
34.3,-111.1,84,10,2.19,AZ,0.119
34.7,-81.3,84,0,1.976,SC,0.0
35.2,-79.4,84,4,2.071,NC,0.0476
37.3,-78.0,84,17,2.381,VA,0.2024
41.1,-81.8,84,24,2.369,OH,0.2857
45.8,-118.3,84,8,2.179,OR,0.0952
29.0,-81.8,84,0,2.0,FL,0.0
29.5,-82.9,84,0,2.0,FL,0.0
29.8,-82.4,84,7,2.107,FL,0.0833
30.4,-83.7,84,10,2.131,FL,0.119
35.2,-109.3,84,18,2.286,AZ,0.2143
36.9,-120.5,84,2,2.036,CA,0.0238
39.3,-75.0,84,19,2.393,NJ,0.2262
39.5,-77.7,84,24,2.548,MD,0.2857
40.4,-78.6,84,4,2.083,PA,0.0476
41.0,-123.6,84,0,2.0,CA,0.0
30.5,-90.3,84,45,2.548,LA,0.5357
34.0,-83.4,84,27,2.548,GA,0.3214
34.0,-82.4,84,0,1.988,SC,0.0
34.7,-81.8,84,0,2.0,SC,0.0
34.7,-79.5,84,5,2.119,SC,0.0595
35.0,-117.9,84,0,2.0,CA,0.0
36.4,-82.3,84,0,1.976,TN,0.0
38.2,-78.8,84,24,2.56,VA,0.2857
44.4,-122.1,84,1,2.012,OR,0.0119
44.7,-122.8,84,0,2.0,OR,0.0
44.9,-95.7,84,0,2.0,MN,0.0
45.0,-92.7,84,31,2.369,WI,0.369
29.5,-81.6,83,3,2.06,FL,0.0361
32.6,-83.2,83,34,2.578,GA,0.4096
33.3,-84.5,83,30,2.699,GA,0.3614
35.7,-119.1,83,4,2.096,CA,0.0482
39.1,-88.6,83,69,2.855,IL,0.8313
44.2,-122.1,83,4,2.06,OR,0.0482
45.6,-117.9,83,8,2.181,OR,0.0964
45.6,-93.9,83,1,2.0,MN,0.012
46.8,-112.0,83,1,2.012,MT,0.012
32.3,-81.9,83,27,2.47,GA,0.3253
33.6,-111.7,83,13,2.277,AZ,0.1566
34.8,-80.3,83,0,1.988,SC,0.0
39.0,-119.2,83,4,2.096,NV,0.0482
40.2,-79.2,83,9,2.205,PA,0.1084
28.4,-82.4,83,0,2.0,FL,0.0
30.5,-90.4,83,51,2.663,LA,0.6145
33.8,-80.9,83,5,2.06,SC,0.0602
37.6,-104.8,83,41,2.699,CO,0.494
39.0,-75.6,83,24,2.554,DE,0.2892
40.1,-80.2,83,31,2.639,PA,0.3735
40.2,-83.3,83,10,2.181,OH,0.1205
40.6,-78.5,83,8,2.193,PA,0.0964
44.2,-93.5,83,1,2.0,MN,0.012
47.4,-115.7,83,2,2.048,MT,0.0241
27.9,-81.8,83,4,2.024,FL,0.0482
37.8,-119.0,83,1,2.0,CA,0.012
42.3,-117.8,83,3,2.072,OR,0.0361
44.3,-117.3,83,4,2.084,OR,0.0482
44.4,-93.4,83,4,2.048,MN,0.0482
34.7,-112.1,83,21,2.446,AZ,0.253
35.6,-82.0,83,30,2.482,NC,0.3614
40.5,-122.1,83,0,2.0,CA,0.0
40.5,-120.6,83,0,2.0,CA,0.0
41.1,-124.1,83,0,1.988,CA,0.0
42.5,-86.2,83,37,2.566,MI,0.4458
43.3,-123.2,83,1,2.012,OR,0.012
45.7,-109.5,83,6,2.145,MT,0.0723
46.4,-112.7,83,0,2.0,MT,0.0
29.2,-81.0,83,2,2.048,FL,0.0241
35.5,-81.0,83,24,2.518,NC,0.2892
35.7,-120.8,83,0,2.0,CA,0.0
38.7,-104.8,83,31,2.554,CO,0.3735
39.0,-92.2,83,17,2.217,MO,0.2048
39.0,-75.8,83,37,2.867,MD,0.4458
39.8,-82.9,83,3,2.048,OH,0.0361
40.0,-86.9,83,41,2.976,IN,0.494
40.8,-84.0,83,53,2.88,OH,0.6386
41.2,-79.6,83,6,2.133,PA,0.0723
42.0,-121.6,83,2,2.048,OR,0.0241
42.8,-76.1,83,28,2.386,NY,0.3373
43.1,-78.8,83,26,2.59,NY,0.3133
44.8,-94.0,83,1,2.012,MN,0.012
45.1,-121.5,83,3,2.06,OR,0.0361
49.0,-122.7,83,30,2.458,WA,0.3614
30.5,-87.9,82,3,2.049,AL,0.0366
34.4,-80.3,82,1,2.012,SC,0.0122
38.4,-75.3,82,19,2.451,MD,0.2317
38.6,-77.6,82,31,2.744,VA,0.378
39.0,-75.5,82,14,2.305,DE,0.1707
41.4,-77.0,82,11,2.268,PA,0.1341
42.3,-123.2,82,1,2.012,OR,0.0122
30.5,-90.8,82,41,2.634,LA,0.5
30.7,-87.2,82,0,1.988,FL,0.0
34.7,-80.3,82,0,2.0,SC,0.0
37.1,-120.4,82,0,2.0,CA,0.0
39.3,-121.2,82,0,1.988,CA,0.0
39.6,-123.5,82,0,2.0,CA,0.0
41.3,-75.5,82,23,2.463,PA,0.2805
32.9,-97.4,82,7,2.134,TX,0.0854
33.6,-114.4,82,33,2.402,AZ,0.4024
35.3,-109.2,82,26,2.415,AZ,0.3171
36.8,-119.4,82,0,2.0,CA,0.0
39.4,-121.2,82,1,2.012,CA,0.0122
41.5,-81.1,82,16,2.329,OH,0.1951
41.6,-108.6,82,10,2.244,WY,0.122
32.6,-85.0,82,39,2.598,GA,0.4756
35.9,-83.9,82,12,2.256,TN,0.1463
40.1,-78.3,82,10,2.232,PA,0.122
40.4,-111.3,82,9,2.195,UT,0.1098
43.1,-86.0,82,31,2.451,MI,0.378
44.9,-92.4,82,29,2.402,WI,0.3537
45.7,-93.6,82,1,2.012,MN,0.0122
30.8,-97.6,82,44,2.659,TX,0.5366
33.3,-80.8,82,2,2.037,SC,0.0244
35.4,-85.1,82,1,2.012,TN,0.0122
36.7,-76.9,82,30,2.646,VA,0.3659
39.5,-84.1,82,24,2.573,OH,0.2927
40.4,-82.8,82,32,2.488,OH,0.3902
41.5,-94.7,82,26,2.366,IA,0.3171
43.3,-123.1,82,8,2.195,OR,0.0976
45.5,-94.4,82,1,2.012,MN,0.0122
45.8,-110.1,82,1,2.024,MT,0.0122
47.0,-114.3,82,2,2.037,MT,0.0244
48.0,-122.9,82,21,2.402,WA,0.2561
27.6,-80.7,82,7,2.146,FL,0.0854
30.7,-83.2,82,36,2.622,GA,0.439
32.4,-96.7,82,47,2.622,TX,0.5732
33.5,-84.7,82,24,2.427,GA,0.2927
35.3,-80.6,82,9,2.207,NC,0.1098
35.7,-84.4,82,40,2.561,TN,0.4878
36.0,-94.2,82,4,2.098,AR,0.0488
36.2,-77.8,82,27,2.476,NC,0.3293
36.9,-120.3,82,2,2.024,CA,0.0244
37.3,-77.9,82,23,2.537,VA,0.2805
37.7,-77.1,82,21,2.488,VA,0.2561
38.7,-95.0,82,25,2.415,KS,0.3049
38.9,-91.4,82,15,2.232,MO,0.1829
39.7,-79.3,82,11,2.207,PA,0.1341
40.7,-76.9,82,11,2.268,PA,0.1341
43.3,-89.4,82,37,2.561,WI,0.4512
43.7,-93.5,82,0,2.0,MN,0.0
47.3,-93.4,82,1,2.012,MN,0.0122
29.7,-90.8,81,6,2.136,LA,0.0741
33.2,-84.4,81,32,2.728,GA,0.3951
35.3,-81.5,81,13,2.296,NC,0.1605
35.7,-120.4,81,8,2.173,CA,0.0988
40.4,-75.3,81,13,2.296,PA,0.1605
40.7,-112.6,81,3,2.037,UT,0.037
41.2,-73.6,81,3,2.062,NY,0.037
44.8,-121.0,81,2,2.049,OR,0.0247
45.6,-121.6,81,6,2.123,OR,0.0741
34.0,-93.2,81,9,2.16,AR,0.1111
35.6,-119.9,81,6,2.123,CA,0.0741
36.7,-78.9,81,16,2.37,VA,0.1975
37.3,-121.7,81,0,1.988,CA,0.0
41.0,-83.7,81,48,2.778,OH,0.5926
41.0,-75.0,81,11,2.259,NJ,0.1358
43.2,-89.2,81,24,2.58,WI,0.2963
43.8,-121.5,81,2,2.049,OR,0.0247
44.6,-122.0,81,3,2.049,OR,0.037
47.7,-116.8,81,8,2.148,ID,0.0988
26.3,-81.6,81,4,2.025,FL,0.0494
29.6,-82.0,81,3,2.074,FL,0.037
36.7,-79.8,81,28,2.691,VA,0.3457
41.2,-81.0,81,43,2.63,OH,0.5309
43.8,-95.3,81,2,2.012,MN,0.0247
44.0,-90.4,81,31,2.593,WI,0.3827
46.8,-96.9,81,2,2.049,ND,0.0247
46.9,-95.1,81,0,2.0,MN,0.0
30.5,-86.5,81,1,2.012,FL,0.0123
31.0,-87.8,81,33,2.432,AL,0.4074
35.9,-87.8,81,23,2.37,TN,0.284
37.0,-76.6,81,22,2.531,VA,0.2716
37.5,-78.0,81,31,2.716,VA,0.3827
38.7,-123.4,81,2,2.049,CA,0.0247
39.0,-121.3,81,0,2.0,CA,0.0
39.3,-84.8,81,17,2.259,IN,0.2099
39.8,-85.0,81,0,2.0,IN,0.0
41.7,-91.9,81,23,2.321,IA,0.284
43.3,-75.6,81,1,2.025,NY,0.0123
45.9,-111.6,81,0,2.0,MT,0.0
41.8,-76.4,81,13,2.321,PA,0.1605
42.4,-79.4,81,13,2.296,NY,0.1605
43.3,-75.7,81,3,2.062,NY,0.037
26.8,-81.1,81,16,2.358,FL,0.1975
29.0,-82.3,81,0,1.988,FL,0.0
33.3,-79.7,81,1,1.988,SC,0.0123
34.7,-90.0,81,28,2.432,MS,0.3457
35.3,-109.1,81,16,2.21,AZ,0.1975
35.3,-81.8,81,14,2.333,NC,0.1728
35.6,-117.8,81,1,2.0,CA,0.0123
35.8,-80.8,81,26,2.494,NC,0.321
35.9,-78.2,81,16,2.358,NC,0.1975
37.8,-76.4,81,26,2.642,VA,0.321
38.0,-88.9,81,71,2.951,IL,0.8765
38.6,-75.9,81,27,2.642,MD,0.3333
39.3,-75.9,81,19,2.469,MD,0.2346
39.7,-120.0,81,4,2.086,CA,0.0494
39.7,-76.4,81,11,2.259,PA,0.1358
40.3,-85.6,81,39,2.679,IN,0.4815
41.1,-74.6,81,32,2.765,NJ,0.3951
43.0,-76.6,81,24,2.568,NY,0.2963
45.8,-118.2,81,13,2.284,OR,0.1605
46.9,-122.9,81,22,2.395,WA,0.2716
33.5,-82.8,80,35,2.575,GA,0.4375
40.1,-105.2,80,8,2.2,CO,0.1
37.8,-77.4,80,23,2.563,VA,0.2875
38.8,-123.6,80,0,1.988,CA,0.0
39.7,-123.3,80,0,2.0,CA,0.0
40.0,-81.6,80,36,2.538,OH,0.45
41.0,-77.1,80,3,2.063,PA,0.0375
41.1,-79.0,80,8,2.163,PA,0.1
45.3,-92.7,80,7,2.163,WI,0.0875
47.4,-115.6,80,4,2.088,MT,0.05
25.3,-80.4,80,19,2.413,FL,0.2375
33.2,-96.8,80,3,2.038,TX,0.0375
35.6,-84.5,80,28,2.425,TN,0.35
36.0,-87.5,80,27,2.388,TN,0.3375
37.8,-78.8,80,12,2.288,VA,0.15
40.8,-112.9,80,21,2.275,UT,0.2625
42.9,-122.4,80,12,2.263,OR,0.15
44.7,-123.0,80,5,2.088,OR,0.0625
47.9,-121.8,80,16,2.3,WA,0.2
32.2,-109.9,80,35,2.525,AZ,0.4375
34.4,-92.2,80,18,2.425,AR,0.225
35.4,-86.9,80,24,2.35,TN,0.3
36.7,-119.0,80,0,2.0,CA,0.0
36.8,-119.5,80,0,2.0,CA,0.0
36.8,-78.5,80,19,2.475,VA,0.2375
41.6,-72.4,80,25,2.588,CT,0.3125
44.0,-121.5,80,1,2.025,OR,0.0125
47.0,-123.0,80,3,2.05,WA,0.0375
47.9,-121.9,80,19,2.438,WA,0.2375
31.2,-83.5,80,33,2.488,GA,0.4125
34.3,-117.6,80,0,2.0,CA,0.0
37.7,-81.2,80,5,2.113,WV,0.0625
38.1,-119.2,80,10,2.188,CA,0.125
40.1,-82.7,80,11,2.238,OH,0.1375
46.2,-94.6,80,3,2.05,MN,0.0375
27.5,-82.3,80,12,2.3,FL,0.15
27.8,-80.5,80,11,2.063,FL,0.1375
29.4,-82.4,80,2,2.038,FL,0.025
32.8,-81.1,80,0,1.988,SC,0.0
33.6,-79.9,80,0,1.963,SC,0.0
34.5,-80.1,80,1,2.013,SC,0.0125
35.3,-118.0,80,1,2.025,CA,0.0125
35.4,-83.1,80,12,2.238,NC,0.15
36.1,-120.4,80,4,2.1,CA,0.05
37.6,-76.5,80,22,2.538,VA,0.275
40.2,-77.9,80,7,2.163,PA,0.0875
42.1,-120.3,80,0,2.0,OR,0.0
42.3,-84.7,80,18,2.313,MI,0.225
43.8,-92.6,80,0,2.0,MN,0.0
43.8,-92.1,80,0,1.988,MN,0.0
47.9,-122.7,80,25,2.488,WA,0.3125
35.3,-112.2,79,23,2.342,AZ,0.2911
37.1,-80.3,79,13,2.215,VA,0.1646
38.9,-110.4,79,28,2.405,UT,0.3544
39.4,-105.8,79,28,2.582,CO,0.3544
34.4,-117.8,79,19,2.456,CA,0.2405
39.3,-108.2,79,23,2.456,CO,0.2911
39.7,-104.3,79,28,2.481,CO,0.3544
44.5,-123.3,79,15,2.316,OR,0.1899
47.6,-114.1,79,0,2.0,MT,0.0
33.2,-84.2,79,19,2.43,GA,0.2405
37.1,-120.6,79,2,2.038,CA,0.0253
38.3,-77.9,79,25,2.62,VA,0.3165
42.3,-120.3,79,0,2.0,OR,0.0
43.3,-122.5,79,3,2.076,OR,0.038
27.9,-81.6,79,6,2.076,FL,0.0759
31.5,-83.5,79,50,2.747,GA,0.6329
33.6,-86.0,79,27,2.392,AL,0.3418
37.0,-120.8,79,0,2.0,CA,0.0
38.6,-75.3,79,26,2.658,DE,0.3291
43.0,-71.3,79,6,2.114,NH,0.0759
47.2,-111.8,79,1,2.025,MT,0.0127
31.9,-86.0,79,1,2.013,AL,0.0127
32.4,-97.2,79,28,2.38,TX,0.3544
35.3,-113.1,79,16,2.241,AZ,0.2025
36.0,-79.4,79,22,2.544,NC,0.2785
38.9,-75.4,79,20,2.481,DE,0.2532
39.9,-78.2,79,22,2.342,PA,0.2785
41.7,-93.0,79,23,2.367,IA,0.2911
47.0,-123.7,79,7,2.152,WA,0.0886
26.7,-81.5,79,7,2.152,FL,0.0886
32.8,-88.0,79,24,2.367,AL,0.3038
33.8,-112.5,79,9,2.215,AZ,0.1139
35.2,-81.2,79,5,2.076,SC,0.0633
35.9,-119.0,79,0,2.0,CA,0.0
36.2,-121.8,79,7,2.139,CA,0.0886
38.1,-78.3,79,35,2.873,VA,0.443
38.3,-120.5,79,0,2.0,CA,0.0
39.5,-83.9,79,29,2.506,OH,0.3671
39.8,-82.8,79,11,2.241,OH,0.1392
40.0,-82.5,79,17,2.354,OH,0.2152
40.6,-80.3,79,28,2.532,PA,0.3544
41.1,-74.7,79,33,2.734,NJ,0.4177
41.2,-76.6,79,0,2.0,PA,0.0
43.1,-123.3,79,10,2.165,OR,0.1266
26.7,-80.7,78,6,2.013,FL,0.0769
26.7,-80.3,78,2,1.962,FL,0.0256
33.3,-117.0,78,4,2.077,CA,0.0513
33.9,-112.6,78,10,2.192,AZ,0.1282
34.4,-89.6,78,3,2.064,MS,0.0385
35.0,-119.4,78,2,2.051,CA,0.0256
35.5,-94.2,78,13,2.269,AR,0.1667
35.8,-119.4,78,2,2.051,CA,0.0256
39.4,-119.2,78,12,2.269,NV,0.1538
41.8,-77.0,78,8,2.192,PA,0.1026
43.8,-95.2,78,0,2.0,MN,0.0
29.2,-98.4,78,20,2.308,TX,0.2564
34.8,-118.1,78,6,2.128,CA,0.0769
39.8,-84.5,78,17,2.269,OH,0.2179
40.8,-76.3,78,11,2.282,PA,0.141
43.5,-119.5,78,0,2.0,OR,0.0
44.2,-88.4,78,11,2.256,WI,0.141
47.2,-115.0,78,2,2.051,MT,0.0256
34.1,-82.0,78,3,2.064,SC,0.0385
34.6,-79.9,78,0,1.987,SC,0.0
34.7,-80.2,78,0,2.0,SC,0.0
35.9,-90.6,78,17,2.436,AR,0.2179
38.8,-119.8,78,4,2.09,CA,0.0513
40.2,-78.6,78,1,2.026,PA,0.0128
43.8,-71.7,78,32,2.397,NH,0.4103
44.3,-120.7,78,0,2.0,OR,0.0
34.5,-80.3,78,1,2.0,SC,0.0128
35.0,-117.8,78,0,1.987,CA,0.0
38.0,-81.3,78,2,2.038,WV,0.0256
38.5,-121.0,78,1,2.026,CA,0.0128
38.7,-75.1,78,17,2.397,DE,0.2179
39.9,-77.4,78,8,2.179,PA,0.1026
41.4,-88.6,78,58,2.769,IL,0.7436
34.3,-92.9,78,4,2.077,AR,0.0513
35.1,-80.5,78,19,2.474,NC,0.2436
35.9,-120.0,78,4,2.09,CA,0.0513
38.3,-119.2,78,3,2.077,CA,0.0385
39.3,-75.8,78,20,2.513,MD,0.2564
41.2,-79.9,78,25,2.462,PA,0.3205
43.3,-122.9,78,2,2.026,OR,0.0256
44.5,-123.0,78,0,1.987,OR,0.0
29.6,-98.0,78,49,2.705,TX,0.6282
33.7,-80.5,78,0,1.962,SC,0.0
34.5,-117.2,78,2,2.038,CA,0.0256
39.3,-76.4,78,19,2.397,MD,0.2436
39.4,-81.4,78,10,2.218,WV,0.1282
40.3,-111.3,78,3,2.064,UT,0.0385
40.5,-77.7,78,8,2.205,PA,0.1026
40.7,-122.2,78,2,2.038,CA,0.0256
41.5,-94.4,78,25,2.372,IA,0.3205
41.6,-86.9,78,18,2.372,IN,0.2308
42.0,-80.1,78,28,2.526,PA,0.359
42.7,-122.7,78,0,2.0,OR,0.0
43.3,-75.5,78,6,2.128,NY,0.0769
43.7,-122.5,78,3,2.051,OR,0.0385
36.3,-121.9,77,0,2.0,CA,0.0
40.4,-76.1,77,18,2.455,PA,0.2338
40.7,-78.4,77,3,2.078,PA,0.039
41.7,-85.8,77,35,2.87,IN,0.4545
42.0,-121.5,77,1,2.026,CA,0.013
44.4,-118.8,77,0,2.0,OR,0.0
35.1,-111.2,77,15,2.247,AZ,0.1948
41.9,-72.0,77,39,2.987,CT,0.5065
43.0,-71.1,77,0,1.974,NH,0.0
44.4,-118.9,77,0,2.0,OR,0.0
48.1,-114.0,77,1,2.026,MT,0.013
48.9,-122.3,77,28,2.662,WA,0.3636
38.3,-120.6,77,0,2.0,CA,0.0
39.6,-77.5,77,31,2.792,MD,0.4026
40.2,-79.1,77,7,2.182,PA,0.0909
41.6,-90.9,77,21,2.338,IA,0.2727
41.8,-72.9,77,30,2.766,CT,0.3896
41.9,-78.5,77,0,2.0,PA,0.0
45.9,-124.0,77,2,2.052,OR,0.026
33.2,-87.7,77,2,2.039,AL,0.026
34.3,-83.9,77,24,2.532,GA,0.3117
34.5,-119.2,77,0,2.0,CA,0.0
35.9,-119.2,77,0,1.974,CA,0.0
37.1,-77.9,77,14,2.338,VA,0.1818
41.3,-78.7,77,3,2.078,PA,0.039
42.5,-84.9,77,26,2.494,MI,0.3377
43.8,-93.0,77,1,2.013,MN,0.013
31.3,-85.9,77,3,2.039,AL,0.039
31.6,-106.2,77,11,2.169,TX,0.1429
33.0,-111.7,77,4,2.104,AZ,0.0519
34.9,-114.6,77,6,2.156,CA,0.0779
37.0,-78.2,77,23,2.584,VA,0.2987
38.7,-75.9,77,26,2.636,MD,0.3377
39.7,-79.4,77,34,2.649,PA,0.4416
39.8,-76.8,77,2,2.039,PA,0.026
40.5,-84.2,77,22,2.39,OH,0.2857
41.7,-70.5,77,6,2.0,MA,0.0779
42.8,-73.4,77,10,2.208,NY,0.1299
44.7,-119.1,77,7,2.182,OR,0.0909
32.4,-85.0,77,9,2.156,AL,0.1169
33.6,-113.3,77,14,2.234,AZ,0.1818
34.7,-86.9,77,53,2.701,AL,0.6883
36.3,-95.8,77,4,2.078,OK,0.0519
37.5,-120.5,77,1,2.013,CA,0.013
39.8,-86.5,77,7,2.156,IN,0.0909
39.9,-85.2,77,5,2.104,IN,0.0649
40.2,-120.4,77,1,2.026,CA,0.013
40.3,-78.7,77,0,2.0,PA,0.0
42.7,-122.6,77,1,2.013,OR,0.013
43.0,-123.8,77,0,2.0,OR,0.0
44.5,-92.4,77,0,2.0,MN,0.0
44.9,-93.8,77,4,2.091,MN,0.0519
46.2,-112.8,77,0,2.0,MT,0.0
29.4,-82.6,76,2,2.039,FL,0.0263
33.5,-94.0,76,12,2.25,AR,0.1579
37.8,-85.7,76,25,2.5,KY,0.3289
40.9,-72.3,76,9,2.197,NY,0.1184
41.4,-93.8,76,22,2.303,IA,0.2895
33.7,-78.8,76,1,2.013,SC,0.0132
33.9,-112.7,76,9,2.171,AZ,0.1184
38.1,-84.6,76,11,2.197,KY,0.1447
39.7,-85.9,76,26,2.513,IN,0.3421
40.6,-123.0,76,2,2.026,CA,0.0263
41.5,-120.5,76,2,2.026,CA,0.0263
44.9,-95.0,76,0,2.0,MN,0.0
37.8,-80.9,76,3,2.053,WV,0.0395
40.2,-78.0,76,2,2.053,PA,0.0263
43.3,-70.6,76,10,2.145,ME,0.1316
31.2,-85.6,76,0,1.987,AL,0.0
32.6,-81.0,76,0,2.0,SC,0.0
35.2,-81.3,76,18,2.342,NC,0.2368
40.3,-122.4,76,0,1.987,CA,0.0
41.0,-78.8,76,16,2.421,PA,0.2105
41.5,-93.5,76,10,2.171,IA,0.1316
30.4,-85.0,76,1,2.013,FL,0.0132
37.9,-85.7,76,26,2.421,KY,0.3421
40.1,-120.2,76,1,2.026,CA,0.0132
41.2,-85.0,76,25,2.645,IN,0.3289
41.6,-78.9,76,12,2.289,PA,0.1579
43.4,-123.4,76,3,2.053,OR,0.0395
48.9,-122.7,76,37,2.5,WA,0.4868
32.9,-112.7,76,33,2.579,AZ,0.4342
33.0,-85.1,76,24,2.5,GA,0.3158
34.5,-119.7,76,0,2.0,CA,0.0
34.6,-83.5,76,17,2.434,GA,0.2237
35.7,-94.2,76,6,2.145,AR,0.0789
36.0,-80.3,76,12,2.263,NC,0.1579
36.1,-119.4,76,1,2.013,CA,0.0132
36.1,-85.2,76,10,2.171,TN,0.1316
38.6,-120.6,76,0,2.0,CA,0.0
39.4,-87.5,76,26,2.539,IN,0.3421
40.3,-111.2,76,6,2.105,UT,0.0789
43.0,-112.4,76,6,2.132,ID,0.0789
43.1,-124.2,76,0,2.0,OR,0.0
45.4,-93.4,76,1,2.0,MN,0.0132
37.9,-88.9,75,72,3.04,IL,0.96
40.2,-121.1,75,3,2.08,CA,0.04
41.1,-77.0,75,8,2.173,PA,0.1067
41.6,-71.7,75,49,2.707,RI,0.6533
45.3,-111.4,75,1,2.027,MT,0.0133
46.8,-96.7,75,10,2.16,MN,0.1333
32.3,-96.6,75,39,2.587,TX,0.52
33.0,-80.9,75,0,1.987,SC,0.0
35.2,-112.6,75,24,2.36,AZ,0.32
38.3,-121.0,75,0,1.987,CA,0.0
38.8,-84.6,75,16,2.24,KY,0.2133
39.0,-93.7,75,32,2.493,MO,0.4267
39.6,-106.6,75,28,2.613,CO,0.3733
42.5,-93.6,75,23,2.413,IA,0.3067
43.7,-70.2,75,14,2.267,ME,0.1867
33.3,-84.2,75,32,2.787,GA,0.4267
34.6,-80.0,75,0,1.973,SC,0.0
38.3,-79.1,75,35,2.907,VA,0.4667
39.4,-112.0,75,20,2.28,UT,0.2667
40.3,-103.8,75,39,2.867,CO,0.52
41.5,-95.0,75,22,2.373,IA,0.2933
41.7,-122.7,75,1,2.013,CA,0.0133
42.1,-72.0,75,36,2.467,MA,0.48
43.4,-75.2,75,8,2.2,NY,0.1067
44.3,-120.8,75,5,2.12,OR,0.0667
44.4,-94.4,75,0,2.0,MN,0.0
45.4,-94.7,75,3,2.067,MN,0.04
29.5,-98.2,75,24,2.387,TX,0.32
34.4,-111.5,75,10,2.253,AZ,0.1333
39.0,-93.2,75,24,2.333,MO,0.32
39.9,-89.6,75,66,2.933,IL,0.88
40.1,-77.9,75,22,2.4,PA,0.2933
41.1,-81.2,75,23,2.387,OH,0.3067
43.7,-93.1,75,0,2.0,MN,0.0
44.6,-92.7,75,4,2.067,MN,0.0533
45.1,-95.1,75,1,2.013,MN,0.0133
45.8,-119.5,75,1,2.013,OR,0.0133
28.0,-81.2,75,6,2.133,FL,0.08
37.3,-76.0,75,18,2.44,VA,0.24
39.9,-79.1,75,4,2.093,PA,0.0533
40.3,-83.2,75,16,2.427,OH,0.2133
40.5,-78.3,75,5,2.12,PA,0.0667
28.1,-82.2,75,0,1.933,FL,0.0
34.3,-81.3,75,0,2.0,SC,0.0
35.4,-78.0,75,17,2.36,NC,0.2267
40.4,-80.3,75,11,2.253,PA,0.1467
40.7,-82.5,75,18,2.307,OH,0.24
42.6,-71.5,75,4,2.067,MA,0.0533
36.2,-84.2,74,30,2.419,TN,0.4054
36.6,-79.4,74,23,2.568,VA,0.3108
38.5,-75.2,74,32,2.865,DE,0.4324
39.9,-111.5,74,3,2.081,UT,0.0405
41.2,-73.5,74,9,2.23,NY,0.1216
41.8,-78.3,74,1,2.027,PA,0.0135
33.0,-117.0,74,7,2.162,CA,0.0946
34.7,-117.8,74,3,2.068,CA,0.0405
35.3,-93.1,74,15,2.378,AR,0.2027
36.2,-85.9,74,18,2.27,TN,0.2432
39.0,-110.2,74,9,2.149,UT,0.1216
39.6,-120.4,74,1,2.027,CA,0.0135
43.3,-122.8,74,2,2.027,OR,0.027
30.0,-82.9,74,0,1.986,FL,0.0
33.3,-85.1,74,31,2.838,GA,0.4189
33.3,-79.8,74,0,2.0,SC,0.0
35.5,-120.9,74,0,1.973,CA,0.0
37.2,-119.2,74,0,2.0,CA,0.0
38.3,-77.0,74,16,2.432,VA,0.2162
46.2,-123.4,74,5,2.135,OR,0.0676
33.7,-85.4,74,30,2.459,AL,0.4054
35.0,-107.4,74,15,2.311,NM,0.2027
35.3,-92.9,74,9,2.203,AR,0.1216
35.5,-97.3,74,2,2.014,OK,0.027
37.9,-77.4,74,24,2.635,VA,0.3243
38.5,-120.7,74,0,2.0,CA,0.0
46.9,-92.4,74,0,2.0,MN,0.0
47.5,-114.1,74,0,2.0,MT,0.0
32.1,-111.2,74,3,1.973,AZ,0.0405
34.1,-82.6,74,4,2.095,SC,0.0541
34.6,-77.9,74,26,2.527,NC,0.3514
39.8,-120.0,74,2,2.041,CA,0.027
41.4,-81.4,74,8,2.162,OH,0.1081
41.7,-87.5,74,33,2.554,IL,0.4459
44.5,-93.1,74,1,2.014,MN,0.0135
45.4,-93.8,74,1,2.014,MN,0.0135
30.3,-90.4,74,38,2.581,LA,0.5135
30.6,-86.1,74,5,2.095,FL,0.0676
33.3,-111.1,74,16,2.365,AZ,0.2162
35.5,-81.1,74,16,2.432,NC,0.2162
35.6,-119.5,74,0,2.0,CA,0.0
36.0,-119.5,74,4,2.095,CA,0.0541
36.3,-121.8,74,0,2.0,CA,0.0
36.5,-119.2,74,1,2.027,CA,0.0135
37.6,-75.8,74,11,2.297,VA,0.1486
37.8,-112.9,74,18,2.243,UT,0.2432
40.0,-77.0,74,6,2.162,PA,0.0811
41.7,-77.1,74,0,2.0,PA,0.0
42.0,-72.2,74,21,2.392,CT,0.2838
44.1,-93.7,74,0,1.986,MN,0.0
44.1,-93.5,74,1,2.014,MN,0.0135
44.6,-117.4,74,15,2.351,OR,0.2027
45.2,-123.8,74,1,2.027,OR,0.0135
45.9,-123.2,74,5,2.108,OR,0.0676
32.4,-112.9,73,1,2.027,AZ,0.0137
35.7,-80.1,73,24,2.644,NC,0.3288
36.4,-94.1,73,20,2.548,AR,0.274
36.9,-76.9,73,22,2.562,VA,0.3014
40.7,-79.7,73,25,2.63,PA,0.3425
47.0,-94.7,73,0,2.0,MN,0.0
47.6,-92.5,73,0,2.0,MN,0.0
33.4,-110.9,73,13,2.356,AZ,0.1781
34.4,-81.2,73,0,1.973,SC,0.0
34.6,-87.1,73,0,1.959,AL,0.0
37.7,-113.0,73,1,2.014,UT,0.0137
39.0,-94.0,73,19,2.315,MO,0.2603
40.8,-87.2,73,19,2.315,IN,0.2603
42.2,-72.3,73,47,2.699,MA,0.6438
43.1,-85.9,73,17,2.233,MI,0.2329
43.4,-71.9,73,32,2.438,NH,0.4384
46.3,-95.1,73,0,1.986,MN,0.0
35.3,-85.0,73,0,1.986,TN,0.0
35.5,-118.6,73,4,2.096,CA,0.0548
38.8,-95.0,73,15,2.247,KS,0.2055
39.0,-120.8,73,0,2.0,CA,0.0
45.6,-121.9,73,14,2.247,OR,0.1918
46.8,-92.3,73,0,1.986,MN,0.0
33.9,-81.8,73,0,1.973,SC,0.0
34.7,-114.6,73,5,2.082,CA,0.0685
37.0,-120.7,73,0,2.0,CA,0.0
38.7,-80.7,73,11,2.247,WV,0.1507
39.6,-79.9,73,10,2.205,WV,0.137
39.7,-83.0,73,24,2.589,OH,0.3288
40.9,-121.8,73,1,2.014,CA,0.0137
40.9,-77.9,73,2,2.014,PA,0.0274
41.4,-74.2,73,7,2.178,NY,0.0959
44.4,-121.0,73,2,2.027,OR,0.0274
45.4,-118.0,73,2,2.055,OR,0.0274
47.4,-121.5,73,42,2.89,WA,0.5753
29.6,-82.8,73,3,2.082,FL,0.0411
34.2,-93.1,73,6,2.164,AR,0.0822
39.1,-84.9,73,5,2.082,IN,0.0685
39.2,-121.8,73,0,2.0,CA,0.0
40.3,-121.1,73,0,2.0,CA,0.0
40.7,-114.0,73,13,2.205,UT,0.1781
43.3,-88.3,73,32,2.534,WI,0.4384
43.4,-72.0,73,32,2.521,NH,0.4384
27.2,-80.2,73,3,2.055,FL,0.0411
34.8,-118.6,73,3,2.082,CA,0.0411
37.9,-76.5,73,24,2.616,VA,0.3288
38.2,-77.0,73,24,2.603,VA,0.3288
38.8,-112.6,73,32,2.452,UT,0.4384
39.0,-84.4,73,10,2.178,KY,0.137
39.6,-83.7,73,19,2.329,OH,0.2603
40.0,-79.6,73,25,2.685,PA,0.3425
42.2,-88.7,73,23,2.342,IL,0.3151
43.8,-91.3,73,2,2.027,MN,0.0274
44.4,-124.0,73,1,2.014,OR,0.0137
44.8,-91.4,73,28,2.575,WI,0.3836
45.8,-111.1,73,0,2.0,MT,0.0
46.0,-119.0,73,8,2.192,OR,0.1096
47.4,-115.3,73,1,2.027,MT,0.0137
33.3,-81.2,72,1,2.0,SC,0.0139
33.5,-79.4,72,4,2.097,SC,0.0556
34.6,-81.5,72,0,2.0,SC,0.0
38.5,-77.6,72,20,2.542,VA,0.2778
38.9,-123.0,72,2,2.042,CA,0.0278
40.3,-110.0,72,2,2.042,UT,0.0278
41.5,-72.0,72,31,2.847,CT,0.4306
45.6,-93.4,72,1,2.014,MN,0.0139
47.0,-112.1,72,0,2.0,MT,0.0
32.1,-86.1,72,2,2.056,AL,0.0278
32.2,-111.2,72,0,2.0,AZ,0.0
35.1,-111.1,72,16,2.25,AZ,0.2222
37.7,-104.8,72,52,2.917,CO,0.7222
39.5,-75.2,72,26,2.694,NJ,0.3611
41.7,-106.6,72,4,2.083,WY,0.0556
41.8,-107.2,72,14,2.306,WY,0.1944
42.1,-93.6,72,21,2.319,IA,0.2917
42.9,-74.0,72,21,2.569,NY,0.2917
36.7,-78.2,72,18,2.5,VA,0.25
39.8,-83.2,72,20,2.458,OH,0.2778
40.3,-121.4,72,4,2.097,CA,0.0556
40.4,-120.9,72,0,2.0,CA,0.0
41.3,-110.8,72,4,2.111,WY,0.0556
44.5,-95.1,72,1,2.028,MN,0.0139
45.2,-123.0,72,3,2.083,OR,0.0417
33.1,-97.1,72,22,2.347,TX,0.3056
37.0,-113.6,72,5,2.097,UT,0.0694
37.0,-94.5,72,12,2.236,MO,0.1667
37.5,-79.9,72,26,2.681,VA,0.3611
38.5,-122.1,72,0,1.986,CA,0.0
41.0,-92.4,72,10,2.264,IA,0.1389
41.0,-80.1,72,25,2.528,PA,0.3472
41.2,-93.8,72,20,2.319,IA,0.2778
33.9,-80.6,72,1,2.0,SC,0.0139
35.7,-97.4,72,45,2.681,OK,0.625
35.9,-83.6,72,4,2.097,TN,0.0556
37.4,-79.7,72,13,2.347,VA,0.1806
39.1,-108.4,72,33,2.639,CO,0.4583
43.7,-124.2,72,2,2.056,OR,0.0278
43.9,-116.8,72,8,2.181,ID,0.1111
30.6,-85.7,72,0,2.0,FL,0.0
32.6,-111.3,72,27,2.486,AZ,0.375
35.2,-79.0,72,13,2.361,NC,0.1806
36.2,-78.7,72,21,2.472,NC,0.2917
36.7,-80.0,72,19,2.486,VA,0.2639
39.0,-123.4,72,2,2.028,CA,0.0278
39.4,-123.6,72,0,2.0,CA,0.0
41.0,-104.9,72,14,2.264,CO,0.1944
41.3,-81.7,72,14,2.125,OH,0.1944
41.4,-88.8,72,50,2.75,IL,0.6944
42.1,-72.5,72,4,2.0,MA,0.0556
43.1,-89.2,72,24,2.375,WI,0.3333
44.0,-121.6,72,1,2.014,OR,0.0139
44.9,-95.5,72,0,2.0,MN,0.0
47.2,-122.0,72,14,2.278,WA,0.1944
29.9,-95.8,71,10,2.239,TX,0.1408
35.3,-112.1,71,14,2.254,AZ,0.1972
38.9,-112.0,71,9,2.141,UT,0.1268
40.0,-111.7,71,0,2.0,UT,0.0
41.2,-80.6,71,27,2.648,OH,0.3803
41.3,-110.9,71,9,2.225,WY,0.1268
41.7,-93.3,71,7,2.141,IA,0.0986
44.2,-122.2,71,7,2.155,OR,0.0986
45.4,-117.2,71,1,2.028,OR,0.0141
47.9,-122.6,71,15,2.352,WA,0.2113
35.0,-92.1,71,16,2.423,AR,0.2254
36.8,-114.2,71,21,2.38,NV,0.2958
37.5,-120.4,71,0,2.0,CA,0.0
37.9,-78.7,71,11,2.197,VA,0.1549
39.2,-76.0,71,16,2.423,MD,0.2254
40.4,-123.2,71,4,2.07,CA,0.0563
44.1,-88.5,71,39,2.662,WI,0.5493
44.3,-95.8,71,1,2.014,MN,0.0141
44.9,-92.8,71,3,2.042,MN,0.0423
47.3,-93.7,71,0,2.0,MN,0.0
47.4,-121.4,71,47,2.831,WA,0.662
34.5,-80.0,71,0,1.986,SC,0.0
34.8,-87.6,71,1,1.986,AL,0.0141
38.0,-76.7,71,27,2.718,VA,0.3803
39.6,-86.0,71,33,2.465,IN,0.4648
39.6,-85.9,71,20,2.408,IN,0.2817
40.5,-76.0,71,18,2.437,PA,0.2535
43.5,-72.1,71,24,2.352,NH,0.338
45.0,-120.9,71,2,2.056,OR,0.0282
45.4,-94.5,71,2,2.028,MN,0.0282
30.0,-90.4,71,37,2.648,LA,0.5211
33.0,-80.8,71,0,1.958,SC,0.0
35.6,-89.1,71,23,2.408,TN,0.3239
36.2,-83.0,71,28,2.535,TN,0.3944
39.7,-94.8,71,19,2.31,MO,0.2676
41.7,-124.2,71,0,2.0,CA,0.0
41.9,-73.5,71,9,2.254,NY,0.1268
44.7,-117.9,71,4,2.099,OR,0.0563
45.4,-123.2,71,8,2.169,OR,0.1127
45.9,-122.5,71,18,2.352,WA,0.2535
47.0,-114.6,71,3,2.085,MT,0.0423
28.6,-82.0,71,2,2.056,FL,0.0282
34.3,-117.9,71,0,2.0,CA,0.0
34.3,-92.1,71,21,2.535,AR,0.2958
39.5,-77.1,71,29,2.803,MD,0.4085
40.2,-82.8,71,4,2.099,OH,0.0563
41.6,-71.9,71,26,2.704,CT,0.3662
41.9,-80.4,71,24,2.592,PA,0.338
42.2,-79.9,71,24,2.493,PA,0.338
42.4,-86.3,71,37,2.69,MI,0.5211
46.9,-92.3,71,0,1.986,MN,0.0
47.5,-111.4,71,1,2.028,MT,0.0141
29.9,-95.7,71,3,2.028,TX,0.0423
32.5,-88.3,71,27,2.465,AL,0.3803
32.6,-85.3,71,4,2.085,AL,0.0563
33.3,-82.2,71,3,2.0,GA,0.0423
34.3,-111.4,71,16,2.423,AZ,0.2254
34.3,-80.3,71,0,1.958,SC,0.0
34.4,-80.6,71,0,1.972,SC,0.0
34.8,-80.5,71,0,1.972,SC,0.0
34.9,-117.2,71,3,2.07,CA,0.0423
35.0,-120.2,71,2,2.042,CA,0.0282
35.2,-77.1,71,22,2.577,NC,0.3099
35.6,-77.1,71,19,2.493,NC,0.2676
37.2,-78.1,71,17,2.479,VA,0.2394
37.8,-79.7,71,10,2.225,VA,0.1408
38.4,-81.9,71,4,2.113,WV,0.0563
39.6,-123.8,71,0,2.0,CA,0.0
39.6,-78.9,71,21,2.493,MD,0.2958
40.1,-78.6,71,5,2.141,PA,0.0704
41.7,-81.4,71,2,2.056,OH,0.0282
41.7,-70.1,71,2,2.028,MA,0.0282
48.8,-122.4,71,9,2.169,WA,0.1268
35.4,-81.2,70,13,2.329,NC,0.1857
35.6,-79.1,70,15,2.386,NC,0.2143
35.6,-79.0,70,4,2.043,NC,0.0571
36.8,-80.0,70,21,2.6,VA,0.3
40.5,-78.1,70,1,2.029,PA,0.0143
40.8,-76.7,70,5,2.143,PA,0.0714
41.0,-111.3,70,1,2.014,UT,0.0143
43.8,-91.8,70,0,2.0,MN,0.0
44.6,-92.9,70,4,2.086,MN,0.0571
30.9,-81.7,70,31,2.5,GA,0.4429
35.6,-117.9,70,6,2.143,CA,0.0857
35.7,-79.0,70,8,2.229,NC,0.1143
37.2,-119.6,70,0,2.0,CA,0.0
39.4,-76.9,70,20,2.5,MD,0.2857
41.1,-79.2,70,7,2.2,PA,0.1
43.7,-87.8,70,25,2.514,WI,0.3571
34.2,-92.1,70,20,2.557,AR,0.2857
34.4,-80.4,70,0,1.971,SC,0.0
38.1,-120.1,70,1,2.014,CA,0.0143
39.8,-76.4,70,14,2.229,PA,0.2
41.4,-72.5,70,16,2.429,CT,0.2286
42.1,-85.6,70,18,2.457,MI,0.2571
33.9,-84.8,70,19,2.471,GA,0.2714
34.0,-81.9,70,1,2.0,SC,0.0143
34.4,-79.8,70,0,1.957,SC,0.0
37.1,-77.8,70,12,2.314,VA,0.1714
37.6,-89.0,70,60,3.0,IL,0.8571
38.7,-75.4,70,27,2.771,DE,0.3857
39.9,-120.8,70,2,2.057,CA,0.0286
41.1,-111.7,70,1,2.014,UT,0.0143
41.5,-111.9,70,2,2.043,UT,0.0286
41.5,-109.4,70,8,2.171,WY,0.1143
41.5,-83.3,70,50,2.743,OH,0.7143
43.2,-89.4,70,25,2.529,WI,0.3571
43.6,-72.3,70,34,2.514,NH,0.4857
43.7,-122.4,70,1,2.029,OR,0.0143
44.5,-92.5,70,1,2.014,MN,0.0143
48.1,-123.4,70,6,2.114,WA,0.0857
34.0,-83.8,70,18,2.486,GA,0.2571
35.1,-78.2,70,21,2.443,NC,0.3
35.4,-77.9,70,19,2.471,NC,0.2714
35.7,-120.9,70,0,2.0,CA,0.0
39.0,-121.7,70,2,2.043,CA,0.0286
40.6,-112.1,70,3,1.986,UT,0.0429
42.0,-75.8,70,22,2.386,NY,0.3143
43.3,-76.4,70,32,2.9,NY,0.4571
30.6,-86.9,70,9,2.171,FL,0.1286
33.0,-96.6,70,5,2.057,TX,0.0714
35.1,-109.6,70,24,2.371,AZ,0.3429
35.2,-97.5,70,46,2.729,OK,0.6571
35.3,-112.0,70,21,2.4,AZ,0.3
35.5,-79.2,70,12,2.329,NC,0.1714
35.9,-114.6,70,8,2.186,AZ,0.1143
36.8,-81.9,70,15,2.229,VA,0.2143
38.4,-85.4,70,44,2.8,KY,0.6286
38.9,-109.8,70,9,2.143,UT,0.1286
39.0,-77.9,70,14,2.386,VA,0.2
39.7,-78.6,70,12,2.3,MD,0.1714
39.7,-78.3,70,24,2.471,MD,0.3429
41.4,-124.0,70,0,2.0,CA,0.0
41.8,-112.1,70,3,2.043,UT,0.0429
42.4,-122.6,70,3,2.086,OR,0.0429
42.4,-76.0,70,19,2.343,NY,0.2714
28.4,-80.9,69,4,2.087,FL,0.058
38.0,-77.3,69,22,2.551,VA,0.3188
43.3,-75.4,69,3,2.087,NY,0.0435
44.5,-93.0,69,0,1.971,MN,0.0
46.8,-94.5,69,2,2.029,MN,0.029
29.7,-81.9,69,2,2.058,FL,0.029
29.8,-94.9,69,40,2.768,TX,0.5797
34.3,-84.4,69,27,2.565,GA,0.3913
39.1,-85.9,69,10,2.261,IN,0.1449
41.2,-76.0,69,6,2.13,PA,0.087
41.4,-95.7,69,34,2.594,IA,0.4928
41.6,-78.7,69,6,2.174,PA,0.087
43.1,-85.5,69,6,2.058,MI,0.087
43.5,-116.2,69,3,2.043,ID,0.0435
46.1,-123.4,69,2,1.971,OR,0.029
46.3,-94.4,69,0,1.986,MN,0.0
46.4,-114.1,69,0,2.0,MT,0.0
30.5,-95.5,69,29,2.493,TX,0.4203
33.5,-93.9,69,11,2.29,AR,0.1594
34.5,-120.3,69,4,2.101,CA,0.058
34.8,-117.3,69,0,2.0,CA,0.0
35.5,-94.4,69,10,2.275,AR,0.1449
37.0,-77.1,69,21,2.58,VA,0.3043
38.6,-112.4,69,12,2.174,UT,0.1739
41.4,-79.8,69,31,2.884,PA,0.4493
44.0,-117.1,69,2,2.058,OR,0.029
45.7,-121.0,69,10,2.174,OR,0.1449
46.6,-114.1,69,0,2.0,MT,0.0
30.2,-90.4,69,49,2.826,LA,0.7101
32.6,-90.1,69,16,2.29,MS,0.2319
35.2,-113.6,69,22,2.377,AZ,0.3188
35.7,-120.5,69,1,2.014,CA,0.0145
39.4,-120.2,69,1,2.014,CA,0.0145
39.7,-78.7,69,24,2.536,MD,0.3478
47.7,-117.0,69,19,2.319,WA,0.2754
34.9,-81.4,69,1,2.029,SC,0.0145
37.8,-104.8,69,20,2.377,CO,0.2899
39.7,-106.6,69,18,2.406,CO,0.2609
40.7,-75.5,69,31,2.884,PA,0.4493
44.4,-95.8,69,0,2.0,MN,0.0
46.6,-92.5,69,0,2.0,MN,0.0
47.2,-92.5,69,5,2.072,MN,0.0725
24.9,-80.6,69,16,2.449,FL,0.2319
28.2,-81.9,69,5,2.058,FL,0.0725
30.8,-85.5,69,5,2.145,FL,0.0725
32.7,-86.9,69,4,2.072,AL,0.058
34.2,-113.0,69,16,2.435,AZ,0.2319
34.6,-84.9,69,35,2.652,GA,0.5072
34.9,-89.7,69,15,2.377,MS,0.2174
35.1,-111.0,69,17,2.333,AZ,0.2464
35.2,-113.5,69,1,2.014,AZ,0.0145
36.5,-119.9,69,0,1.971,CA,0.0
37.5,-78.1,69,26,2.739,VA,0.3768
39.6,-75.2,69,18,2.478,NJ,0.2609
39.7,-80.0,69,5,2.13,WV,0.0725
39.8,-77.4,69,2,2.058,PA,0.029
41.7,-85.0,69,40,2.928,IN,0.5797
42.6,-70.8,69,4,2.043,MA,0.058
45.3,-121.6,69,3,2.087,OR,0.0435
45.7,-121.2,69,2,2.043,OR,0.029
34.3,-88.7,68,19,2.397,MS,0.2794
38.6,-75.6,68,26,2.676,DE,0.3824
39.7,-79.5,68,7,2.147,WV,0.1029
43.7,-94.3,68,4,2.059,MN,0.0588
32.9,-81.2,68,0,1.926,SC,0.0
34.2,-86.7,68,7,2.147,AL,0.1029
37.0,-77.0,68,17,2.471,VA,0.25
37.2,-76.7,68,0,1.985,VA,0.0
38.8,-75.9,68,19,2.544,MD,0.2794
39.1,-112.3,68,14,2.221,UT,0.2059
41.8,-78.4,68,4,2.118,PA,0.0588
42.6,-71.6,68,0,1.985,MA,0.0
44.9,-95.4,68,0,1.971,MN,0.0
33.6,-114.3,68,33,2.485,AZ,0.4853
34.8,-118.5,68,2,2.059,CA,0.0294
36.6,-120.2,68,0,2.0,CA,0.0
37.5,-120.6,68,0,2.0,CA,0.0
37.7,-119.0,68,2,2.044,CA,0.0294
38.8,-75.3,68,12,2.294,DE,0.1765
41.8,-107.1,68,15,2.368,WY,0.2206
44.3,-93.0,68,3,2.088,MN,0.0441
47.6,-111.5,68,1,2.015,MT,0.0147
31.4,-85.6,68,1,2.029,AL,0.0147
35.3,-82.1,68,5,2.147,NC,0.0735
35.9,-87.9,68,25,2.441,TN,0.3676
39.7,-79.7,68,0,2.0,WV,0.0
40.5,-77.5,68,8,2.235,PA,0.1176
40.7,-80.2,68,18,2.471,PA,0.2647
41.9,-89.0,68,49,2.824,IL,0.7206
41.9,-83.7,68,15,2.397,MI,0.2206
42.6,-74.0,68,16,2.426,NY,0.2353
43.9,-120.8,68,6,2.162,OR,0.0882
44.1,-116.9,68,20,2.588,OR,0.2941
44.9,-94.4,68,4,2.103,MN,0.0588
44.9,-91.7,68,17,2.235,WI,0.25
46.2,-123.6,68,2,2.059,OR,0.0294
27.3,-82.1,68,9,2.235,FL,0.1324
29.5,-95.8,68,39,2.853,TX,0.5735
34.2,-119.3,68,1,2.0,CA,0.0147
35.1,-118.6,68,0,2.0,CA,0.0
39.7,-78.8,68,19,2.559,PA,0.2794
40.7,-74.7,68,14,2.324,NJ,0.2059
44.1,-93.6,68,2,2.029,MN,0.0294
45.3,-107.3,68,3,2.074,MT,0.0441
46.3,-94.7,68,0,2.0,MN,0.0
46.7,-92.9,68,0,2.0,MN,0.0
29.1,-81.4,68,4,2.103,FL,0.0588
29.7,-83.0,68,2,2.059,FL,0.0294
30.6,-83.2,68,38,2.662,FL,0.5588
32.8,-86.5,68,3,2.044,AL,0.0441
33.3,-80.7,68,0,1.985,SC,0.0
33.6,-81.4,68,0,2.0,SC,0.0
33.7,-79.6,68,0,1.971,SC,0.0
34.4,-117.9,68,1,2.029,CA,0.0147
35.1,-119.3,68,0,1.985,CA,0.0
37.3,-78.2,68,21,2.603,VA,0.3088
37.8,-80.1,68,17,2.309,VA,0.25
38.7,-75.6,68,31,2.868,DE,0.4559
40.0,-80.6,68,1,2.029,WV,0.0147
40.4,-106.6,68,25,2.676,CO,0.3676
41.5,-71.3,68,3,2.0,RI,0.0441
41.6,-122.8,68,4,2.103,CA,0.0588
41.8,-72.4,68,29,2.809,CT,0.4265
44.0,-90.5,68,32,2.662,WI,0.4706
44.4,-120.5,68,0,2.0,OR,0.0
47.8,-121.6,68,15,2.324,WA,0.2206
34.0,-86.1,67,37,2.672,AL,0.5522
39.8,-120.4,67,6,2.179,CA,0.0896
42.1,-122.5,67,5,2.134,OR,0.0746
43.3,-71.8,67,33,2.507,NH,0.4925
44.6,-92.5,67,14,2.418,WI,0.209
44.7,-93.7,67,3,2.06,MN,0.0448
30.2,-82.0,67,6,2.075,FL,0.0896
34.8,-114.2,67,17,2.343,AZ,0.2537
35.9,-119.4,67,1,2.015,CA,0.0149
39.6,-74.5,67,4,2.06,NJ,0.0597
40.4,-80.4,67,20,2.597,PA,0.2985
41.7,-92.3,67,24,2.403,IA,0.3582
34.9,-79.8,67,13,2.358,NC,0.194
37.6,-77.8,67,19,2.567,VA,0.2836
38.6,-82.0,67,19,2.493,WV,0.2836
40.2,-110.1,67,0,1.985,UT,0.0
40.7,-77.4,67,2,2.045,PA,0.0299
40.7,-74.9,67,19,2.567,NJ,0.2836
41.0,-80.6,67,40,2.806,OH,0.597
41.2,-81.4,67,0,1.97,OH,0.0
41.2,-76.4,67,2,2.06,PA,0.0299
44.8,-95.0,67,0,1.985,MN,0.0
44.9,-94.2,67,1,2.015,MN,0.0149
46.0,-123.2,67,8,2.224,OR,0.1194
33.8,-86.4,67,31,2.537,AL,0.4627
34.5,-93.0,67,9,2.269,AR,0.1343
35.4,-108.1,67,17,2.284,NM,0.2537
37.5,-120.1,67,2,2.045,CA,0.0299
41.4,-81.2,67,12,2.239,OH,0.1791
43.1,-73.4,67,4,2.119,NY,0.0597
44.6,-94.2,67,1,2.0,MN,0.0149
46.3,-94.5,67,0,2.0,MN,0.0
30.1,-93.7,67,27,2.448,LA,0.403
34.6,-80.8,67,0,1.97,SC,0.0
37.5,-75.9,67,16,2.448,VA,0.2388
38.0,-77.6,67,26,2.776,VA,0.3881
41.0,-72.2,67,14,2.403,NY,0.209
41.7,-92.0,67,21,2.358,IA,0.3134
42.2,-73.5,67,7,2.149,NY,0.1045
42.2,-72.0,67,33,2.597,MA,0.4925
43.2,-76.4,67,15,2.448,NY,0.2239
44.2,-122.3,67,2,2.045,OR,0.0299
44.8,-124.0,67,3,2.06,OR,0.0448
28.7,-82.4,67,2,2.0,FL,0.0299
29.5,-82.5,67,5,2.149,FL,0.0746
32.5,-83.0,67,31,2.537,GA,0.4627
32.7,-114.3,67,23,2.373,AZ,0.3433
33.8,-112.2,67,7,2.104,AZ,0.1045
34.2,-92.0,67,12,2.343,AR,0.1791
35.0,-80.6,67,14,2.313,NC,0.209
36.1,-95.7,67,0,1.97,OK,0.0
36.2,-86.2,67,24,2.418,TN,0.3582
36.4,-80.8,67,23,2.493,NC,0.3433
37.2,-113.0,67,48,3.433,UT,0.7164
37.6,-79.0,67,8,2.224,VA,0.1194
37.9,-78.3,67,24,2.716,VA,0.3582
38.9,-106.0,67,27,2.657,CO,0.403
39.6,-121.9,67,0,2.0,CA,0.0
39.6,-106.0,67,13,2.299,CO,0.194
40.7,-76.2,67,13,2.388,PA,0.194
41.0,-121.6,67,4,2.104,CA,0.0597
41.8,-85.7,67,42,3.209,MI,0.6269
42.5,-124.4,67,0,2.0,OR,0.0
42.5,-96.3,67,9,2.209,IA,0.1343
42.5,-92.4,67,10,2.269,IA,0.1493
42.7,-71.6,67,4,2.09,MA,0.0597
43.2,-85.5,67,12,2.254,MI,0.1791
43.3,-86.2,67,20,2.478,MI,0.2985
44.5,-94.4,67,3,2.06,MN,0.0448
44.8,-94.4,67,3,2.06,MN,0.0448
47.0,-114.7,67,1,2.03,MT,0.0149
31.2,-87.3,66,21,2.303,AL,0.3182
35.0,-79.2,66,11,2.333,NC,0.1667
35.2,-109.4,66,24,2.439,AZ,0.3636
38.5,-123.3,66,2,2.045,CA,0.0303
38.6,-120.2,66,0,2.0,CA,0.0
40.7,-122.6,66,6,2.136,CA,0.0909
41.6,-122.4,66,0,2.0,CA,0.0
43.2,-88.0,66,17,2.424,WI,0.2576
30.5,-81.8,66,5,2.136,FL,0.0758
34.2,-93.0,66,11,2.318,AR,0.1667
37.3,-79.1,66,18,2.53,VA,0.2727
39.4,-75.8,66,27,2.773,MD,0.4091
40.5,-109.5,66,0,2.0,UT,0.0
41.2,-78.7,66,3,2.076,PA,0.0455
41.2,-77.4,66,5,2.136,PA,0.0758
41.6,-74.0,66,16,2.455,NY,0.2424
42.3,-86.3,66,30,2.621,MI,0.4545
42.4,-121.3,66,2,2.061,OR,0.0303
43.7,-71.6,66,25,2.379,NH,0.3788
44.6,-91.3,66,25,2.409,WI,0.3788
44.7,-122.3,66,9,2.273,OR,0.1364
44.7,-73.5,66,33,2.985,NY,0.5
44.8,-68.8,66,18,2.364,ME,0.2727
45.6,-93.3,66,1,2.015,MN,0.0152
47.4,-123.1,66,12,2.227,WA,0.1818
48.5,-122.2,66,18,2.5,WA,0.2727
31.7,-83.6,66,24,2.409,GA,0.3636
35.8,-90.6,66,9,2.258,AR,0.1364
36.5,-80.7,66,20,2.424,NC,0.303
37.9,-109.3,66,3,2.061,UT,0.0455
38.7,-78.4,66,24,2.712,VA,0.3636
39.1,-95.7,66,27,2.621,KS,0.4091
39.1,-77.3,66,27,2.636,MD,0.4091
42.2,-72.5,66,34,2.485,MA,0.5152
45.4,-122.0,66,4,2.061,OR,0.0606
45.6,-93.5,66,2,2.03,MN,0.0303
46.9,-97.0,66,0,2.0,ND,0.0
33.2,-80.8,66,0,2.0,SC,0.0
33.3,-84.4,66,21,2.621,GA,0.3182
34.6,-117.4,66,1,2.03,CA,0.0152
37.1,-79.7,66,20,2.606,VA,0.303
40.6,-89.4,66,10,2.136,IL,0.1515
42.5,-84.8,66,31,2.818,MI,0.4697
43.6,-88.4,66,13,2.227,WI,0.197
29.6,-82.1,66,2,2.061,FL,0.0303
29.7,-98.7,66,37,2.727,TX,0.5606
33.9,-83.5,66,13,2.364,GA,0.197
37.2,-93.5,66,11,2.197,MO,0.1667
42.0,-72.3,66,29,2.848,CT,0.4394
44.7,-111.2,66,9,2.273,MT,0.1364
45.8,-94.9,66,4,2.061,MN,0.0606
28.9,-81.5,66,6,2.182,FL,0.0909
29.6,-83.1,66,1,2.015,FL,0.0152
30.2,-82.8,66,0,1.97,FL,0.0
34.5,-111.9,66,11,2.167,AZ,0.1667
34.5,-111.4,66,14,2.424,AZ,0.2121
34.6,-83.2,66,0,1.955,SC,0.0
34.7,-112.2,66,14,2.364,AZ,0.2121
35.2,-84.8,66,8,2.227,TN,0.1212
36.3,-120.1,66,3,2.076,CA,0.0455
36.4,-87.1,66,22,2.455,TN,0.3333
37.9,-78.5,66,29,2.848,VA,0.4394
38.1,-75.5,66,21,2.576,MD,0.3182
38.2,-75.7,66,16,2.409,MD,0.2424
38.3,-77.8,66,16,2.47,VA,0.2424
38.6,-123.3,66,4,2.015,CA,0.0606
38.8,-111.3,66,18,2.303,UT,0.2727
39.0,-80.5,66,13,2.379,WV,0.197
41.0,-121.4,66,3,2.061,CA,0.0455
41.7,-92.1,66,23,2.409,IA,0.3485
43.6,-95.3,66,9,2.136,MN,0.1364
44.9,-92.1,66,22,2.424,WI,0.3333
45.4,-123.0,66,20,2.485,OR,0.303
47.1,-123.1,66,10,2.212,WA,0.1515
26.8,-82.0,65,9,2.231,FL,0.1385
30.3,-97.4,65,4,2.077,TX,0.0615
34.0,-85.0,65,21,2.6,GA,0.3231
37.5,-119.6,65,0,2.0,CA,0.0
38.3,-119.3,65,1,2.015,CA,0.0154
38.5,-105.0,65,21,2.538,CO,0.3231
38.5,-78.1,65,10,2.308,VA,0.1538
40.6,-78.4,65,0,1.985,PA,0.0
41.0,-79.0,65,5,2.154,PA,0.0769
41.8,-78.5,65,3,2.092,PA,0.0462
42.0,-86.4,65,17,2.508,MI,0.2615
43.1,-88.9,65,25,2.492,WI,0.3846
44.6,-123.4,65,12,2.262,OR,0.1846
32.3,-109.8,65,22,2.385,AZ,0.3385
32.5,-94.8,65,4,2.077,TX,0.0615
34.9,-85.0,65,36,2.662,GA,0.5538
35.7,-79.4,65,18,2.523,NC,0.2769
38.1,-87.5,65,28,2.754,IN,0.4308
41.2,-88.3,65,52,2.815,IL,0.8
41.5,-87.9,65,29,2.508,IL,0.4462
42.7,-86.1,65,23,2.538,MI,0.3538
44.5,-93.4,65,1,2.015,MN,0.0154
47.4,-93.0,65,1,2.015,MN,0.0154
47.7,-114.1,65,1,2.031,MT,0.0154
30.5,-90.7,65,24,2.431,LA,0.3692
33.1,-80.8,65,0,2.0,SC,0.0
35.2,-81.1,65,6,2.185,NC,0.0923
35.9,-80.9,65,17,2.354,NC,0.2615
37.9,-87.1,65,24,2.738,IN,0.3692
38.3,-109.4,65,1,2.031,UT,0.0154
39.0,-84.7,65,2,2.031,KY,0.0308
40.1,-78.9,65,3,2.077,PA,0.0462
40.3,-109.9,65,3,2.077,UT,0.0462
40.9,-80.1,65,12,2.277,PA,0.1846
41.5,-82.1,65,19,2.292,OH,0.2923
44.9,-94.0,65,1,2.015,MN,0.0154
26.5,-81.4,65,17,2.431,FL,0.2615
32.4,-88.7,65,22,2.523,MS,0.3385
35.1,-85.8,65,20,2.4,TN,0.3077
35.3,-79.4,65,7,2.2,NC,0.1077
35.8,-79.8,65,20,2.462,NC,0.3077
36.2,-82.4,65,22,2.385,TN,0.3385
39.6,-86.3,65,9,2.246,IN,0.1385
40.7,-118.1,65,23,2.385,NV,0.3538
41.9,-89.1,65,31,2.492,IL,0.4769
42.1,-79.9,65,14,2.369,PA,0.2154
42.8,-85.8,65,2,2.015,MI,0.0308
45.4,-94.8,65,0,2.0,MN,0.0
46.7,-94.4,65,1,2.015,MN,0.0154
48.6,-122.3,65,45,2.723,WA,0.6923
30.3,-85.9,65,0,1.985,FL,0.0
30.4,-85.9,65,3,2.062,FL,0.0462
32.7,-80.0,65,0,1.985,SC,0.0
33.0,-116.8,65,0,2.0,CA,0.0
36.6,-79.3,65,14,2.415,VA,0.2154
37.0,-113.7,65,6,2.154,AZ,0.0923
39.7,-79.9,65,9,2.2,WV,0.1385
40.3,-74.9,65,28,2.631,PA,0.4308
40.8,-78.5,65,1,2.031,PA,0.0154
45.4,-117.3,65,1,2.031,OR,0.0154
47.3,-93.6,65,0,2.0,MN,0.0
27.6,-81.7,65,2,2.062,FL,0.0308
27.6,-81.6,65,5,2.138,FL,0.0769
29.7,-82.0,65,8,2.246,FL,0.1231
31.6,-81.4,65,19,2.431,GA,0.2923
33.6,-80.6,65,0,2.0,SC,0.0
34.3,-85.2,65,23,2.646,GA,0.3538
35.2,-114.2,65,5,2.154,AZ,0.0769
35.8,-83.2,65,20,2.477,TN,0.3077
37.4,-113.3,65,14,2.215,UT,0.2154
40.6,-78.9,65,27,2.831,PA,0.4154
41.1,-87.9,65,41,2.692,IL,0.6308
41.9,-70.7,65,5,2.046,MA,0.0769
42.9,-74.3,65,9,2.246,NY,0.1385
44.6,-123.5,65,3,2.077,OR,0.0462
44.6,-118.5,65,0,2.0,OR,0.0
44.6,-95.7,65,0,2.0,MN,0.0
45.9,-112.5,65,1,2.031,MT,0.0154
46.5,-94.0,65,4,2.108,MN,0.0615
46.7,-114.1,65,3,2.062,MT,0.0462
35.5,-120.8,64,0,2.0,CA,0.0
35.6,-97.2,64,19,2.344,OK,0.2969
35.8,-118.4,64,0,2.0,CA,0.0
36.7,-77.0,64,15,2.438,VA,0.2344
40.0,-86.2,64,23,2.641,IN,0.3594
40.2,-83.4,64,16,2.422,OH,0.25
43.2,-124.4,64,0,2.0,OR,0.0
43.5,-75.3,64,5,2.156,NY,0.0781
43.9,-117.6,64,2,2.047,OR,0.0312
44.5,-73.2,64,36,2.656,VT,0.5625
35.0,-110.7,64,18,2.281,AZ,0.2812
35.3,-89.8,64,9,2.219,TN,0.1406
39.9,-83.5,64,34,2.734,OH,0.5312
40.2,-78.7,64,3,2.063,PA,0.0469
41.6,-91.6,64,3,2.078,IA,0.0469
41.7,-92.4,64,32,2.563,IA,0.5
41.7,-70.8,64,21,2.313,MA,0.3281
41.9,-78.4,64,4,2.125,PA,0.0625
42.9,-71.1,64,2,2.016,NH,0.0312
43.4,-70.6,64,10,2.156,ME,0.1562
47.7,-122.0,64,17,2.516,WA,0.2656
30.7,-87.0,64,0,2.0,FL,0.0
32.4,-82.5,64,38,2.719,GA,0.5938
32.9,-80.9,64,0,1.969,SC,0.0
33.5,-117.5,64,2,2.047,CA,0.0312
33.7,-83.9,64,28,2.828,GA,0.4375
33.7,-79.7,64,0,1.984,SC,0.0
34.0,-86.8,64,6,2.141,AL,0.0938
35.1,-77.0,64,9,2.234,NC,0.1406
43.9,-91.8,64,0,2.0,MN,0.0
46.1,-93.6,64,1,2.016,MN,0.0156
29.7,-82.6,64,1,2.031,FL,0.0156
32.4,-82.7,64,33,2.703,GA,0.5156
33.0,-111.5,64,19,2.5,AZ,0.2969
34.3,-110.8,64,12,2.344,AZ,0.1875
34.4,-79.6,64,0,1.969,SC,0.0
38.4,-89.0,64,57,2.938,IL,0.8906
38.8,-84.7,64,27,2.578,KY,0.4219
39.8,-85.2,64,2,2.047,IN,0.0312
40.2,-86.5,64,21,2.547,IN,0.3281
40.5,-123.2,64,0,2.0,CA,0.0
40.7,-80.0,64,10,2.266,PA,0.1562
41.8,-70.6,64,7,2.047,MA,0.1094
42.5,-74.0,64,3,2.094,NY,0.0469
30.2,-90.8,64,33,2.547,LA,0.5156
33.6,-80.0,64,0,2.0,SC,0.0
34.5,-80.5,64,0,1.969,SC,0.0
34.7,-79.3,64,21,2.531,NC,0.3281
37.9,-119.1,64,4,2.109,CA,0.0625
38.0,-112.7,64,4,2.078,UT,0.0625
38.3,-78.8,64,26,2.813,VA,0.4062
39.6,-83.0,64,19,2.547,OH,0.2969
41.3,-93.8,64,9,2.141,IA,0.1406
41.6,-81.2,64,2,1.984,OH,0.0312
44.4,-93.6,64,1,2.031,MN,0.0156
44.5,-119.6,64,4,2.125,OR,0.0625
45.0,-92.6,64,22,2.406,WI,0.3438
46.5,-93.7,64,2,2.031,MN,0.0312
27.5,-81.7,64,8,2.25,FL,0.125
32.3,-81.7,64,28,2.531,GA,0.4375
33.8,-80.8,64,1,2.016,SC,0.0156
34.2,-112.8,64,7,2.203,AZ,0.1094
34.3,-81.4,64,0,1.984,SC,0.0
34.6,-117.7,64,0,1.984,CA,0.0
36.0,-80.8,64,17,2.344,NC,0.2656
36.2,-83.2,64,23,2.453,TN,0.3594
36.8,-82.1,64,8,2.25,VA,0.125
37.6,-120.5,64,2,2.047,CA,0.0312
37.6,-105.2,64,21,2.531,CO,0.3281
38.1,-77.9,64,13,2.406,VA,0.2031
38.9,-123.7,64,0,2.0,CA,0.0
39.5,-85.8,64,7,2.188,IN,0.1094
40.1,-87.6,64,54,2.859,IL,0.8438
40.4,-78.5,64,1,2.031,PA,0.0156
40.7,-87.0,64,25,2.547,IN,0.3906
41.5,-94.6,64,17,2.375,IA,0.2656
41.5,-81.3,64,3,2.078,OH,0.0469
42.0,-112.2,64,22,2.344,UT,0.3438
42.6,-114.1,64,5,2.156,ID,0.0781
44.0,-70.3,64,9,2.156,ME,0.1406
44.2,-92.4,64,5,2.156,MN,0.0781
47.7,-122.9,64,18,2.375,WA,0.2812
28.6,-82.1,63,5,2.127,FL,0.0794
30.4,-84.0,63,1,2.0,FL,0.0159
32.7,-114.4,63,28,2.508,AZ,0.4444
34.2,-84.6,63,25,2.698,GA,0.3968
35.8,-81.2,63,17,2.54,NC,0.2698
35.9,-81.2,63,18,2.556,NC,0.2857
39.3,-103.7,63,35,2.889,CO,0.5556
39.6,-74.7,63,9,2.238,NJ,0.1429
39.8,-105.5,63,30,2.937,CO,0.4762
42.0,-77.1,63,10,2.27,PA,0.1587
43.3,-89.5,63,32,2.635,WI,0.5079
46.5,-112.0,63,2,2.048,MT,0.0317
29.3,-82.5,63,2,2.063,FL,0.0317
34.0,-83.7,63,32,2.937,GA,0.5079
35.3,-79.1,63,10,2.317,NC,0.1587
39.3,-80.3,63,20,2.46,WV,0.3175
39.8,-74.3,63,5,2.127,NJ,0.0794
41.0,-95.8,63,25,2.524,IA,0.3968
42.0,-78.4,63,7,2.19,PA,0.1111
42.0,-75.7,63,24,2.492,PA,0.381
42.0,-72.1,63,24,2.492,CT,0.381
43.1,-73.9,63,4,2.127,NY,0.0635
43.8,-95.1,63,1,2.0,MN,0.0159
46.2,-107.3,63,1,2.032,MT,0.0159
47.4,-114.1,63,3,2.095,MT,0.0476
29.8,-82.9,63,0,1.984,FL,0.0
31.2,-85.3,63,2,2.032,AL,0.0317
33.5,-82.7,63,31,2.587,GA,0.4921
34.4,-83.3,63,28,2.492,GA,0.4444
36.2,-120.8,63,0,1.984,CA,0.0
38.5,-79.0,63,28,2.857,VA,0.4444
41.7,-88.4,63,34,2.698,IL,0.5397
44.7,-122.7,63,9,2.254,OR,0.1429
32.0,-86.0,63,4,2.095,AL,0.0635
34.3,-116.8,63,7,2.143,CA,0.1111
34.9,-81.3,63,0,1.968,SC,0.0
35.5,-78.5,63,8,2.238,NC,0.127
36.3,-78.5,63,20,2.413,NC,0.3175
38.8,-78.4,63,25,2.762,VA,0.3968
40.5,-86.8,63,24,2.571,IN,0.381
41.6,-83.8,63,46,2.921,OH,0.7302
41.7,-86.7,63,40,3.111,IN,0.6349
43.8,-118.2,63,0,2.0,OR,0.0
24.9,-80.7,63,23,2.667,FL,0.3651
32.3,-86.5,63,5,2.143,AL,0.0794
32.9,-86.8,63,4,2.095,AL,0.0635
33.6,-85.9,63,22,2.365,AL,0.3492
37.3,-120.8,63,0,2.0,CA,0.0
38.8,-76.6,63,17,2.508,MD,0.2698
39.8,-110.8,63,17,2.54,UT,0.2698
39.8,-105.4,63,23,2.635,CO,0.3651
40.3,-104.8,63,29,2.873,CO,0.4603
43.4,-116.0,63,8,2.19,ID,0.127
43.9,-122.9,63,2,2.063,OR,0.0317
44.4,-122.5,63,7,2.127,OR,0.1111
44.4,-119.3,63,0,2.0,OR,0.0
45.3,-95.0,63,1,2.032,MN,0.0159
46.4,-112.0,63,0,2.0,MT,0.0
29.6,-81.9,63,0,2.0,FL,0.0
32.1,-110.7,63,1,2.032,AZ,0.0159
33.6,-80.7,63,0,1.968,SC,0.0
34.0,-117.0,63,32,2.508,CA,0.5079
34.3,-110.9,63,9,2.27,AZ,0.1429
34.8,-78.0,63,18,2.413,NC,0.2857
35.5,-82.4,63,14,2.444,NC,0.2222
35.8,-81.5,63,16,2.508,NC,0.254
39.7,-111.9,63,2,2.032,UT,0.0317
41.6,-106.2,63,12,2.302,WY,0.1905
42.6,-114.2,63,10,2.317,ID,0.1587
43.3,-122.7,63,4,2.127,OR,0.0635
44.3,-94.7,63,1,2.016,MN,0.0159
29.3,-98.7,62,27,2.629,TX,0.4355
34.9,-86.9,62,34,2.581,AL,0.5484
36.3,-82.6,62,2,2.048,TN,0.0323
38.0,-77.0,62,16,2.484,VA,0.2581
39.6,-111.6,62,0,2.0,UT,0.0
41.0,-72.5,62,6,2.194,NY,0.0968
41.1,-87.8,62,38,2.661,IL,0.6129
41.6,-74.6,62,5,2.145,NY,0.0806
41.8,-70.5,62,3,2.048,MA,0.0484
43.7,-94.9,62,10,2.161,MN,0.1613
44.8,-123.1,62,11,2.177,OR,0.1774
46.8,-100.9,62,2,2.065,ND,0.0323
30.7,-84.4,62,1,2.032,FL,0.0161
34.9,-78.0,62,16,2.387,NC,0.2581
35.2,-78.4,62,22,2.565,NC,0.3548
39.1,-108.3,62,23,2.484,CO,0.371
39.2,-123.6,62,0,2.0,CA,0.0
39.9,-86.5,62,17,2.339,IN,0.2742
40.1,-121.6,62,1,2.032,CA,0.0161
41.1,-111.5,62,10,2.161,UT,0.1613
41.7,-70.6,62,2,2.032,MA,0.0323
42.0,-71.4,62,30,2.484,MA,0.4839
42.3,-73.2,62,43,2.758,MA,0.6935
42.8,-84.4,62,21,2.548,MI,0.3387
43.0,-85.5,62,2,1.952,MI,0.0323
44.6,-88.1,62,16,2.258,WI,0.2581
45.2,-94.0,62,0,2.0,MN,0.0
46.2,-114.2,62,3,2.081,MT,0.0484
34.5,-86.4,62,1,2.0,AL,0.0161
34.8,-111.9,62,9,2.194,AZ,0.1452
34.9,-118.3,62,0,2.0,CA,0.0
36.8,-119.2,62,3,2.097,CA,0.0484
38.2,-120.5,62,0,2.0,CA,0.0
40.4,-112.4,62,3,2.065,UT,0.0484
40.6,-81.5,62,29,2.532,OH,0.4677
41.0,-96.3,62,25,2.468,NE,0.4032
44.3,-92.0,62,2,2.065,MN,0.0323
36.8,-120.8,62,15,2.258,CA,0.2419
39.0,-122.0,62,0,2.0,CA,0.0
39.0,-74.8,62,8,2.194,NJ,0.129
40.9,-79.9,62,10,2.323,PA,0.1613
41.1,-74.5,62,8,2.242,NJ,0.129
41.2,-80.0,62,25,2.661,PA,0.4032
46.1,-123.7,62,5,2.129,OR,0.0806
28.1,-81.1,62,3,2.048,FL,0.0484
32.6,-88.2,62,27,2.452,AL,0.4355
34.5,-113.4,62,8,2.242,AZ,0.129
35.5,-119.6,62,1,2.016,CA,0.0161
36.6,-120.1,62,2,2.016,CA,0.0323
38.1,-77.4,62,21,2.645,VA,0.3387
38.4,-77.8,62,9,2.274,VA,0.1452
38.7,-75.2,62,21,2.613,DE,0.3387
39.5,-107.3,62,14,2.355,CO,0.2258
39.8,-85.5,62,10,2.274,IN,0.1613
43.8,-117.8,62,0,2.0,OR,0.0
45.5,-117.4,62,0,2.0,OR,0.0
27.9,-81.1,62,7,2.226,FL,0.1129
32.5,-85.5,62,40,2.694,AL,0.6452
33.8,-80.0,62,0,1.984,SC,0.0
36.3,-82.9,62,18,2.355,TN,0.2903
36.6,-79.6,62,19,2.597,VA,0.3065
36.7,-80.3,62,26,2.79,VA,0.4194
37.7,-79.3,62,26,2.823,VA,0.4194
37.9,-120.3,62,0,2.0,CA,0.0
38.7,-75.8,62,15,2.468,MD,0.2419
39.6,-76.8,62,20,2.597,MD,0.3226
39.8,-79.3,62,1,2.016,PA,0.0161
40.2,-85.6,62,19,2.419,IN,0.3065
40.9,-80.4,62,22,2.532,PA,0.3548
42.2,-123.7,62,4,2.113,OR,0.0645
43.2,-75.6,62,2,2.032,NY,0.0323
44.1,-94.4,62,0,2.0,MN,0.0
44.4,-122.4,62,2,2.065,OR,0.0323
46.4,-105.8,62,8,2.194,MT,0.129
30.6,-85.4,61,3,2.098,FL,0.0492
39.8,-76.3,61,4,2.131,PA,0.0656
40.4,-121.5,61,2,2.033,CA,0.0328
41.4,-89.0,61,50,2.869,IL,0.8197
41.4,-72.6,61,44,3.443,CT,0.7213
43.6,-119.9,61,2,2.066,OR,0.0328
45.9,-119.1,61,8,2.246,OR,0.1311
30.7,-86.9,61,4,2.098,FL,0.0656
33.3,-117.3,61,0,1.967,CA,0.0
35.0,-110.4,61,13,2.246,AZ,0.2131
35.0,-86.6,61,2,2.049,AL,0.0328
35.0,-81.4,61,0,1.984,SC,0.0
36.0,-119.2,61,1,2.016,CA,0.0164
37.4,-78.0,61,20,2.623,VA,0.3279
38.2,-119.2,61,1,2.033,CA,0.0164
39.2,-76.1,61,18,2.574,MD,0.2951
40.3,-103.6,61,25,2.59,CO,0.4098
41.3,-89.1,61,36,2.639,IL,0.5902
41.7,-76.3,61,17,2.541,PA,0.2787
43.5,-116.1,61,9,2.197,ID,0.1475
44.3,-92.9,61,0,2.0,MN,0.0
46.6,-112.1,61,0,2.0,MT,0.0
33.6,-87.0,61,16,2.262,AL,0.2623
40.5,-74.6,61,20,2.607,NJ,0.3279
40.6,-78.6,61,3,2.098,PA,0.0492
40.7,-113.1,61,8,2.131,UT,0.1311
40.8,-75.6,61,16,2.443,PA,0.2623
34.5,-79.5,61,1,1.984,SC,0.0164
35.2,-81.6,61,7,2.23,SC,0.1148
35.7,-118.0,61,0,2.0,CA,0.0
36.6,-84.1,61,23,2.426,TN,0.377
39.0,-104.6,61,15,2.443,CO,0.2459
39.2,-80.3,61,12,2.311,WV,0.1967
39.7,-76.1,61,25,2.82,MD,0.4098
41.4,-82.8,61,10,2.279,OH,0.1639
41.6,-81.1,61,8,2.082,OH,0.1311
41.8,-75.9,61,25,2.82,PA,0.4098
43.1,-70.7,61,6,2.115,ME,0.0984
30.0,-82.4,61,2,2.066,FL,0.0328
32.8,-111.6,61,25,2.541,AZ,0.4098
33.5,-79.7,61,1,1.984,SC,0.0164
33.7,-112.5,61,6,2.164,AZ,0.0984
35.7,-118.3,61,2,2.066,CA,0.0328
36.7,-78.5,61,10,2.328,VA,0.1639
37.3,-77.7,61,6,2.18,VA,0.0984
37.7,-112.4,61,5,2.164,UT,0.082
39.5,-87.1,61,15,2.426,IN,0.2459
40.7,-105.0,61,18,2.361,CO,0.2951
43.0,-89.1,61,22,2.59,WI,0.3607
43.0,-76.4,61,13,2.361,NY,0.2131
46.3,-96.1,61,1,2.033,MN,0.0164
46.5,-95.2,61,0,2.0,MN,0.0
26.2,-81.0,61,13,2.279,FL,0.2131
29.6,-95.0,61,19,2.557,TX,0.3115
30.7,-81.9,61,3,2.082,FL,0.0492
32.3,-106.8,61,24,2.475,NM,0.3934
32.4,-82.6,61,30,2.754,GA,0.4918
32.8,-85.0,61,20,2.475,GA,0.3279
33.5,-81.2,61,1,2.0,SC,0.0164
35.9,-87.7,61,23,2.459,TN,0.377
36.2,-120.1,61,0,2.0,CA,0.0
36.3,-80.7,61,15,2.443,NC,0.2459
36.9,-81.5,61,16,2.295,VA,0.2623
37.7,-120.4,61,0,2.0,CA,0.0
39.2,-78.3,61,14,2.443,VA,0.2295
39.8,-123.7,61,1,2.016,CA,0.0164
39.9,-74.6,61,15,2.475,NJ,0.2459
41.3,-81.9,61,32,2.984,OH,0.5246
41.3,-76.7,61,9,2.279,PA,0.1475
42.7,-124.5,61,1,2.033,OR,0.0164
43.7,-120.3,61,0,2.0,OR,0.0
44.9,-93.9,61,2,2.033,MN,0.0328
45.2,-94.3,61,0,1.984,MN,0.0
24.8,-80.9,60,15,2.467,FL,0.25
33.6,-113.6,60,29,2.55,AZ,0.4833
34.6,-119.9,60,10,2.333,CA,0.1667
38.6,-112.2,60,14,2.267,UT,0.2333
38.9,-91.5,60,14,2.283,MO,0.2333
41.8,-77.2,60,3,2.083,PA,0.05
42.8,-84.8,60,27,2.633,MI,0.45
42.9,-85.3,60,9,2.183,MI,0.15
43.2,-123.3,60,0,2.0,OR,0.0
30.4,-84.6,60,2,2.0,FL,0.0333
32.6,-97.4,60,3,2.033,TX,0.05
33.3,-81.8,60,0,2.0,SC,0.0
38.3,-78.3,60,7,2.217,VA,0.1167
38.5,-109.5,60,6,2.15,UT,0.1
40.9,-76.4,60,4,2.117,PA,0.0667
41.9,-91.5,60,12,2.317,IA,0.2
42.9,-77.7,60,11,2.25,NY,0.1833
46.8,-95.7,60,2,2.033,MN,0.0333
47.0,-123.6,60,10,2.25,WA,0.1667
40.5,-105.1,60,6,2.017,CO,0.1
34.0,-116.6,60,3,2.05,CA,0.05
36.1,-78.5,60,6,2.167,NC,0.1
38.6,-76.8,60,9,2.267,MD,0.15
39.1,-95.9,60,40,2.783,KS,0.6667
39.6,-77.3,60,14,2.467,MD,0.2333
39.9,-79.8,60,18,2.6,PA,0.3
40.6,-77.9,60,2,2.067,PA,0.0333
40.8,-75.1,60,3,2.1,PA,0.05
44.0,-75.9,60,21,2.633,NY,0.35
28.7,-81.1,60,4,2.117,FL,0.0667
30.1,-90.7,60,38,2.833,LA,0.6333
35.5,-90.2,60,11,2.333,AR,0.1833
36.0,-115.1,60,3,2.067,NV,0.05
36.9,-120.2,60,0,2.0,CA,0.0
37.4,-79.5,60,21,2.7,VA,0.35
37.8,-78.9,60,9,2.25,VA,0.15
39.3,-123.1,60,0,2.0,CA,0.0
39.5,-121.2,60,1,2.033,CA,0.0167
39.7,-104.5,60,20,2.45,CO,0.3333
40.5,-80.3,60,29,2.667,PA,0.4833
41.2,-123.7,60,1,2.033,CA,0.0167
41.6,-84.0,60,38,2.783,OH,0.6333
43.0,-74.7,60,5,2.133,NY,0.0833
45.8,-120.1,60,2,2.05,OR,0.0333
46.5,-95.3,60,1,2.0,MN,0.0167
27.6,-81.9,60,6,2.183,FL,0.1
32.7,-111.4,60,9,2.25,AZ,0.15
34.5,-80.2,60,0,2.0,SC,0.0
35.4,-78.9,60,20,2.65,NC,0.3333
35.9,-80.5,60,18,2.6,NC,0.3
36.7,-114.5,60,14,2.333,NV,0.2333
37.7,-77.2,60,7,2.167,VA,0.1167
38.4,-75.4,60,13,2.417,MD,0.2167
38.8,-91.2,60,16,2.45,MO,0.2667
38.9,-80.6,60,3,2.1,WV,0.05
41.6,-74.5,60,7,2.2,NY,0.1167
41.7,-108.8,60,6,2.183,WY,0.1
42.1,-91.7,60,17,2.3,IA,0.2833
42.8,-117.6,60,2,2.067,OR,0.0333
42.9,-124.5,60,0,2.0,OR,0.0
43.6,-92.0,60,3,2.033,MN,0.05
43.7,-92.1,60,0,1.983,MN,0.0
43.8,-117.9,60,1,2.033,OR,0.0167
44.3,-93.9,60,0,1.983,MN,0.0
46.8,-123.1,60,19,2.567,WA,0.3167
47.3,-122.1,60,18,2.5,WA,0.3
32.6,-85.2,59,1,2.034,AL,0.0169
33.8,-80.7,59,0,2.0,SC,0.0
39.4,-106.2,59,23,2.712,CO,0.3898
40.4,-78.0,59,1,2.017,PA,0.0169
42.9,-75.4,59,6,2.169,NY,0.1017
47.7,-116.9,59,4,2.085,ID,0.0678
33.2,-81.3,59,0,1.983,SC,0.0
33.8,-111.5,59,6,2.169,AZ,0.1017
35.9,-120.9,59,3,2.051,CA,0.0508
40.4,-75.8,59,12,2.407,PA,0.2034
41.0,-74.7,59,14,2.424,NJ,0.2373
42.5,-122.7,59,2,2.034,OR,0.0339
44.8,-93.7,59,5,2.102,MN,0.0847
48.3,-122.2,59,20,2.576,WA,0.339
27.5,-81.9,59,2,2.034,FL,0.0339
33.9,-116.7,59,42,2.712,CA,0.7119
36.3,-79.9,59,15,2.407,NC,0.2542
36.5,-79.8,59,20,2.678,NC,0.339
39.5,-121.0,59,3,2.051,CA,0.0508
41.2,-85.2,59,20,2.61,IN,0.339
41.4,-79.3,59,12,2.407,PA,0.2034
42.0,-78.5,59,6,2.186,PA,0.1017
43.1,-74.0,59,11,2.356,NY,0.1864
45.8,-108.6,59,1,2.034,MT,0.0169
45.8,-93.4,59,0,2.0,MN,0.0
30.1,-97.9,59,3,2.068,TX,0.0508
32.9,-117.3,59,0,2.0,CA,0.0
33.8,-117.0,59,3,2.085,CA,0.0508
37.8,-120.1,59,0,2.0,CA,0.0
39.0,-78.0,59,16,2.525,VA,0.2712
41.2,-79.8,59,4,2.119,PA,0.0678
43.0,-86.0,59,1,1.983,MI,0.0169
46.9,-122.3,59,10,2.305,WA,0.1695
48.4,-122.5,59,4,2.136,WA,0.0678
31.1,-85.4,59,2,2.034,AL,0.0339
33.1,-83.3,59,14,2.407,GA,0.2373
35.8,-78.1,59,9,2.288,NC,0.1525
36.6,-76.7,59,30,2.932,VA,0.5085
39.8,-79.4,59,10,2.322,PA,0.1695
41.7,-107.7,59,9,2.271,WY,0.1525
45.0,-89.7,59,5,2.102,WI,0.0847
46.9,-92.9,59,0,2.0,MN,0.0
47.0,-122.5,59,17,2.441,WA,0.2881
26.5,-81.5,59,9,2.305,FL,0.1525
31.0,-85.4,59,3,2.085,FL,0.0508
31.5,-89.3,59,16,2.339,MS,0.2712
33.8,-86.5,59,18,2.339,AL,0.3051
33.9,-83.9,59,22,2.678,GA,0.3729
34.7,-80.5,59,1,2.017,SC,0.0169
34.8,-118.7,59,4,2.119,CA,0.0678
35.3,-78.4,59,19,2.542,NC,0.322
35.6,-79.8,59,19,2.576,NC,0.322
36.3,-118.0,59,2,2.034,CA,0.0339
36.4,-120.1,59,0,2.0,CA,0.0
36.5,-82.4,59,25,2.559,TN,0.4237
37.4,-79.6,59,17,2.525,VA,0.2881
38.4,-78.1,59,16,2.542,VA,0.2712
40.1,-123.9,59,0,1.983,CA,0.0
41.5,-72.5,59,28,2.898,CT,0.4746
41.9,-124.2,59,0,2.0,CA,0.0
42.2,-89.1,59,3,2.085,IL,0.0508
44.0,-94.0,59,0,2.0,MN,0.0
44.7,-111.1,59,4,2.136,MT,0.0678
45.4,-94.3,59,1,2.017,MN,0.0169
45.7,-110.2,59,4,2.136,MT,0.0678
30.2,-93.0,58,38,2.707,LA,0.6552
35.8,-81.7,58,15,2.5,NC,0.2586
39.2,-94.4,58,9,2.207,MO,0.1552
39.7,-76.8,58,2,1.931,PA,0.0345
41.9,-88.6,58,30,2.534,IL,0.5172
43.4,-121.8,58,1,2.034,OR,0.0172
43.8,-118.0,58,0,2.0,OR,0.0
46.6,-95.5,58,1,2.017,MN,0.0172
34.1,-86.5,58,0,1.966,AL,0.0
35.2,-82.4,58,10,2.345,NC,0.1724
38.8,-121.8,58,3,2.086,CA,0.0517
39.6,-83.6,58,13,2.293,OH,0.2241
39.8,-84.6,58,25,2.741,OH,0.431
44.7,-94.2,58,1,2.017,MN,0.0172
45.1,-107.3,58,3,2.069,MT,0.0517
46.8,-92.2,58,0,2.0,MN,0.0
34.8,-92.5,58,1,2.017,AR,0.0172
35.1,-79.5,58,9,2.293,NC,0.1552
35.1,-79.4,58,8,2.241,NC,0.1379
36.1,-78.9,58,15,2.5,NC,0.2586
37.1,-120.1,58,0,2.0,CA,0.0
37.9,-77.9,58,20,2.672,VA,0.3448
40.7,-112.4,58,16,2.276,UT,0.2759
40.7,-78.7,58,4,2.121,PA,0.069
41.2,-80.3,58,8,2.259,PA,0.1379
47.3,-123.0,58,12,2.345,WA,0.2069
32.8,-112.0,58,15,2.362,AZ,0.2586
32.9,-84.3,58,22,2.707,GA,0.3793
33.3,-111.4,58,3,2.086,AZ,0.0517
35.3,-81.9,58,9,2.31,NC,0.1552
35.6,-81.1,58,19,2.655,NC,0.3276
38.3,-104.5,58,19,2.517,CO,0.3276
39.0,-84.2,58,8,2.241,OH,0.1379
41.2,-80.9,58,23,2.414,OH,0.3966
41.3,-73.2,58,4,2.121,CT,0.069
45.2,-123.3,58,5,2.172,OR,0.0862
30.2,-93.1,58,36,2.724,LA,0.6207
30.3,-85.7,58,5,2.121,FL,0.0862
30.5,-88.5,58,4,2.138,MS,0.069
30.6,-87.5,58,13,2.241,AL,0.2241
33.4,-79.6,58,0,1.983,SC,0.0
33.8,-84.0,58,14,2.397,GA,0.2414
34.8,-87.1,58,1,2.017,AL,0.0172
38.0,-119.1,58,2,2.034,CA,0.0345
38.9,-91.3,58,14,2.414,MO,0.2414
39.5,-111.5,58,0,1.983,UT,0.0
40.0,-74.4,58,22,2.69,NJ,0.3793
41.9,-77.1,58,8,2.259,PA,0.1379
45.9,-93.1,58,2,2.034,MN,0.0345
47.2,-120.9,58,28,2.586,WA,0.4828
48.2,-114.2,58,1,2.034,MT,0.0172
48.9,-122.4,58,7,2.19,WA,0.1207
27.7,-80.4,58,0,2.0,FL,0.0
28.0,-81.1,58,7,2.19,FL,0.1207
32.4,-90.4,58,26,2.638,MS,0.4483
34.5,-79.6,58,0,1.966,SC,0.0
34.8,-79.7,58,4,2.086,SC,0.069
35.1,-83.1,58,8,2.224,NC,0.1379
37.1,-113.2,58,1,2.017,UT,0.0172
37.7,-81.1,58,1,2.017,WV,0.0172
39.2,-77.9,58,8,2.259,VA,0.1379
39.3,-121.3,58,0,1.983,CA,0.0
40.8,-112.8,58,16,2.293,UT,0.2759
42.3,-120.8,58,0,2.0,OR,0.0
43.2,-73.6,58,6,2.19,NY,0.1034
43.5,-112.0,58,13,2.276,ID,0.2241
43.5,-96.8,58,3,2.069,SD,0.0517
43.6,-95.1,58,0,2.0,MN,0.0
44.3,-94.3,58,7,2.224,MN,0.1207
45.8,-118.5,58,1,2.017,OR,0.0172
45.9,-123.5,58,1,2.0,OR,0.0172
47.0,-123.3,58,2,2.052,WA,0.0345
25.1,-80.5,57,6,2.193,FL,0.1053
33.1,-81.0,57,0,1.947,SC,0.0
38.4,-112.6,57,4,2.07,UT,0.0702
39.9,-74.1,57,18,2.421,NJ,0.3158
41.8,-107.3,57,4,2.14,WY,0.0702
41.8,-89.5,57,37,2.737,IL,0.6491
44.2,-93.4,57,2,2.07,MN,0.0351
44.5,-94.2,57,0,2.0,MN,0.0
44.6,-123.8,57,0,2.0,OR,0.0
27.2,-81.1,57,15,2.509,FL,0.2632
34.5,-85.3,57,23,2.772,GA,0.4035
37.7,-77.9,57,19,2.649,VA,0.3333
40.5,-104.7,57,31,3.035,CO,0.5439
41.1,-104.8,57,14,2.456,WY,0.2456
41.6,-112.0,57,1,2.018,UT,0.0175
41.7,-91.2,57,24,2.614,IA,0.4211
42.2,-72.9,57,27,2.491,MA,0.4737
47.4,-94.6,57,0,2.0,MN,0.0
32.5,-88.4,57,24,2.456,AL,0.4211
33.2,-81.2,57,0,2.0,SC,0.0
36.2,-95.7,57,10,2.263,OK,0.1754
38.4,-109.4,57,2,2.053,UT,0.0351
40.6,-78.0,57,0,2.0,PA,0.0
41.3,-105.5,57,14,2.439,WY,0.2456
27.3,-81.8,57,4,2.14,FL,0.0702
30.3,-82.4,57,10,2.175,FL,0.1754
34.2,-91.9,57,11,2.386,AR,0.193
37.1,-122.2,57,0,1.982,CA,0.0
38.6,-104.6,57,34,2.614,CO,0.5965
38.7,-122.5,57,0,1.965,CA,0.0
38.8,-112.5,57,2,2.053,UT,0.0351
39.4,-118.8,57,4,2.07,NV,0.0702
39.8,-111.5,57,3,2.105,UT,0.0526
39.8,-79.1,57,4,2.123,PA,0.0702
40.0,-120.1,57,6,2.211,CA,0.1053
41.7,-92.2,57,21,2.368,IA,0.3684
41.9,-70.9,57,25,2.421,MA,0.4386
47.1,-104.7,57,0,2.0,MT,0.0
47.1,-92.5,57,0,2.0,MN,0.0
29.5,-82.6,57,3,2.105,FL,0.0526
32.5,-83.8,57,26,2.772,GA,0.4561
33.5,-113.0,57,6,2.158,AZ,0.1053
34.4,-80.7,57,2,2.053,SC,0.0351
37.7,-78.9,57,6,2.175,VA,0.1053
39.7,-83.9,57,12,2.351,OH,0.2105
42.0,-77.2,57,2,2.07,PA,0.0351
42.4,-121.9,57,1,2.018,OR,0.0175
43.5,-88.4,57,24,2.509,WI,0.4211
43.8,-94.4,57,1,2.018,MN,0.0175
32.2,-90.1,57,7,2.193,MS,0.1228
35.2,-113.9,57,15,2.281,AZ,0.2632
35.2,-85.9,57,15,2.351,TN,0.2632
35.3,-78.5,57,10,2.316,NC,0.1754
35.6,-77.5,57,15,2.509,NC,0.2632
36.6,-82.6,57,6,2.211,TN,0.1053
36.7,-120.3,57,0,1.965,CA,0.0
37.1,-77.2,57,18,2.632,VA,0.3158
39.3,-85.0,57,16,2.421,IN,0.2807
39.7,-77.0,57,14,2.456,MD,0.2456
40.3,-79.2,57,7,2.228,PA,0.1228
40.6,-73.5,57,8,2.193,NY,0.1404
40.7,-77.3,57,6,2.175,PA,0.1053
41.7,-111.9,57,8,2.228,UT,0.1404
41.9,-122.5,57,0,2.0,CA,0.0
41.9,-85.7,57,49,3.667,MI,0.8596
42.2,-88.4,57,18,2.526,IL,0.3158
42.8,-72.0,57,3,2.053,NH,0.0526
44.0,-91.8,57,0,2.0,MN,0.0
44.1,-94.3,57,1,2.018,MN,0.0175
45.3,-120.8,57,6,2.211,OR,0.1053
30.5,-89.7,56,26,2.571,LA,0.4643
35.0,-78.1,56,14,2.393,NC,0.25
35.3,-97.2,56,0,1.982,OK,0.0
36.7,-121.3,56,0,2.0,CA,0.0
36.7,-76.1,56,0,1.982,VA,0.0
39.5,-77.0,56,13,2.446,MD,0.2321
40.3,-80.3,56,23,2.821,PA,0.4107
42.6,-70.7,56,2,2.018,MA,0.0357
45.2,-93.8,56,0,2.0,MN,0.0
46.8,-92.5,56,2,2.036,MN,0.0357
29.5,-95.7,56,28,2.554,TX,0.5
30.2,-93.4,56,35,2.679,LA,0.625
33.3,-111.3,56,5,2.179,AZ,0.0893
35.0,-120.3,56,2,2.036,CA,0.0357
40.0,-79.9,56,12,2.357,PA,0.2143
40.2,-121.5,56,0,2.0,CA,0.0
41.7,-74.7,56,7,2.214,NY,0.125
42.4,-84.4,56,11,2.375,MI,0.1964
43.2,-85.4,56,6,2.196,MI,0.1071
43.8,-117.7,56,2,2.054,OR,0.0357
47.8,-122.7,56,6,2.143,WA,0.1071
30.7,-97.9,56,10,2.286,TX,0.1786
31.0,-83.4,56,30,2.643,GA,0.5357
34.1,-80.6,56,2,2.054,SC,0.0357
35.6,-119.1,56,7,2.214,CA,0.125
35.9,-80.3,56,14,2.464,NC,0.25
37.1,-120.0,56,0,2.0,CA,0.0
38.3,-78.1,56,23,2.786,VA,0.4107
39.3,-105.9,56,24,2.696,CO,0.4286
41.1,-95.8,56,36,2.679,IA,0.6429
41.1,-80.4,56,24,2.768,PA,0.4286
42.6,-84.7,56,36,3.089,MI,0.6429
44.5,-94.7,56,0,2.0,MN,0.0
48.2,-122.7,56,18,2.554,WA,0.3214
30.4,-89.3,56,20,2.429,MS,0.3571
33.3,-87.8,56,4,2.089,AL,0.0714
34.0,-80.1,56,1,2.036,SC,0.0179
38.2,-85.9,56,7,2.196,KY,0.125
38.2,-76.4,56,25,2.804,MD,0.4464
38.8,-76.2,56,14,2.464,MD,0.25
39.6,-86.7,56,14,2.411,IN,0.25
40.4,-74.7,56,17,2.607,NJ,0.3036
41.3,-124.0,56,0,1.982,CA,0.0
41.6,-109.2,56,8,2.286,WY,0.1429
41.7,-88.3,56,20,2.536,IL,0.3571
43.2,-123.2,56,4,2.125,OR,0.0714
45.7,-109.7,56,1,2.036,MT,0.0179
46.2,-94.4,56,1,2.018,MN,0.0179
47.1,-111.9,56,1,2.018,MT,0.0179
26.7,-80.0,56,7,2.232,FL,0.125
27.1,-80.4,56,4,2.107,FL,0.0714
32.3,-88.8,56,27,2.589,MS,0.4821
37.5,-76.5,56,16,2.571,VA,0.2857
38.4,-90.6,56,6,2.161,MO,0.1071
38.7,-109.7,56,10,2.232,UT,0.1786
39.8,-78.7,56,3,2.107,PA,0.0536
40.8,-123.1,56,0,2.0,CA,0.0
41.4,-89.2,56,43,2.768,IL,0.7679
41.7,-80.2,56,27,2.929,PA,0.4821
42.8,-117.7,56,4,2.143,OR,0.0714
44.3,-92.4,56,0,1.982,MN,0.0
44.5,-92.3,56,0,1.982,MN,0.0
45.4,-107.4,56,0,2.0,MT,0.0
27.6,-82.1,56,3,2.054,FL,0.0536
30.1,-82.8,56,1,2.036,FL,0.0179
32.7,-83.6,56,19,2.607,GA,0.3393
34.0,-85.2,56,29,3.0,GA,0.5179
34.4,-84.4,56,19,2.571,GA,0.3393
35.1,-114.1,56,19,2.411,AZ,0.3393
35.3,-113.0,56,5,2.143,AZ,0.0893
35.7,-109.5,56,12,2.375,AZ,0.2143
35.9,-88.0,56,17,2.411,TN,0.3036
37.2,-112.8,56,53,3.893,UT,0.9464
37.2,-79.2,56,5,2.143,VA,0.0893
38.0,-76.6,56,19,2.625,VA,0.3393
38.1,-76.9,56,19,2.679,VA,0.3393
38.7,-76.6,56,22,2.714,MD,0.3929
39.0,-93.9,56,12,2.25,MO,0.2143
39.1,-86.6,56,24,2.643,IN,0.4286
39.7,-83.5,56,29,2.643,OH,0.5179
39.8,-104.7,56,1,2.0,CO,0.0179
40.4,-86.1,56,3,2.089,IN,0.0536
40.7,-111.3,56,3,2.107,UT,0.0536
41.4,-73.0,56,13,2.464,CT,0.2321
41.8,-72.1,56,23,2.821,CT,0.4107
42.6,-83.3,56,11,2.286,MI,0.1964
43.6,-71.5,56,0,1.964,NH,0.0
45.6,-117.8,56,3,2.071,OR,0.0536
45.8,-107.9,56,1,2.036,MT,0.0179
46.0,-93.7,56,1,2.0,MN,0.0179
47.0,-94.5,56,0,2.0,MN,0.0
47.2,-93.4,56,3,2.089,MN,0.0536
48.5,-122.6,56,15,2.411,WA,0.2679
29.8,-82.6,55,1,2.036,FL,0.0182
33.5,-94.1,55,33,2.782,TX,0.6
33.7,-79.3,55,0,1.982,SC,0.0
34.2,-82.6,55,2,2.055,SC,0.0364
35.3,-97.3,55,1,2.0,OK,0.0182
37.6,-120.4,55,1,2.0,CA,0.0182
37.7,-97.5,55,4,2.109,KS,0.0727
38.2,-88.9,55,48,2.964,IL,0.8727
38.6,-119.5,55,3,2.091,CA,0.0545
39.1,-78.4,55,27,2.982,VA,0.4909
39.2,-109.1,55,11,2.2,UT,0.2
40.0,-121.6,55,3,2.109,CA,0.0545
40.9,-121.9,55,1,2.018,CA,0.0182
41.1,-105.2,55,7,2.182,WY,0.1273
41.9,-70.8,55,0,1.945,MA,0.0
42.3,-84.9,55,24,2.6,MI,0.4364
42.9,-71.2,55,0,1.945,NH,0.0
43.1,-118.2,55,2,2.055,OR,0.0364
44.9,-89.7,55,1,2.018,WI,0.0182
46.0,-94.9,55,1,2.018,MN,0.0182
46.4,-95.3,55,0,1.982,MN,0.0
28.7,-81.0,55,5,2.164,FL,0.0909
38.7,-112.2,55,17,2.327,UT,0.3091
40.4,-111.7,55,1,1.982,UT,0.0182
40.8,-115.9,55,25,2.455,NV,0.4545
42.6,-114.4,55,4,2.109,ID,0.0727
42.9,-88.1,55,9,2.218,WI,0.1636
44.1,-92.4,55,0,2.0,MN,0.0
45.6,-120.8,55,0,2.0,OR,0.0
46.5,-112.7,55,1,2.018,MT,0.0182
48.5,-114.4,55,0,2.0,MT,0.0
29.5,-81.3,55,5,2.182,FL,0.0909
30.9,-87.3,55,0,1.982,FL,0.0
31.1,-97.3,55,40,2.745,TX,0.7273
32.3,-96.9,55,34,2.764,TX,0.6182
35.5,-93.5,55,6,2.2,AR,0.1091
37.8,-113.0,55,6,2.127,UT,0.1091
38.4,-78.3,55,16,2.564,VA,0.2909
41.0,-74.9,55,12,2.436,NJ,0.2182
44.3,-90.8,55,31,2.727,WI,0.5636
33.9,-93.3,55,9,2.309,AR,0.1636
35.4,-118.0,55,0,2.0,CA,0.0
36.2,-120.7,55,0,1.982,CA,0.0
37.9,-76.6,55,15,2.527,VA,0.2727
38.5,-81.3,55,0,2.0,WV,0.0
40.3,-82.8,55,3,2.073,OH,0.0545
43.7,-123.5,55,1,2.018,OR,0.0182
30.1,-96.1,55,6,2.182,TX,0.1091
30.6,-97.8,55,3,1.982,TX,0.0545
30.6,-88.3,55,0,1.982,AL,0.0
37.5,-106.8,55,20,2.564,CO,0.3636
38.4,-119.5,55,1,2.036,CA,0.0182
38.5,-105.3,55,26,2.764,CO,0.4727
38.8,-89.7,55,37,2.782,IL,0.6727
39.3,-84.9,55,13,2.309,IN,0.2364
41.4,-96.1,55,8,2.255,NE,0.1455
41.5,-90.6,55,19,2.436,IL,0.3455
41.6,-91.0,55,19,2.455,IA,0.3455
42.9,-74.5,55,3,2.055,NY,0.0545
43.5,-112.1,55,6,2.218,ID,0.1091
45.5,-117.5,55,0,2.0,OR,0.0
27.3,-82.3,55,0,2.0,FL,0.0
34.2,-117.0,55,2,2.036,CA,0.0364
35.0,-114.1,55,15,2.364,AZ,0.2727
35.0,-86.8,55,2,2.036,AL,0.0364
35.2,-113.3,55,5,2.127,AZ,0.0909
36.2,-80.4,55,19,2.6,NC,0.3455
36.4,-121.7,55,0,1.982,CA,0.0
37.1,-78.1,55,12,2.4,VA,0.2182
38.2,-78.1,55,22,2.8,VA,0.4
39.7,-111.7,55,4,2.091,UT,0.0727
40.3,-83.4,55,11,2.309,OH,0.2
40.3,-77.9,55,0,2.0,PA,0.0
42.7,-117.9,55,0,2.0,OR,0.0
43.5,-119.8,55,1,2.018,OR,0.0182
44.6,-119.1,55,0,2.0,OR,0.0
44.6,-92.6,55,2,2.073,MN,0.0364
44.7,-93.5,55,3,2.109,MN,0.0545
30.1,-84.3,54,0,1.981,FL,0.0
33.4,-81.6,54,1,2.0,SC,0.0185
34.6,-120.3,54,0,2.0,CA,0.0
34.9,-112.5,54,7,2.204,AZ,0.1296
35.2,-112.2,54,18,2.444,AZ,0.3333
35.4,-120.5,54,0,1.981,CA,0.0
39.7,-79.6,54,3,2.093,WV,0.0556
39.8,-82.6,54,22,2.778,OH,0.4074
40.5,-74.8,54,10,2.278,NJ,0.1852
45.0,-123.5,54,0,2.0,OR,0.0
26.2,-80.8,54,9,2.222,FL,0.1667
26.8,-81.8,54,9,2.259,FL,0.1667
29.0,-81.7,54,1,2.037,FL,0.0185
34.6,-120.5,54,0,2.0,CA,0.0
35.8,-117.9,54,1,2.019,CA,0.0185
37.1,-76.7,54,16,2.593,VA,0.2963
39.4,-122.0,54,0,2.0,CA,0.0
39.7,-104.2,54,19,2.611,CO,0.3519
40.1,-86.6,54,20,2.685,IN,0.3704
42.8,-78.9,54,12,2.426,NY,0.2222
43.9,-93.1,54,0,2.0,MN,0.0
48.3,-114.4,54,0,2.0,MT,0.0
32.7,-88.1,54,29,2.574,AL,0.537
33.1,-85.0,54,15,2.5,GA,0.2778
37.5,-75.8,54,8,2.296,VA,0.1481
37.8,-80.2,54,17,2.389,WV,0.3148
39.1,-108.5,54,16,2.481,CO,0.2963
39.5,-75.8,54,19,2.667,DE,0.3519
42.9,-86.0,54,0,1.926,MI,0.0
44.2,-93.7,54,0,2.0,MN,0.0
46.0,-117.3,54,4,2.13,OR,0.0741
29.7,-82.1,54,0,2.0,FL,0.0
34.6,-113.5,54,4,2.111,AZ,0.0741
35.0,-107.3,54,12,2.315,NM,0.2222
35.9,-79.8,54,14,2.481,NC,0.2593
40.0,-104.7,54,23,2.5,CO,0.4259
40.4,-120.5,54,0,2.0,CA,0.0
44.5,-95.0,54,2,2.074,MN,0.037
47.2,-121.1,54,21,2.5,WA,0.3889
35.8,-83.0,54,5,2.093,NC,0.0926
36.0,-115.2,54,11,2.241,NV,0.2037
37.6,-120.3,54,0,2.0,CA,0.0
37.7,-79.8,54,19,2.667,VA,0.3519
41.0,-85.1,54,18,2.593,IN,0.3333
47.5,-92.3,54,0,2.0,MN,0.0
24.6,-81.6,54,7,2.259,FL,0.1296
28.7,-82.3,54,1,1.963,FL,0.0185
30.9,-83.4,54,19,2.463,GA,0.3519
32.3,-97.2,54,18,2.389,TX,0.3333
32.6,-86.3,54,0,2.0,AL,0.0
34.5,-83.6,54,13,2.463,GA,0.2407
34.9,-117.3,54,0,2.0,CA,0.0
35.0,-110.1,54,17,2.333,AZ,0.3148
35.3,-82.6,54,16,2.593,NC,0.2963
35.4,-93.4,54,3,2.111,AR,0.0556
36.2,-120.3,54,1,2.019,CA,0.0185
37.2,-121.6,54,0,2.0,CA,0.0
37.8,-92.4,54,15,2.389,MO,0.2778
37.9,-76.8,54,16,2.593,VA,0.2963
38.8,-78.5,54,12,2.426,VA,0.2222
40.1,-82.5,54,5,2.167,OH,0.0926
40.4,-89.5,54,29,2.574,IL,0.537
40.6,-123.2,54,0,2.0,CA,0.0
40.9,-123.9,54,0,2.0,CA,0.0
41.6,-81.3,54,16,2.352,OH,0.2963
41.7,-86.1,54,19,2.63,IN,0.3519
42.0,-76.5,54,8,2.278,NY,0.1481
42.7,-83.0,54,9,2.296,MI,0.1667
42.9,-88.0,54,7,2.222,WI,0.1296
44.0,-121.1,54,4,2.13,OR,0.0741
45.6,-122.3,54,4,2.111,WA,0.0741
27.4,-82.2,53,3,2.113,FL,0.0566
30.5,-85.7,53,0,1.962,FL,0.0
34.2,-86.6,53,0,1.981,AL,0.0
36.5,-119.1,53,1,2.0,CA,0.0189
36.9,-120.6,53,0,2.0,CA,0.0
37.8,-76.8,53,17,2.642,VA,0.3208
38.7,-85.7,53,21,2.792,IN,0.3962
39.1,-108.6,53,29,2.755,CO,0.5472
39.5,-110.7,53,11,2.415,UT,0.2075
40.2,-110.9,53,0,1.981,UT,0.0
41.3,-76.5,53,9,2.34,PA,0.1698
41.8,-74.7,53,7,2.264,NY,0.1321
42.2,-121.5,53,1,2.019,OR,0.0189
44.8,-95.6,53,0,2.0,MN,0.0
45.8,-108.0,53,4,2.151,MT,0.0755
47.5,-92.8,53,1,2.019,MN,0.0189
30.6,-85.6,53,1,2.038,FL,0.0189
34.0,-79.5,53,0,2.0,SC,0.0
35.7,-78.2,53,13,2.453,NC,0.2453
36.1,-120.3,53,0,2.0,CA,0.0
39.3,-111.6,53,6,2.151,UT,0.1132
40.0,-86.3,53,22,2.792,IN,0.4151
40.1,-86.9,53,20,2.604,IN,0.3774
42.0,-78.7,53,0,1.962,PA,0.0
42.0,-72.8,53,26,2.906,CT,0.4906
44.3,-123.3,53,11,2.396,OR,0.2075
44.6,-118.4,53,0,2.0,OR,0.0
44.6,-94.4,53,0,2.0,MN,0.0
44.8,-121.2,53,0,2.0,OR,0.0
45.3,-120.7,53,3,2.094,OR,0.0566
30.9,-87.2,53,0,2.0,FL,0.0
33.7,-116.3,53,16,2.302,CA,0.3019
34.3,-85.9,53,15,2.34,AL,0.283
35.1,-109.7,53,9,2.283,AZ,0.1698
35.2,-93.0,53,10,2.321,AR,0.1887
38.5,-120.6,53,0,2.0,CA,0.0
38.6,-104.9,53,23,2.66,CO,0.434
38.8,-120.7,53,0,2.0,CA,0.0
39.2,-112.1,53,3,2.094,UT,0.0566
40.7,-95.8,53,17,2.415,IA,0.3208
41.6,-84.6,53,33,2.811,OH,0.6226
41.9,-70.6,53,5,2.075,MA,0.0943
43.5,-119.1,53,3,2.075,OR,0.0566
44.8,-92.8,53,6,2.17,MN,0.1132
45.7,-93.7,53,4,2.113,MN,0.0755
33.5,-79.5,53,0,1.981,SC,0.0
35.7,-86.9,53,22,2.642,TN,0.4151
39.0,-123.7,53,0,2.0,CA,0.0
39.7,-75.9,53,15,2.566,PA,0.283
40.1,-86.1,53,9,2.302,IN,0.1698
40.4,-77.2,53,13,2.491,PA,0.2453
40.5,-89.5,53,13,2.245,IL,0.2453
42.3,-96.3,53,22,2.604,IA,0.4151
44.0,-94.4,53,2,2.075,MN,0.0377
48.4,-122.4,53,4,2.094,WA,0.0755
34.8,-119.1,53,0,1.981,CA,0.0
35.7,-82.1,53,6,2.151,NC,0.1132
37.3,-78.3,53,10,2.377,VA,0.1887
37.7,-89.0,53,45,2.887,IL,0.8491
37.9,-78.6,53,20,2.755,VA,0.3774
39.7,-82.6,53,8,2.283,OH,0.1509
39.8,-121.7,53,0,2.0,CA,0.0
40.2,-79.4,53,13,2.453,PA,0.2453
40.2,-78.3,53,2,2.075,PA,0.0377
40.6,-122.6,53,8,2.302,CA,0.1509
41.0,-82.0,53,19,2.491,OH,0.3585
41.2,-83.6,53,30,2.66,OH,0.566
42.3,-92.0,53,18,2.472,IA,0.3396
44.4,-123.3,53,9,2.302,OR,0.1698
45.5,-93.4,53,2,2.038,MN,0.0377
46.5,-95.4,53,0,2.0,MN,0.0
48.0,-122.8,53,13,2.396,WA,0.2453
31.7,-86.0,53,1,2.038,AL,0.0189
33.8,-98.5,53,0,2.0,TX,0.0
35.5,-86.9,53,21,2.623,TN,0.3962
36.0,-77.8,53,10,2.321,NC,0.1887
37.0,-78.1,53,9,2.321,VA,0.1698
37.3,-78.4,53,10,2.377,VA,0.1887
38.2,-77.3,53,21,2.66,VA,0.3962
38.5,-76.6,53,11,2.415,MD,0.2075
41.0,-77.0,53,4,2.151,PA,0.0755
42.7,-88.5,53,36,3.113,WI,0.6792
43.0,-124.0,53,1,2.019,OR,0.0189
43.0,-120.8,53,2,2.075,OR,0.0377
43.2,-85.7,53,13,2.396,MI,0.2453
43.6,-120.0,53,3,2.075,OR,0.0566
44.2,-123.3,53,0,2.0,OR,0.0
29.7,-98.4,52,0,1.981,TX,0.0
32.2,-86.3,52,5,2.173,AL,0.0962
34.9,-89.8,52,12,2.385,MS,0.2308
34.9,-81.6,52,0,2.0,SC,0.0
37.4,-121.2,52,7,2.154,CA,0.1346
39.7,-79.2,52,18,2.577,MD,0.3462
40.7,-77.5,52,5,2.173,PA,0.0962
41.5,-95.4,52,13,2.404,IA,0.25
43.2,-122.1,52,1,2.038,OR,0.0192
47.6,-121.9,52,16,2.519,WA,0.3077
30.9,-83.3,52,21,2.712,GA,0.4038
33.6,-111.6,52,9,2.25,AZ,0.1731
34.1,-81.7,52,1,2.0,SC,0.0192
34.6,-114.6,52,2,2.038,CA,0.0385
42.9,-85.2,52,22,2.615,MI,0.4231
32.3,-106.7,52,31,2.692,NM,0.5962
35.4,-117.6,52,4,2.154,CA,0.0769
36.2,-87.0,52,0,1.981,TN,0.0
37.6,-120.0,52,0,2.0,CA,0.0
38.1,-88.9,52,41,2.827,IL,0.7885
38.8,-112.0,52,1,2.019,UT,0.0192
39.0,-105.1,52,14,2.346,CO,0.2692
39.2,-89.7,52,44,2.942,IL,0.8462
44.0,-94.7,52,2,2.058,MN,0.0385
44.1,-91.8,52,2,2.038,MN,0.0385
29.7,-82.2,52,3,2.115,FL,0.0577
33.7,-80.7,52,0,2.0,SC,0.0
36.8,-77.7,52,8,2.231,VA,0.1538
36.9,-76.8,52,14,2.538,VA,0.2692
41.7,-72.4,52,20,2.769,CT,0.3846
43.5,-96.7,52,1,2.019,SD,0.0192
44.6,-93.6,52,2,2.038,MN,0.0385
45.8,-110.0,52,2,2.038,MT,0.0385
29.2,-81.6,52,5,2.192,FL,0.0962
31.3,-87.1,52,18,2.365,AL,0.3462
31.5,-85.7,52,3,2.077,AL,0.0577
32.8,-81.0,52,0,1.962,SC,0.0
34.7,-77.5,52,15,2.538,NC,0.2885
35.5,-93.8,52,9,2.346,AR,0.1731
35.9,-90.8,52,8,2.308,AR,0.1538
39.0,-123.3,52,0,2.0,CA,0.0
39.5,-87.2,52,4,2.154,IN,0.0769
40.0,-74.1,52,17,2.558,NJ,0.3269
40.1,-104.8,52,22,2.769,CO,0.4231
40.2,-86.6,52,13,2.404,IN,0.25
41.5,-96.1,52,16,2.558,NE,0.3077
41.6,-108.5,52,8,2.269,WY,0.1538
43.6,-119.1,52,2,2.038,OR,0.0385
44.1,-93.8,52,0,2.0,MN,0.0
45.6,-95.9,52,2,2.0,MN,0.0385
34.2,-78.1,52,12,2.423,NC,0.2308
35.1,-91.9,52,6,2.231,AR,0.1154
36.6,-80.2,52,18,2.692,VA,0.3462
38.4,-90.5,52,1,2.019,MO,0.0192
38.7,-89.9,52,26,2.538,IL,0.5
38.9,-75.5,52,23,2.885,DE,0.4423
39.1,-80.4,52,10,2.327,WV,0.1923
39.4,-87.2,52,8,2.269,IN,0.1538
40.1,-80.9,52,26,2.769,OH,0.5
40.6,-123.1,52,0,2.0,CA,0.0
40.9,-75.4,52,22,2.846,PA,0.4231
41.5,-71.4,52,9,2.231,RI,0.1731
42.2,-120.5,52,1,2.019,OR,0.0192
42.6,-71.7,52,0,1.981,MA,0.0
43.7,-118.5,52,1,2.038,OR,0.0192
43.7,-93.9,52,9,2.173,MN,0.1731
44.1,-93.9,52,2,2.038,MN,0.0385
44.3,-69.8,52,7,2.154,ME,0.1346
45.1,-93.7,52,1,2.0,MN,0.0192
24.7,-81.2,51,15,2.569,FL,0.2941
31.3,-89.5,51,4,2.137,MS,0.0784
32.0,-90.4,51,23,2.569,MS,0.451
32.7,-111.6,51,28,2.588,AZ,0.549
33.4,-110.7,51,21,2.745,AZ,0.4118
34.6,-81.1,51,1,1.961,SC,0.0196
35.6,-97.8,51,0,2.0,OK,0.0
37.6,-97.4,51,9,2.235,KS,0.1765
37.8,-77.1,51,17,2.627,VA,0.3333
39.1,-112.2,51,9,2.176,UT,0.1765
39.4,-105.6,51,14,2.529,CO,0.2745
44.1,-123.8,51,1,2.02,OR,0.0196
44.9,-121.4,51,8,2.255,OR,0.1569
47.3,-115.3,51,0,2.0,MT,0.0
34.0,-78.3,51,11,2.314,NC,0.2157
35.8,-90.0,51,5,2.176,AR,0.098
40.9,-96.6,51,12,2.333,NE,0.2353
43.8,-120.5,51,1,2.039,OR,0.0196
29.0,-81.5,51,0,2.0,FL,0.0
32.5,-86.6,51,7,2.216,AL,0.1373
34.3,-92.2,51,8,2.314,AR,0.1569
35.6,-77.2,51,15,2.588,NC,0.2941
36.2,-119.0,51,0,2.0,CA,0.0
38.8,-80.7,51,4,2.118,WV,0.0784
41.3,-79.4,51,6,2.235,PA,0.1176
42.0,-93.8,51,8,2.294,IA,0.1569
42.8,-84.6,51,33,3.098,MI,0.6471
44.2,-95.1,51,0,2.0,MN,0.0
44.5,-69.7,51,15,2.294,ME,0.2941
44.9,-119.0,51,3,2.098,OR,0.0588
45.0,-95.0,51,0,2.0,MN,0.0
45.8,-108.7,51,0,2.0,MT,0.0
46.8,-94.7,51,1,2.02,MN,0.0196
47.4,-92.6,51,0,1.98,MN,0.0
47.5,-92.7,51,0,2.0,MN,0.0
35.5,-93.9,51,8,2.294,AR,0.1569
38.9,-120.1,51,4,2.118,CA,0.0784
39.1,-109.2,51,9,2.196,UT,0.1765
40.5,-121.7,51,0,2.0,CA,0.0
41.9,-80.5,51,11,2.392,PA,0.2157
42.0,-77.4,51,4,2.157,PA,0.0784
42.9,-84.9,51,25,2.647,MI,0.4902
43.0,-75.5,51,0,2.0,NY,0.0
43.9,-120.9,51,7,2.216,OR,0.1373
44.9,-94.1,51,4,2.098,MN,0.0784
27.7,-82.8,51,0,1.98,FL,0.0
33.1,-83.2,51,27,3.02,GA,0.5294
33.7,-93.6,51,4,2.137,AR,0.0784
34.7,-84.6,51,23,2.863,GA,0.451
35.2,-113.8,51,14,2.333,AZ,0.2745
35.3,-117.6,51,0,2.0,CA,0.0
35.4,-81.9,51,10,2.392,NC,0.1961
36.4,-120.3,51,3,2.059,CA,0.0588
41.1,-79.5,51,10,2.392,PA,0.1961
41.3,-122.2,51,0,2.0,CA,0.0
43.2,-73.9,51,1,1.98,NY,0.0196
44.8,-121.4,51,5,2.196,OR,0.098
45.7,-93.8,51,0,2.0,MN,0.0
46.6,-114.0,51,0,2.0,MT,0.0
26.8,-81.2,51,6,2.235,FL,0.1176
30.8,-86.1,51,0,2.0,FL,0.0
32.3,-109.2,51,25,2.588,AZ,0.4902
33.4,-86.6,51,1,2.02,AL,0.0196
33.7,-80.1,51,1,2.039,SC,0.0196
35.4,-80.5,51,13,2.49,NC,0.2549
35.8,-81.1,51,27,2.569,NC,0.5294
36.5,-120.4,51,6,2.137,CA,0.1176
37.4,-77.1,51,21,2.745,VA,0.4118
38.2,-76.5,51,17,2.647,MD,0.3333
38.9,-75.6,51,19,2.725,DE,0.3725
39.2,-77.8,51,7,2.255,VA,0.1373
40.5,-76.9,51,12,2.451,PA,0.2353
40.8,-123.3,51,0,2.0,CA,0.0
41.2,-96.3,51,4,2.118,NE,0.0784
41.4,-75.0,51,4,2.137,PA,0.0784
41.8,-72.2,51,17,2.627,CT,0.3333
43.5,-119.3,51,2,2.059,OR,0.0392
29.1,-95.5,50,24,2.86,TX,0.48
29.6,-82.7,50,0,2.0,FL,0.0
35.0,-84.1,50,7,2.26,NC,0.14
35.3,-90.2,50,6,2.14,AR,0.12
36.4,-79.6,50,9,2.3,NC,0.18
39.3,-89.6,50,43,2.92,IL,0.86
39.9,-78.6,50,1,2.04,PA,0.02
40.6,-89.3,50,35,2.72,IL,0.7
40.8,-121.9,50,1,2.04,CA,0.02
41.6,-93.4,50,7,2.22,IA,0.14
45.6,-117.3,50,1,2.02,OR,0.02
47.0,-93.6,50,1,2.02,MN,0.02
30.2,-83.0,50,2,2.08,FL,0.04
30.7,-85.7,50,3,2.12,FL,0.06
32.4,-90.5,50,12,2.3,MS,0.24
33.1,-111.9,50,6,2.16,AZ,0.12
35.3,-78.7,50,12,2.48,NC,0.24
37.4,-118.5,50,0,2.0,CA,0.0
39.5,-76.5,50,10,2.36,MD,0.2
43.1,-122.0,50,0,2.0,OR,0.0
44.5,-95.9,50,0,2.0,MN,0.0
44.8,-94.3,50,1,2.0,MN,0.02
45.7,-95.4,50,0,1.98,MN,0.0
31.7,-83.7,50,29,2.7,GA,0.58
35.1,-85.4,50,3,2.1,TN,0.06
37.4,-120.1,50,1,2.04,CA,0.02
39.3,-78.2,50,15,2.6,VA,0.3
40.1,-84.6,50,3,2.1,OH,0.06
40.5,-86.2,50,0,2.0,IN,0.0
40.8,-82.5,50,5,2.18,OH,0.1
41.0,-81.8,50,18,2.36,OH,0.36
44.0,-123.5,50,4,2.16,OR,0.08
44.4,-94.2,50,2,2.08,MN,0.04
46.6,-123.0,50,17,2.34,WA,0.34
24.7,-81.5,50,14,2.56,FL,0.28
32.7,-81.0,50,0,1.98,SC,0.0
33.8,-81.7,50,0,2.0,SC,0.0
35.0,-107.2,50,13,2.36,NM,0.26
35.3,-112.8,50,3,2.08,AZ,0.06
35.3,-79.0,50,8,2.32,NC,0.16
37.9,-87.2,50,21,2.84,IN,0.42
38.0,-77.9,50,17,2.68,VA,0.34
40.0,-82.4,50,2,2.02,OH,0.04
40.5,-83.1,50,11,2.38,OH,0.22
42.5,-117.9,50,0,2.0,OR,0.0
42.9,-112.4,50,5,2.12,ID,0.1
43.7,-91.5,50,1,2.04,MN,0.02
45.0,-95.3,50,0,2.0,MN,0.0
45.5,-121.6,50,6,2.24,OR,0.12
47.0,-122.6,50,8,2.26,WA,0.16
32.9,-81.0,50,0,1.98,SC,0.0
35.7,-114.5,50,1,2.04,AZ,0.02
36.7,-78.6,50,8,2.32,VA,0.16
37.1,-81.7,50,12,2.48,VA,0.24
38.0,-76.5,50,16,2.64,VA,0.32
38.1,-75.6,50,12,2.42,MD,0.24
40.8,-96.8,50,13,2.4,NE,0.26
40.9,-82.3,50,28,2.68,OH,0.56
41.0,-93.8,50,22,2.52,IA,0.44
41.6,-108.3,50,2,2.08,WY,0.04
41.7,-106.4,50,6,2.18,WY,0.12
42.1,-87.7,50,5,2.1,IL,0.1
43.5,-76.2,50,20,2.8,NY,0.4
44.9,-92.3,50,21,2.44,WI,0.42
45.9,-108.2,50,0,2.0,MT,0.0
47.8,-122.4,50,1,2.02,WA,0.02
48.1,-114.5,50,0,2.0,MT,0.0
24.7,-81.0,50,5,2.16,FL,0.1
28.1,-81.7,50,1,2.0,FL,0.02
31.3,-87.2,50,19,2.42,AL,0.38
32.9,-84.7,50,20,2.8,GA,0.4
33.1,-111.7,50,11,2.34,AZ,0.22
33.9,-87.5,50,17,2.4,AL,0.34
34.3,-93.0,50,3,2.12,AR,0.06
34.3,-89.5,50,6,2.22,MS,0.12
34.4,-112.2,50,4,2.16,AZ,0.08
34.9,-110.3,50,13,2.36,AZ,0.26
35.0,-110.6,50,20,2.54,AZ,0.4
35.2,-92.4,50,7,2.28,AR,0.14
35.2,-82.7,50,9,2.32,NC,0.18
35.3,-79.6,50,7,2.26,NC,0.14
35.6,-114.4,50,2,2.06,AZ,0.04
35.7,-77.9,50,10,2.34,NC,0.2
35.9,-119.5,50,0,2.0,CA,0.0
36.2,-79.9,50,8,2.28,NC,0.16
37.3,-79.5,50,13,2.5,VA,0.26
37.6,-79.4,50,29,3.14,VA,0.58
38.2,-87.5,50,28,2.86,IN,0.56
39.4,-75.1,50,20,2.78,NJ,0.4
40.2,-104.1,50,24,2.68,CO,0.48
41.0,-123.7,50,0,2.0,CA,0.0
41.9,-72.8,50,20,2.78,CT,0.4
41.9,-72.2,50,17,2.66,CT,0.34
42.1,-76.3,50,9,2.36,NY,0.18
42.8,-73.3,50,5,2.2,NY,0.1
42.9,-82.6,50,19,2.38,MI,0.38
46.4,-94.9,50,0,2.0,MN,0.0
47.3,-93.3,50,0,1.98,MN,0.0
47.5,-92.4,50,0,2.0,MN,0.0
33.6,-82.1,49,1,2.02,SC,0.0204
33.7,-114.1,49,13,2.306,AZ,0.2653
34.4,-120.0,49,0,2.0,CA,0.0
35.7,-79.7,49,14,2.571,NC,0.2857
36.0,-86.4,49,19,2.653,TN,0.3878
37.2,-120.2,49,0,1.939,CA,0.0
38.2,-91.2,49,31,2.837,MO,0.6327
44.5,-123.4,49,5,2.163,OR,0.102
33.5,-81.4,49,0,2.0,SC,0.0
38.5,-120.0,49,2,2.041,CA,0.0408
38.9,-85.8,49,5,2.143,IN,0.102
39.6,-111.4,49,0,1.98,UT,0.0
39.9,-86.6,49,24,2.633,IN,0.4898
39.9,-85.5,49,8,2.327,IN,0.1633
40.0,-79.8,49,13,2.49,PA,0.2653
43.5,-84.0,49,28,2.959,MI,0.5714
45.1,-119.0,49,8,2.245,OR,0.1633
31.5,-106.1,49,11,2.306,TX,0.2245
35.4,-109.0,49,6,2.184,NM,0.1224
36.2,-81.2,49,14,2.571,NC,0.2857
36.6,-78.6,49,9,2.367,VA,0.1837
36.9,-119.3,49,0,2.0,CA,0.0
39.0,-95.7,49,18,2.469,KS,0.3673
39.2,-111.7,49,1,2.02,UT,0.0204
39.9,-120.7,49,1,2.041,CA,0.0204
40.0,-112.0,49,0,1.98,UT,0.0
42.3,-73.5,49,2,2.082,NY,0.0408
43.9,-121.0,49,1,2.02,OR,0.0204
43.9,-94.2,49,0,1.98,MN,0.0
46.6,-113.1,49,0,2.0,MT,0.0
33.9,-87.2,49,0,1.959,AL,0.0
35.4,-117.7,49,0,2.0,CA,0.0
40.6,-76.2,49,13,2.531,PA,0.2653
40.9,-123.5,49,0,2.0,CA,0.0
41.2,-81.7,49,7,2.163,OH,0.1429
41.8,-74.2,49,15,2.551,NY,0.3061
42.6,-114.5,49,10,2.388,ID,0.2041
43.0,-82.8,49,14,2.449,MI,0.2857
45.8,-109.9,49,0,2.0,MT,0.0
46.9,-122.6,49,9,2.265,WA,0.1837
33.9,-86.3,49,19,2.449,AL,0.3878
34.9,-104.7,49,12,2.245,NM,0.2449
35.1,-120.1,49,2,2.082,CA,0.0408
35.5,-78.8,49,12,2.49,NC,0.2449
35.9,-77.5,49,8,2.306,NC,0.1633
37.9,-76.7,49,14,2.551,VA,0.2857
39.5,-122.1,49,0,2.0,CA,0.0
39.9,-85.9,49,15,2.51,IN,0.3061
40.0,-86.1,49,13,2.49,IN,0.2653
40.4,-76.2,49,13,2.531,PA,0.2653
42.2,-91.9,49,17,2.408,IA,0.3469
43.2,-73.8,49,9,2.367,NY,0.1837
43.4,-76.5,49,24,2.959,NY,0.4898
43.6,-96.0,49,0,2.0,MN,0.0
46.3,-112.3,49,1,2.041,MT,0.0204
30.7,-85.3,49,2,2.041,FL,0.0408
30.9,-88.2,49,8,2.306,AL,0.1633
33.1,-79.9,49,0,1.939,SC,0.0
34.2,-81.8,49,0,1.98,SC,0.0
34.9,-119.5,49,3,2.102,CA,0.0612
35.0,-94.1,49,17,2.694,AR,0.3469
35.2,-120.5,49,0,2.0,CA,0.0
35.5,-119.0,49,0,2.0,CA,0.0
37.2,-79.1,49,21,2.816,VA,0.4286
37.8,-80.4,49,7,2.245,WV,0.1429
39.1,-95.0,49,4,2.122,KS,0.0816
40.2,-104.8,49,23,2.837,CO,0.4694
40.7,-78.3,49,2,2.082,PA,0.0408
40.8,-124.0,49,0,2.0,CA,0.0
40.8,-72.6,49,1,2.0,NY,0.0204
40.9,-78.8,49,0,2.0,PA,0.0
41.1,-76.7,49,2,2.082,PA,0.0408
41.2,-80.5,49,13,2.469,PA,0.2653
41.3,-82.1,49,5,2.163,OH,0.102
41.5,-74.3,49,12,2.449,NY,0.2449
41.7,-73.7,49,0,2.0,NY,0.0
42.0,-72.4,49,29,3.061,CT,0.5918
42.4,-117.9,49,4,2.143,OR,0.0816
42.7,-114.5,49,7,2.245,ID,0.1429
44.7,-94.0,49,0,2.0,MN,0.0
45.4,-121.1,49,0,2.0,OR,0.0
47.8,-122.9,49,10,2.265,WA,0.2041
47.9,-122.9,49,19,2.612,WA,0.3878
48.4,-114.4,49,0,2.0,MT,0.0
30.6,-85.0,48,12,2.292,FL,0.25
33.1,-82.0,48,13,2.521,GA,0.2708
35.2,-81.7,48,2,2.042,SC,0.0417
35.6,-120.5,48,0,2.0,CA,0.0
38.5,-76.7,48,13,2.521,MD,0.2708
39.0,-109.3,48,12,2.333,UT,0.25
39.6,-89.6,48,45,3.021,IL,0.9375
40.9,-104.9,48,18,2.5,CO,0.375
40.9,-78.9,48,8,2.333,PA,0.1667
41.6,-122.3,48,0,2.0,CA,0.0
41.8,-86.3,48,22,2.875,MI,0.4583
44.4,-93.9,48,1,2.021,MN,0.0208
46.8,-122.3,48,21,2.833,WA,0.4375
27.2,-82.1,48,6,2.188,FL,0.125
28.3,-80.6,48,1,2.021,FL,0.0208
30.5,-88.9,48,14,2.313,MS,0.2917
30.5,-82.9,48,14,2.313,FL,0.2917
31.8,-83.7,48,18,2.438,GA,0.375
34.3,-84.9,48,15,2.5,GA,0.3125
35.8,-82.7,48,7,2.292,NC,0.1458
40.4,-123.0,48,0,2.0,CA,0.0
41.4,-96.0,48,2,2.063,NE,0.0417
42.4,-85.0,48,22,2.708,MI,0.4583
43.3,-122.6,48,2,2.063,OR,0.0417
43.9,-117.4,48,1,2.021,OR,0.0208
45.2,-122.3,48,12,2.458,OR,0.25
47.6,-117.2,48,3,2.125,WA,0.0625
33.0,-81.0,48,1,2.0,SC,0.0208
33.3,-87.2,48,2,2.083,AL,0.0417
34.1,-112.9,48,12,2.5,AZ,0.25
35.8,-81.8,48,14,2.583,NC,0.2917
35.8,-78.2,48,6,2.229,NC,0.125
36.0,-84.2,48,6,2.25,TN,0.125
37.5,-118.6,48,0,2.0,CA,0.0
37.6,-120.1,48,0,2.0,CA,0.0
37.7,-76.7,48,10,2.375,VA,0.2083
39.0,-118.8,48,0,2.0,NV,0.0
41.0,-80.5,48,8,2.313,PA,0.1667
43.0,-73.4,48,11,2.438,NY,0.2292
45.1,-94.7,48,0,2.0,MN,0.0
45.1,-94.4,48,0,2.0,MN,0.0
28.5,-80.7,48,0,1.979,FL,0.0
32.4,-82.3,48,31,2.792,GA,0.6458
32.6,-110.9,48,5,2.188,AZ,0.1042
35.1,-82.8,48,10,2.417,NC,0.2083
35.6,-77.3,48,8,2.333,NC,0.1667
35.7,-77.8,48,11,2.396,NC,0.2292
35.9,-80.4,48,10,2.417,NC,0.2083
39.8,-122.1,48,0,2.0,CA,0.0
40.1,-88.0,48,45,2.958,IL,0.9375
40.2,-78.1,48,4,2.167,PA,0.0833
41.1,-80.3,48,7,2.292,PA,0.1458
42.5,-90.7,48,6,2.208,IA,0.125
42.7,-71.7,48,4,2.083,MA,0.0833
43.3,-73.5,48,4,2.167,NY,0.0833
44.4,-95.1,48,2,2.063,MN,0.0417
46.1,-94.9,48,0,2.0,MN,0.0
47.6,-116.5,48,5,2.188,ID,0.1042
33.7,-114.6,48,0,2.0,CA,0.0
33.7,-80.0,48,0,2.0,SC,0.0
34.2,-82.5,48,0,2.0,SC,0.0
34.3,-113.1,48,4,2.167,AZ,0.0833
34.4,-81.3,48,0,1.958,SC,0.0
36.0,-83.4,48,15,2.375,TN,0.3125
36.9,-82.3,48,11,2.458,VA,0.2292
37.5,-78.2,48,14,2.583,VA,0.2917
38.1,-77.1,48,6,2.188,VA,0.125
39.7,-89.7,48,47,3.021,IL,0.9792
40.1,-104.6,48,21,2.729,CO,0.4375
40.6,-116.9,48,13,2.313,NV,0.2708
40.7,-116.1,48,13,2.271,NV,0.2708
41.3,-110.7,48,5,2.167,WY,0.1042
45.3,-119.0,48,1,2.021,OR,0.0208
45.5,-94.0,48,0,1.979,MN,0.0
48.1,-122.0,48,7,2.25,WA,0.1458
29.2,-81.3,48,4,2.167,FL,0.0833
31.0,-83.6,48,20,2.833,GA,0.4167
32.3,-89.9,48,15,2.438,MS,0.3125
32.8,-114.6,48,0,2.0,CA,0.0
33.6,-79.7,48,2,2.063,SC,0.0417
34.4,-80.8,48,0,2.0,SC,0.0
34.7,-117.4,48,0,2.0,CA,0.0
34.8,-79.5,48,5,2.188,NC,0.1042
35.7,-80.6,48,12,2.5,NC,0.25
36.1,-119.9,48,4,2.125,CA,0.0833
36.7,-77.3,48,14,2.438,VA,0.2917
36.9,-120.7,48,0,1.979,CA,0.0
37.0,-76.7,48,15,2.604,VA,0.3125
37.1,-94.4,48,14,2.417,MO,0.2917
38.2,-87.6,48,17,2.667,IN,0.3542
38.9,-121.9,48,9,2.146,CA,0.1875
39.5,-84.4,48,4,2.146,OH,0.0833
39.6,-77.1,48,17,2.708,MD,0.3542
40.4,-104.7,48,13,2.333,CO,0.2708
40.5,-121.8,48,0,2.0,CA,0.0
41.2,-75.5,48,15,2.479,PA,0.3125
41.3,-79.1,48,4,2.167,PA,0.0833
41.8,-122.5,48,0,2.0,CA,0.0
42.0,-72.5,48,18,2.75,CT,0.375
42.2,-121.9,48,0,2.0,OR,0.0
44.4,-122.3,48,2,2.083,OR,0.0417
44.6,-93.7,48,1,2.021,MN,0.0208
45.0,-120.7,48,2,2.063,OR,0.0417
45.4,-94.2,48,0,1.979,MN,0.0
45.9,-94.4,48,0,2.0,MN,0.0
46.3,-94.1,48,1,2.021,MN,0.0208
47.2,-97.0,48,0,2.0,ND,0.0
27.7,-81.0,47,6,2.255,FL,0.1277
30.0,-94.2,47,17,2.511,TX,0.3617
33.0,-97.1,47,5,2.106,TX,0.1064
36.2,-78.6,47,8,2.34,NC,0.1702
37.2,-77.7,47,11,2.447,VA,0.234
38.9,-91.6,47,3,2.064,MO,0.0638
39.2,-86.6,47,19,2.723,IN,0.4043
40.7,-105.2,47,30,3.191,CO,0.6383
40.8,-112.2,47,5,2.106,UT,0.1064
41.6,-109.3,47,7,2.298,WY,0.1489
44.2,-94.2,47,3,2.128,MN,0.0638
44.5,-95.4,47,1,2.021,MN,0.0213
45.4,-121.6,47,0,2.0,OR,0.0
48.1,-122.8,47,5,2.149,WA,0.1064
32.3,-93.8,47,0,2.0,LA,0.0
33.9,-87.1,47,6,2.234,AL,0.1277
37.4,-75.9,47,10,2.383,VA,0.2128
41.7,-86.6,47,26,3.085,IN,0.5532
42.9,-84.1,47,19,2.553,MI,0.4043
43.7,-92.0,47,0,2.0,MN,0.0
45.9,-112.2,47,1,2.043,MT,0.0213
25.0,-80.6,47,11,2.447,FL,0.234
32.2,-96.9,47,25,2.681,TX,0.5319
33.1,-96.1,47,25,2.574,TX,0.5319
34.6,-118.5,47,0,2.0,CA,0.0
35.3,-77.6,47,12,2.489,NC,0.2553
35.4,-96.9,47,13,2.362,OK,0.2766
35.4,-89.4,47,18,2.447,TN,0.383
35.5,-93.7,47,5,2.149,AR,0.1064
35.5,-90.4,47,8,2.319,AR,0.1702
36.0,-96.1,47,13,2.298,OK,0.2766
39.8,-74.7,47,22,2.894,NJ,0.4681
40.4,-112.0,47,0,1.979,UT,0.0
40.4,-77.3,47,4,2.149,PA,0.0851
42.6,-117.9,47,1,2.043,OR,0.0213
44.1,-93.1,47,1,2.021,MN,0.0213
47.1,-93.6,47,3,2.128,MN,0.0638
47.2,-121.0,47,20,2.574,WA,0.4255
28.9,-81.4,47,0,2.0,FL,0.0
30.4,-85.1,47,0,2.0,FL,0.0
33.9,-79.3,47,0,1.979,SC,0.0
34.3,-81.2,47,0,2.0,SC,0.0
34.5,-84.5,47,19,2.723,GA,0.4043
38.2,-85.4,47,23,2.511,KY,0.4894
39.0,-93.3,47,13,2.34,MO,0.2766
39.7,-76.5,47,6,2.234,PA,0.1277
39.9,-120.0,47,2,2.085,CA,0.0426
40.2,-85.3,47,7,2.298,IN,0.1489
40.8,-123.5,47,1,2.021,CA,0.0213
42.1,-71.7,47,2,2.064,MA,0.0426
45.3,-94.1,47,0,2.0,MN,0.0
47.3,-93.5,47,1,2.021,MN,0.0213
48.3,-122.6,47,15,2.489,WA,0.3191
27.1,-82.0,47,1,2.043,FL,0.0213
28.8,-81.1,47,0,2.0,FL,0.0
32.5,-94.0,47,3,2.106,LA,0.0638
33.0,-111.6,47,14,2.574,AZ,0.2979
33.6,-79.3,47,0,1.915,SC,0.0
35.2,-78.0,47,20,2.851,NC,0.4255
35.8,-121.3,47,7,2.234,CA,0.1489
35.9,-79.7,47,9,2.362,NC,0.1915
37.9,-78.4,47,18,2.766,VA,0.383
39.2,-88.5,47,40,2.936,IL,0.8511
40.9,-80.6,47,10,2.319,OH,0.2128
41.1,-76.6,47,2,2.085,PA,0.0426
42.9,-75.2,47,10,2.426,NY,0.2128
43.0,-115.2,47,2,2.085,ID,0.0426
46.3,-112.2,47,3,2.085,MT,0.0638
47.7,-114.2,47,0,2.0,MT,0.0
47.8,-122.5,47,6,2.17,WA,0.1277
26.2,-98.3,47,5,2.064,TX,0.1064
32.0,-83.8,47,25,2.66,GA,0.5319
32.4,-110.7,47,1,2.021,AZ,0.0213
32.9,-85.0,47,24,2.702,GA,0.5106
33.2,-80.7,47,0,2.0,SC,0.0
33.4,-83.9,47,16,2.681,GA,0.3404
33.7,-79.2,47,0,1.979,SC,0.0
34.2,-113.1,47,12,2.511,AZ,0.2553
34.3,-84.5,47,25,2.702,GA,0.5319
34.4,-84.1,47,17,2.638,GA,0.3617
34.4,-83.8,47,23,2.915,GA,0.4894
34.4,-83.6,47,11,2.426,GA,0.234
36.6,-120.0,47,0,1.957,CA,0.0
37.9,-75.6,47,10,2.426,VA,0.2128
38.0,-78.1,47,14,2.553,VA,0.2979
38.1,-90.5,47,1,2.021,MO,0.0213
40.4,-123.1,47,0,2.0,CA,0.0
41.0,-117.7,47,7,2.17,NV,0.1489
41.2,-77.5,47,6,2.255,PA,0.1277
41.5,-106.0,47,5,2.17,WY,0.1064
41.9,-77.5,47,0,2.0,PA,0.0
42.0,-124.3,47,0,2.0,OR,0.0
42.0,-72.0,47,25,3.064,MA,0.5319
42.3,-73.4,47,26,2.702,NY,0.5532
43.1,-117.1,47,0,2.0,OR,0.0
43.2,-78.8,47,15,2.638,NY,0.3191
43.7,-118.6,47,3,2.128,OR,0.0638
43.8,-84.0,47,14,2.511,MI,0.2979
44.5,-92.8,47,0,2.0,MN,0.0
44.6,-91.2,47,18,2.489,WI,0.383
46.3,-93.9,47,0,2.0,MN,0.0
47.5,-95.1,47,0,2.0,MN,0.0
32.4,-109.7,46,15,2.391,AZ,0.3261
33.2,-111.7,46,11,2.435,AZ,0.2391
35.3,-77.9,46,15,2.609,NC,0.3261
35.5,-108.8,46,18,2.478,NM,0.3913
37.2,-76.0,46,10,2.413,VA,0.2174
39.5,-108.0,46,17,2.478,CO,0.3696
40.4,-106.8,46,12,2.457,CO,0.2609
41.1,-75.9,46,2,2.087,PA,0.0435
43.0,-71.2,46,7,2.196,NH,0.1522
45.2,-92.8,46,1,2.022,MN,0.0217
46.2,-114.1,46,0,2.0,MT,0.0
46.4,-92.7,46,6,2.13,MN,0.1304
34.4,-79.2,46,0,1.978,SC,0.0
35.0,-89.6,46,5,2.065,TN,0.1087
35.1,-78.9,46,7,2.283,NC,0.1522
37.4,-88.9,46,43,2.957,IL,0.9348
38.3,-120.8,46,1,2.043,CA,0.0217
38.8,-77.9,46,14,2.609,VA,0.3043
43.1,-122.3,46,0,2.0,OR,0.0
43.9,-84.0,46,25,2.804,MI,0.5435
44.7,-123.8,46,1,2.022,OR,0.0217
46.5,-122.6,46,4,2.174,WA,0.087
33.2,-81.1,46,2,2.065,SC,0.0435
34.6,-81.6,46,0,1.978,SC,0.0
35.2,-91.7,46,7,2.304,AR,0.1522
37.2,-88.7,46,38,2.891,IL,0.8261
37.3,-79.0,46,12,2.478,VA,0.2609
40.1,-89.4,46,44,2.957,IL,0.9565
40.8,-95.8,46,31,2.696,IA,0.6739
41.7,-73.2,46,27,3.109,CT,0.587
41.9,-73.7,46,2,2.087,NY,0.0435
42.4,-121.2,46,0,2.0,OR,0.0
42.7,-74.2,46,6,2.217,NY,0.1304
45.1,-94.2,46,0,2.0,MN,0.0
30.2,-83.6,46,1,2.022,FL,0.0217
36.0,-78.0,46,5,2.174,NC,0.1087
36.2,-83.1,46,7,2.217,TN,0.1522
38.4,-91.0,46,26,2.87,MO,0.5652
39.9,-77.8,46,14,2.609,PA,0.3043
40.1,-121.0,46,0,2.0,CA,0.0
40.9,-77.2,46,5,2.174,PA,0.1087
41.7,-86.2,46,13,2.435,IN,0.2826
43.9,-70.1,46,11,2.239,ME,0.2391
46.5,-93.9,46,1,2.022,MN,0.0217
47.9,-117.4,46,7,2.196,WA,0.1522
27.3,-80.3,46,3,2.087,FL,0.0652
30.3,-87.5,46,0,2.0,FL,0.0
32.0,-81.0,46,6,2.217,GA,0.1304
34.8,-80.2,46,2,2.087,NC,0.0435
35.7,-111.5,46,12,2.522,AZ,0.2609
36.8,-118.2,46,1,2.043,CA,0.0217
37.0,-77.5,46,19,2.804,VA,0.413
39.3,-111.0,46,3,2.109,UT,0.0652
39.4,-110.9,46,1,2.043,UT,0.0217
40.2,-104.4,46,21,2.739,CO,0.4565
40.6,-116.3,46,15,2.348,NV,0.3261
41.4,-72.7,46,21,2.913,CT,0.4565
41.8,-107.4,46,5,2.196,WY,0.1087
43.8,-117.6,46,0,2.0,OR,0.0
45.6,-93.8,46,2,2.065,MN,0.0435
45.9,-93.7,46,1,2.022,MN,0.0217
29.3,-81.5,46,0,2.0,FL,0.0
29.7,-81.5,46,1,2.043,FL,0.0217
30.2,-92.8,46,27,2.63,LA,0.587
30.9,-85.2,46,1,2.043,FL,0.0217
33.2,-80.9,46,0,2.0,SC,0.0
33.4,-79.7,46,0,1.978,SC,0.0
34.2,-83.7,46,17,2.696,GA,0.3696
34.3,-78.2,46,15,2.5,NC,0.3261
34.7,-113.6,46,9,2.37,AZ,0.1957
35.0,-118.3,46,3,2.13,CA,0.0652
35.7,-117.7,46,0,2.0,CA,0.0
35.9,-83.7,46,10,2.348,TN,0.2174
35.9,-79.1,46,17,2.696,NC,0.3696
35.9,-77.7,46,6,2.239,NC,0.1304
36.4,-86.5,46,21,2.913,TN,0.4565
36.7,-78.3,46,10,2.413,VA,0.2174
36.9,-120.4,46,1,2.043,CA,0.0217
38.0,-76.9,46,8,2.326,VA,0.1739
39.3,-80.2,46,9,2.261,WV,0.1957
39.5,-119.5,46,0,2.0,NV,0.0
40.5,-123.7,46,0,2.0,CA,0.0
40.7,-122.7,46,2,2.043,CA,0.0435
40.9,-82.1,46,19,2.565,OH,0.413
41.3,-75.6,46,8,2.304,PA,0.1739
41.4,-82.9,46,9,2.239,OH,0.1957
41.5,-75.5,46,7,2.283,PA,0.1522
41.6,-84.3,46,29,2.696,OH,0.6304
42.4,-92.2,46,27,2.761,IA,0.587
42.7,-87.8,46,10,2.391,WI,0.2174
43.2,-112.4,46,4,2.174,ID,0.087
43.3,-83.8,46,23,2.587,MI,0.5
44.9,-94.7,46,0,2.0,MN,0.0
45.0,-94.4,46,0,2.0,MN,0.0
45.2,-117.9,46,0,2.0,OR,0.0
45.6,-108.8,46,1,2.043,MT,0.0217
45.7,-112.7,46,4,2.109,MT,0.087
46.4,-93.7,46,2,2.043,MN,0.0435
27.3,-82.2,45,4,2.156,FL,0.0889
34.1,-113.0,45,12,2.511,AZ,0.2667
34.3,-109.8,45,5,2.2,AZ,0.1111
34.4,-81.4,45,0,1.978,SC,0.0
35.5,-108.5,45,14,2.422,NM,0.3111
35.6,-81.8,45,16,2.711,NC,0.3556
36.2,-81.0,45,13,2.578,NC,0.2889
37.3,-113.7,45,1,2.044,UT,0.0222
38.1,-120.4,45,0,2.0,CA,0.0
39.1,-75.6,45,19,2.711,DE,0.4222
41.1,-85.3,45,15,2.578,IN,0.3333
42.8,-117.9,45,2,2.067,OR,0.0444
42.9,-84.0,45,17,2.689,MI,0.3778
43.6,-76.1,45,19,2.689,NY,0.4222
44.5,-118.7,45,0,2.0,OR,0.0
44.6,-88.0,45,10,2.222,WI,0.2222
44.7,-118.0,45,2,2.089,OR,0.0444
45.6,-117.5,45,2,2.089,OR,0.0444
46.6,-120.5,45,18,2.556,WA,0.4
31.4,-87.0,45,17,2.4,AL,0.3778
32.9,-97.2,45,0,1.978,TX,0.0
34.3,-80.4,45,0,2.0,SC,0.0
35.3,-89.5,45,27,2.622,TN,0.6
36.2,-121.7,45,1,2.044,CA,0.0222
36.8,-78.4,45,11,2.444,VA,0.2444
37.7,-85.8,45,16,2.444,KY,0.3556
39.9,-83.6,45,15,2.333,OH,0.3333
40.4,-77.6,45,3,2.133,PA,0.0667
40.8,-105.2,45,28,3.067,CO,0.6222
41.4,-95.6,45,19,2.489,IA,0.4222
43.7,-116.6,45,2,2.089,ID,0.0444
44.7,-121.0,45,1,2.044,OR,0.0222
45.1,-94.1,45,0,2.0,MN,0.0
45.6,-109.3,45,0,2.0,MT,0.0
30.1,-82.2,45,3,2.133,FL,0.0667
33.4,-110.8,45,7,2.222,AZ,0.1556
35.1,-106.8,45,11,2.289,NM,0.2444
36.7,-77.4,45,7,2.267,VA,0.1556
38.0,-103.7,45,26,2.889,CO,0.5778
38.6,-81.6,45,5,2.2,WV,0.1111
39.4,-119.9,45,3,2.089,NV,0.0667
41.1,-78.1,45,2,2.089,PA,0.0444
42.8,-117.8,45,0,2.0,OR,0.0
42.8,-78.7,45,3,2.111,NY,0.0667
43.7,-94.0,45,0,2.0,MN,0.0
45.6,-93.1,45,0,2.0,MN,0.0
45.9,-112.0,45,1,2.022,MT,0.0222
29.5,-95.9,45,23,2.844,TX,0.5111
30.0,-82.8,45,2,2.089,FL,0.0444
32.7,-117.3,45,0,2.0,CA,0.0
37.1,-84.1,45,19,2.667,KY,0.4222
37.4,-104.6,45,23,2.644,CO,0.5111
37.5,-76.7,45,9,2.356,VA,0.2
38.0,-78.0,45,15,2.667,VA,0.3333
38.1,-103.7,45,11,2.4,CO,0.2444
38.3,-88.9,45,34,2.822,IL,0.7556
38.5,-105.4,45,19,2.733,CO,0.4222
40.1,-77.7,45,15,2.533,PA,0.3333
41.1,-81.3,45,13,2.311,OH,0.2889
41.6,-91.1,45,11,2.289,IA,0.2444
45.4,-110.7,45,2,2.089,MT,0.0444
29.9,-81.7,45,0,1.978,FL,0.0
34.2,-114.3,45,2,2.089,CA,0.0444
35.7,-80.3,45,13,2.556,NC,0.2889
36.3,-94.1,45,13,2.556,AR,0.2889
39.2,-114.9,45,0,2.0,NV,0.0
39.2,-74.9,45,11,2.444,NJ,0.2444
39.4,-108.1,45,19,2.578,CO,0.4222
42.0,-77.3,45,3,2.133,PA,0.0667
42.4,-121.0,45,3,2.111,OR,0.0667
44.3,-92.6,45,0,2.0,MN,0.0
47.2,-93.6,45,0,1.978,MN,0.0
48.2,-122.4,45,12,2.378,WA,0.2667
26.0,-81.7,45,3,2.089,FL,0.0667
30.4,-86.1,45,1,2.022,FL,0.0222
30.7,-91.3,45,1,2.0,LA,0.0222
32.1,-86.4,45,8,2.2,AL,0.1778
33.1,-111.4,45,9,2.4,AZ,0.2
35.0,-78.3,45,9,2.378,NC,0.2
35.8,-120.8,45,0,2.0,CA,0.0
36.7,-77.1,45,20,2.867,VA,0.4444
38.4,-105.0,45,16,2.489,CO,0.3556
40.2,-110.2,45,0,1.978,UT,0.0
40.5,-77.2,45,17,2.756,PA,0.3778
42.0,-73.3,45,24,3.022,CT,0.5333
42.5,-71.9,45,7,2.2,MA,0.1556
42.6,-87.9,45,17,2.511,WI,0.3778
42.9,-106.3,45,14,2.556,WY,0.3111
43.4,-84.1,45,30,3.244,MI,0.6667
43.8,-70.3,45,2,2.067,ME,0.0444
44.4,-92.6,45,1,2.0,MN,0.0222
44.5,-92.7,45,0,2.0,MN,0.0
45.3,-121.2,45,0,2.0,OR,0.0
45.4,-119.6,45,3,2.111,OR,0.0667
45.5,-92.8,45,3,2.111,MN,0.0667
26.2,-98.1,44,12,2.318,TX,0.2727
30.9,-85.5,44,0,2.0,FL,0.0
32.7,-83.4,44,25,2.727,GA,0.5682
33.3,-79.5,44,0,1.977,SC,0.0
34.0,-82.3,44,1,2.045,SC,0.0227
34.4,-114.2,44,6,2.273,AZ,0.1364
34.8,-111.8,44,7,2.295,AZ,0.1591
37.7,-119.8,44,2,2.045,CA,0.0455
38.3,-89.0,44,38,3.114,IL,0.8636
38.9,-91.9,44,8,2.227,MO,0.1818
39.7,-78.4,44,14,2.477,MD,0.3182
41.1,-115.1,44,22,2.5,NV,0.5
43.2,-85.8,44,7,2.273,MI,0.1591
44.0,-94.2,44,1,2.023,MN,0.0227
44.8,-117.3,44,0,2.0,OR,0.0
45.3,-95.6,44,1,2.045,MN,0.0227
45.8,-95.5,44,1,2.023,MN,0.0227
47.4,-94.8,44,0,2.0,MN,0.0
32.2,-81.6,44,22,2.659,GA,0.5
32.4,-83.6,44,17,2.705,GA,0.3864
33.0,-87.6,44,3,2.114,AL,0.0682
35.8,-79.6,44,12,2.5,NC,0.2727
39.5,-111.6,44,0,2.0,UT,0.0
39.7,-80.1,44,13,2.409,WV,0.2955
40.2,-110.4,44,0,2.0,UT,0.0
40.4,-109.5,44,0,2.0,UT,0.0
41.4,-96.2,44,2,2.068,NE,0.0455
41.6,-77.3,44,8,2.364,PA,0.1818
41.8,-72.0,44,21,2.886,CT,0.4773
43.0,-115.3,44,5,2.205,ID,0.1136
45.6,-123.6,44,1,2.023,OR,0.0227
46.9,-96.0,44,0,2.0,MN,0.0
30.2,-92.5,44,22,2.682,LA,0.5
34.8,-83.3,44,0,2.0,SC,0.0
35.1,-90.4,44,5,2.136,AR,0.1136
36.3,-80.2,44,8,2.318,NC,0.1818
38.0,-120.7,44,0,2.0,CA,0.0
39.3,-85.9,44,3,2.136,IN,0.0682
39.3,-81.6,44,1,2.045,WV,0.0227
39.8,-84.7,44,6,2.25,OH,0.1364
40.7,-87.1,44,6,2.25,IN,0.1364
41.3,-75.9,44,5,2.205,PA,0.1136
42.5,-79.4,44,8,2.364,NY,0.1818
44.0,-95.8,44,0,2.0,MN,0.0
46.4,-95.2,44,0,2.0,MN,0.0
27.6,-82.2,44,6,2.227,FL,0.1364
29.5,-82.4,44,3,2.091,FL,0.0682
35.9,-82.1,44,5,2.205,NC,0.1136
36.0,-87.4,44,13,2.386,TN,0.2955
36.1,-86.5,44,4,2.159,TN,0.0909
37.2,-79.7,44,18,2.818,VA,0.4091
37.3,-93.0,44,11,2.25,MO,0.25
37.3,-79.7,44,19,2.864,VA,0.4318
38.0,-91.8,44,16,2.409,MO,0.3636
39.0,-120.0,44,6,2.25,NV,0.1364
39.7,-119.7,44,3,2.114,NV,0.0682
40.2,-77.7,44,10,2.409,PA,0.2273
40.4,-120.4,44,2,2.091,CA,0.0455
40.8,-78.7,44,2,2.091,PA,0.0455
40.8,-78.3,44,3,2.114,PA,0.0682
40.9,-80.2,44,5,2.227,PA,0.1136
40.9,-73.5,44,14,2.636,NY,0.3182
44.2,-116.9,44,7,2.318,OR,0.1591
44.5,-121.1,44,0,2.0,OR,0.0
48.4,-114.1,44,0,2.0,MT,0.0
48.6,-93.4,44,0,1.977,MN,0.0
31.0,-97.5,44,28,2.682,TX,0.6364
32.4,-87.1,44,7,2.25,AL,0.1591
33.1,-81.3,44,2,2.068,SC,0.0455
36.3,-82.8,44,19,2.659,TN,0.4318
37.1,-93.1,44,5,2.091,MO,0.1136
37.4,-119.9,44,0,2.0,CA,0.0
38.1,-76.8,44,15,2.568,VA,0.3409
39.0,-123.2,44,0,2.0,CA,0.0
39.0,-95.0,44,2,2.045,KS,0.0455
39.0,-93.6,44,16,2.386,MO,0.3636
39.2,-111.0,44,0,1.955,UT,0.0
40.9,-115.6,44,12,2.295,NV,0.2727
41.5,-90.3,44,38,2.909,IL,0.8636
41.8,-78.6,44,3,2.136,PA,0.0682
41.9,-73.0,44,20,2.909,CT,0.4545
42.2,-119.9,44,1,2.045,OR,0.0227
42.3,-84.8,44,19,2.523,MI,0.4318
42.7,-82.9,44,15,2.591,MI,0.3409
44.3,-94.6,44,0,2.0,MN,0.0
44.7,-94.7,44,2,2.091,MN,0.0455
47.0,-109.7,44,0,2.0,MT,0.0
47.2,-113.5,44,0,2.0,MT,0.0
47.4,-122.9,44,6,2.205,WA,0.1364
32.4,-98.8,44,16,2.409,TX,0.3636
33.7,-82.2,44,1,2.023,SC,0.0227
34.5,-86.7,44,3,2.091,AL,0.0682
35.0,-110.5,44,19,2.545,AZ,0.4318
35.1,-109.5,44,12,2.295,AZ,0.2727
35.3,-90.3,44,1,2.045,AR,0.0227
35.3,-82.7,44,11,2.5,NC,0.25
35.5,-80.5,44,7,2.318,NC,0.1591
35.5,-77.6,44,14,2.636,NC,0.3182
35.7,-91.6,44,11,2.5,AR,0.25
36.2,-79.0,44,14,2.636,NC,0.3182
36.3,-79.6,44,13,2.591,NC,0.2955
38.3,-119.5,44,0,2.0,CA,0.0
38.5,-122.2,44,0,2.0,CA,0.0
38.5,-105.9,44,16,2.568,CO,0.3636
39.1,-120.1,44,0,2.0,CA,0.0
39.5,-107.9,44,10,2.386,CO,0.2273
39.9,-80.1,44,25,2.909,PA,0.5682
40.0,-120.9,44,0,2.0,CA,0.0
40.5,-123.9,44,0,2.0,CA,0.0
40.5,-121.6,44,1,2.045,CA,0.0227
41.6,-75.6,44,7,2.295,PA,0.1591
41.6,-70.9,44,0,1.977,MA,0.0
41.7,-70.0,44,0,1.977,MA,0.0
41.9,-104.9,44,9,2.386,WY,0.2045
42.0,-91.8,44,8,2.318,IA,0.1818
42.5,-84.7,44,30,3.364,MI,0.6818
42.6,-72.0,44,2,2.045,MA,0.0455
43.0,-73.7,44,1,2.045,NY,0.0227
43.0,-73.6,44,2,2.091,NY,0.0455
43.3,-85.5,44,8,2.295,MI,0.1818
43.9,-90.3,44,24,2.795,WI,0.5455
44.8,-91.6,44,12,2.318,WI,0.2727
45.2,-94.5,44,0,2.0,MN,0.0
45.5,-95.0,44,0,2.0,MN,0.0
46.3,-95.3,44,0,1.977,MN,0.0
46.9,-92.5,44,0,2.0,MN,0.0
47.3,-93.8,44,0,2.0,MN,0.0
47.3,-93.2,44,1,2.023,MN,0.0227
47.4,-94.7,44,0,2.0,MN,0.0
49.0,-122.5,44,11,2.364,WA,0.25
32.3,-86.0,43,3,2.093,AL,0.0698
33.7,-111.5,43,7,2.302,AZ,0.1628
34.5,-113.3,43,5,2.209,AZ,0.1163
36.5,-120.1,43,0,1.953,CA,0.0
39.4,-74.7,43,6,2.279,NJ,0.1395
39.8,-78.3,43,1,2.023,PA,0.0233
40.7,-75.8,43,11,2.512,PA,0.2558
41.7,-92.5,43,5,2.186,IA,0.1163
41.9,-79.6,43,19,2.86,PA,0.4419
43.2,-78.9,43,17,2.721,NY,0.3953
44.3,-121.0,43,3,2.14,OR,0.0698
45.0,-120.2,43,4,2.186,OR,0.093
46.1,-94.5,43,1,2.023,MN,0.0233
30.9,-87.5,43,0,1.977,FL,0.0
31.0,-87.5,43,0,2.0,AL,0.0
32.2,-107.4,43,25,2.698,NM,0.5814
33.2,-79.4,43,0,1.953,SC,0.0
34.8,-80.0,43,0,2.0,SC,0.0
35.4,-78.8,43,11,2.465,NC,0.2558
36.1,-75.8,43,9,2.419,NC,0.2093
37.8,-87.1,43,16,2.744,IN,0.3721
38.1,-87.6,43,15,2.698,IN,0.3488
38.6,-81.1,43,2,2.047,WV,0.0465
38.8,-119.6,43,6,2.233,NV,0.1395
40.4,-105.5,43,17,2.628,CO,0.3953
40.4,-105.1,43,16,2.651,CO,0.3721
41.6,-122.2,43,0,2.0,CA,0.0
42.2,-120.0,43,0,2.0,OR,0.0
43.6,-92.9,43,2,2.093,MN,0.0465
46.7,-95.9,43,0,1.977,MN,0.0
47.1,-94.5,43,0,2.0,MN,0.0
47.9,-97.1,43,2,2.07,ND,0.0465
29.7,-83.4,43,0,2.0,FL,0.0
29.8,-82.7,43,0,1.977,FL,0.0
30.4,-89.9,43,30,2.744,LA,0.6977
30.6,-83.4,43,0,2.0,FL,0.0
32.7,-86.8,43,1,2.047,AL,0.0233
34.6,-78.6,43,10,2.442,NC,0.2326
35.3,-119.6,43,1,2.047,CA,0.0233
38.5,-82.0,43,3,2.14,WV,0.0698
40.3,-122.1,43,0,2.0,CA,0.0
42.4,-120.3,43,0,2.0,OR,0.0
42.6,-73.4,43,2,2.093,NY,0.0465
43.8,-118.3,43,0,2.0,OR,0.0
31.9,-82.6,43,15,2.698,GA,0.3488
32.9,-113.2,43,20,2.558,AZ,0.4651
34.2,-84.4,43,11,2.512,GA,0.2558
34.7,-114.4,43,11,2.302,AZ,0.2558
38.0,-103.6,43,15,2.628,CO,0.3488
39.7,-107.0,43,15,2.558,CO,0.3488
39.7,-77.5,43,10,2.465,MD,0.2326
40.7,-113.9,43,1,2.023,UT,0.0233
41.1,-80.2,43,13,2.605,PA,0.3023
42.0,-76.4,43,7,2.302,NY,0.1628
42.6,-88.7,43,29,3.186,WI,0.6744
44.3,-96.0,43,1,2.023,MN,0.0233
46.7,-92.6,43,1,2.023,MN,0.0233
30.7,-84.6,43,0,2.0,FL,0.0
33.0,-81.2,43,0,2.0,SC,0.0
34.5,-80.8,43,2,2.093,SC,0.0465
36.3,-86.4,43,15,2.651,TN,0.3488
38.6,-90.6,43,9,2.372,MO,0.2093
39.1,-105.9,43,20,2.674,CO,0.4651
39.6,-105.3,43,4,2.163,CO,0.093
40.8,-88.0,43,39,2.907,IL,0.907
40.9,-88.0,43,35,2.837,IL,0.814
41.3,-77.8,43,1,2.047,PA,0.0233
42.0,-112.7,43,6,2.14,UT,0.1395
26.8,-80.3,43,1,1.953,FL,0.0233
29.0,-95.4,43,17,2.674,TX,0.3953
30.2,-92.7,43,26,2.698,LA,0.6047
30.2,-82.9,43,3,2.07,FL,0.0698
30.9,-85.7,43,0,2.0,FL,0.0
31.7,-84.0,43,13,2.535,GA,0.3023
32.2,-95.3,43,0,2.0,TX,0.0
32.4,-90.8,43,5,2.163,MS,0.1163
32.4,-81.8,43,19,2.791,GA,0.4419
32.8,-80.2,43,1,2.023,SC,0.0233
33.5,-79.2,43,0,1.977,SC,0.0
33.9,-82.2,43,0,2.0,SC,0.0
34.0,-82.2,43,0,2.0,SC,0.0
34.8,-83.2,43,0,1.977,SC,0.0
35.8,-121.4,43,1,2.023,CA,0.0233
37.5,-115.2,43,7,2.326,NV,0.1628
38.0,-75.8,43,14,2.651,MD,0.3256
39.0,-86.7,43,17,2.628,IN,0.3953
40.3,-85.4,43,21,2.977,IN,0.4884
40.7,-120.7,43,0,2.0,CA,0.0
41.0,-77.4,43,2,2.07,PA,0.0465
41.7,-86.4,43,14,2.581,IN,0.3256
41.8,-123.0,43,0,2.0,CA,0.0
42.9,-85.1,43,23,2.721,MI,0.5349
42.9,-73.5,43,5,2.186,NY,0.1163
43.6,-73.3,43,12,2.535,NY,0.2791
43.7,-93.8,43,8,2.186,MN,0.186
43.9,-92.9,43,2,2.07,MN,0.0465
44.0,-91.4,43,1,1.977,MN,0.0233
44.1,-95.7,43,0,2.0,MN,0.0
45.5,-118.8,43,3,2.14,OR,0.0698
46.7,-113.1,43,0,2.0,MT,0.0
47.0,-123.4,43,5,2.14,WA,0.1163
30.4,-91.3,42,1,2.0,LA,0.0238
30.5,-85.1,42,0,2.0,FL,0.0
34.3,-86.5,42,1,2.024,AL,0.0238
34.5,-79.2,42,8,2.357,NC,0.1905
34.9,-119.7,42,0,2.0,CA,0.0
35.0,-80.4,42,6,2.19,NC,0.1429
35.1,-110.9,42,16,2.5,AZ,0.381
35.4,-108.2,42,11,2.286,NM,0.2619
35.6,-119.8,42,1,2.048,CA,0.0238
36.0,-95.8,42,0,1.905,OK,0.0
36.2,-119.9,42,0,2.0,CA,0.0
37.5,-120.3,42,0,2.0,CA,0.0
37.6,-113.1,42,2,2.048,UT,0.0476
40.2,-78.2,42,0,2.0,PA,0.0
40.5,-104.6,42,25,3.119,CO,0.5952
41.1,-79.3,42,4,2.167,PA,0.0952
41.8,-70.9,42,3,2.071,MA,0.0714
42.7,-87.9,42,9,2.381,WI,0.2143
43.3,-78.0,42,2,2.071,NY,0.0476
44.9,-122.8,42,7,2.333,OR,0.1667
29.5,-95.0,42,18,2.762,TX,0.4286
30.2,-82.2,42,2,2.048,FL,0.0476
31.4,-85.7,42,3,2.119,AL,0.0714
32.7,-85.5,42,2,2.048,AL,0.0476
33.8,-80.6,42,1,2.024,SC,0.0238
34.7,-117.5,42,5,2.143,CA,0.119
36.8,-77.4,42,8,2.31,VA,0.1905
38.0,-81.4,42,3,2.119,WV,0.0714
40.2,-89.4,42,35,2.881,IL,0.8333
41.2,-74.9,42,0,2.0,PA,0.0
43.3,-75.8,42,1,2.048,NY,0.0238
32.1,-110.1,42,29,2.81,AZ,0.6905
34.1,-114.4,42,0,2.0,AZ,0.0
34.6,-83.4,42,20,2.881,GA,0.4762
38.9,-110.9,42,18,2.5,UT,0.4286
38.9,-92.9,42,4,2.119,MO,0.0952
40.3,-89.2,42,35,2.881,IL,0.8333
41.0,-78.7,42,5,2.238,PA,0.119
41.3,-76.3,42,4,2.167,PA,0.0952
42.2,-96.2,42,13,2.357,IA,0.3095
43.9,-93.0,42,3,2.143,MN,0.0714
47.5,-115.9,42,9,2.357,ID,0.2143
33.8,-110.5,42,8,2.333,AZ,0.1905
35.3,-94.3,42,6,2.286,AR,0.1429
35.4,-119.7,42,0,2.0,CA,0.0
36.2,-85.5,42,1,2.048,TN,0.0238
36.7,-82.8,42,6,2.262,VA,0.1429
38.5,-118.6,42,2,2.095,NV,0.0476
38.6,-109.5,42,1,2.048,UT,0.0238
40.4,-74.9,42,6,2.262,NJ,0.1429
41.3,-77.6,42,4,2.19,PA,0.0952
41.5,-106.1,42,9,2.405,WY,0.2143
43.9,-117.5,42,0,2.0,OR,0.0
46.1,-94.4,42,0,2.0,MN,0.0
46.4,-94.6,42,1,2.024,MN,0.0238
29.6,-81.8,42,0,2.0,FL,0.0
32.6,-83.8,42,13,2.571,GA,0.3095
34.5,-87.0,42,1,2.0,AL,0.0238
35.7,-120.1,42,0,1.976,CA,0.0
36.4,-120.2,42,0,2.0,CA,0.0
36.7,-114.6,42,6,2.143,NV,0.1429
37.1,-113.1,42,0,2.0,UT,0.0
38.5,-75.9,42,8,2.333,MD,0.1905
39.1,-84.1,42,2,2.071,OH,0.0476
40.9,-79.4,42,10,2.452,PA,0.2381
41.1,-114.6,42,12,2.286,NV,0.2857
41.4,-87.6,42,10,2.262,IL,0.2381
41.6,-84.1,42,27,2.786,OH,0.6429
42.9,-72.5,42,1,2.024,NH,0.0238
45.8,-118.6,42,1,2.024,OR,0.0238
27.4,-81.3,42,1,2.024,FL,0.0238
29.4,-81.6,42,1,2.048,FL,0.0238
34.2,-114.2,42,2,2.095,AZ,0.0476
35.0,-83.8,42,8,2.381,NC,0.1905
35.0,-80.7,42,5,2.214,NC,0.119
35.0,-80.2,42,15,2.714,NC,0.3571
35.3,-83.3,42,6,2.214,NC,0.1429
36.3,-80.1,42,15,2.69,NC,0.3571
36.6,-87.2,42,18,2.619,TN,0.4286
37.8,-113.1,42,0,2.0,UT,0.0
37.8,-76.5,42,19,2.905,VA,0.4524
38.1,-78.8,42,20,2.905,VA,0.4762
39.6,-110.9,42,3,2.143,UT,0.0714
39.7,-82.7,42,7,2.31,OH,0.1667
40.0,-81.8,42,25,2.786,OH,0.5952
40.1,-87.5,42,20,2.69,IN,0.4762
40.4,-104.6,42,15,2.69,CO,0.3571
41.0,-72.6,42,2,2.024,NY,0.0476
41.3,-76.4,42,3,2.143,PA,0.0714
41.9,-88.8,42,25,2.643,IL,0.5952
41.9,-76.5,42,5,2.238,PA,0.119
42.2,-71.6,42,20,2.452,MA,0.4762
43.1,-115.6,42,6,2.286,ID,0.1429
45.7,-111.3,42,4,2.19,MT,0.0952
46.9,-94.5,42,2,2.048,MN,0.0476
36.3,-115.3,41,15,2.488,NV,0.3659
36.5,-80.8,41,16,2.512,NC,0.3902
39.2,-86.5,41,11,2.512,IN,0.2683
41.0,-120.8,41,0,2.0,CA,0.0
41.1,-114.7,41,15,2.366,NV,0.3659
41.5,-72.3,41,16,2.732,CT,0.3902
41.6,-76.4,41,12,2.561,PA,0.2927
41.8,-85.4,41,23,3.0,IN,0.561
42.0,-93.7,41,2,2.073,IA,0.0488
42.4,-72.6,41,14,2.341,MA,0.3415
44.1,-119.0,41,0,2.0,OR,0.0
44.2,-94.3,41,1,2.024,MN,0.0244
45.2,-94.7,41,0,2.0,MN,0.0
46.5,-94.7,41,1,2.024,MN,0.0244
27.7,-81.6,41,11,2.537,FL,0.2683
35.1,-78.3,41,11,2.512,NC,0.2683
35.3,-80.5,41,11,2.537,NC,0.2683
35.7,-118.7,41,0,2.0,CA,0.0
36.6,-120.4,41,0,2.0,CA,0.0
36.6,-80.0,41,11,2.512,VA,0.2683
37.9,-84.3,41,22,2.585,KY,0.5366
38.6,-78.0,41,8,2.39,VA,0.1951
40.1,-81.1,41,19,2.585,OH,0.4634
40.8,-78.8,41,12,2.488,PA,0.2927
41.0,-85.2,41,5,2.171,IN,0.122
41.7,-108.7,41,2,2.098,WY,0.0488
41.7,-85.7,41,13,2.561,IN,0.3171
41.8,-96.2,41,0,2.0,NE,0.0
43.8,-93.8,41,1,2.049,MN,0.0244
46.6,-113.0,41,3,2.122,MT,0.0732
34.2,-87.0,41,2,2.024,AL,0.0488
35.3,-93.3,41,3,2.146,AR,0.0732
35.8,-120.2,41,1,2.049,CA,0.0244
36.6,-76.9,41,11,2.512,VA,0.2683
37.7,-120.1,41,1,2.0,CA,0.0244
39.0,-93.4,41,10,2.244,MO,0.2439
39.3,-85.1,41,22,2.878,IN,0.5366
39.5,-121.9,41,1,2.049,CA,0.0244
39.7,-104.1,41,25,2.951,CO,0.6098
40.6,-124.3,41,0,2.0,CA,0.0
40.8,-123.4,41,0,2.0,CA,0.0
41.7,-106.8,41,21,2.78,WY,0.5122
41.9,-88.5,41,22,2.634,IL,0.5366
42.3,-112.2,41,3,2.122,ID,0.0732
42.6,-76.1,41,6,2.22,NY,0.1463
43.6,-73.9,41,0,2.0,NY,0.0
44.0,-121.2,41,4,2.195,OR,0.0976
44.0,-94.6,41,0,2.0,MN,0.0
46.6,-94.7,41,0,2.0,MN,0.0
35.3,-90.0,41,2,2.024,TN,0.0488
36.6,-77.9,41,9,2.439,VA,0.2195
36.7,-76.5,41,1,2.049,VA,0.0244
37.2,-113.2,41,3,2.146,UT,0.0732
37.5,-104.7,41,23,2.634,CO,0.561
37.7,-112.2,41,5,2.244,UT,0.122
37.8,-112.8,41,2,2.073,UT,0.0488
38.6,-89.0,41,28,2.854,IL,0.6829
38.9,-93.0,41,12,2.341,MO,0.2927
39.8,-121.5,41,2,2.049,CA,0.0488
40.7,-111.4,41,0,2.0,UT,0.0
41.7,-86.0,41,20,2.805,IN,0.4878
41.8,-89.6,41,27,2.707,IL,0.6585
43.1,-124.1,41,0,2.0,OR,0.0
44.5,-95.7,41,1,2.0,MN,0.0244
45.0,-93.6,41,3,2.073,MN,0.0732
45.8,-109.8,41,0,2.0,MT,0.0
33.4,-87.5,41,5,2.22,AL,0.122
34.3,-110.0,41,7,2.317,AZ,0.1707
34.8,-77.5,41,5,2.22,NC,0.122
34.8,-77.4,41,15,2.707,NC,0.3659
35.9,-119.6,41,0,2.0,CA,0.0
36.0,-117.9,41,0,2.0,CA,0.0
36.6,-120.5,41,1,2.024,CA,0.0244
36.6,-114.5,41,0,2.0,NV,0.0
37.3,-78.8,41,5,2.22,VA,0.122
37.4,-118.6,41,0,2.0,CA,0.0
37.6,-77.1,41,15,2.732,VA,0.3659
38.8,-122.2,41,1,2.049,CA,0.0244
39.4,-121.0,41,0,2.0,CA,0.0
40.4,-89.0,41,39,2.951,IL,0.9512
41.6,-91.2,41,17,2.415,IA,0.4146
42.2,-120.6,41,1,2.024,OR,0.0244
43.0,-86.1,41,7,2.268,MI,0.1707
45.3,-121.1,41,0,2.0,OR,0.0
45.8,-93.1,41,0,2.0,MN,0.0
29.2,-95.5,41,22,2.902,TX,0.5366
30.1,-85.8,41,0,1.951,FL,0.0
30.6,-84.3,41,1,2.049,FL,0.0244
30.7,-84.9,41,1,2.049,FL,0.0244
31.6,-83.6,41,17,2.537,GA,0.4146
32.7,-114.0,41,26,2.756,AZ,0.6341
33.1,-81.2,41,0,1.951,SC,0.0
33.2,-82.0,41,7,2.268,GA,0.1707
33.6,-80.1,41,0,1.951,SC,0.0
33.9,-82.0,41,0,1.951,SC,0.0
34.2,-85.2,41,9,2.39,GA,0.2195
34.9,-91.3,41,8,2.268,AR,0.1951
35.1,-92.3,41,8,2.39,AR,0.1951
35.4,-83.4,41,8,2.341,NC,0.1951
36.0,-83.2,41,11,2.463,TN,0.2683
36.1,-81.9,41,8,2.341,NC,0.1951
36.5,-78.3,41,22,2.829,NC,0.5366
36.8,-78.9,41,11,2.537,VA,0.2683
37.8,-80.3,41,4,2.146,WV,0.0976
38.3,-91.1,41,25,2.683,MO,0.6098
38.4,-106.1,41,15,2.488,CO,0.3659
38.5,-89.7,41,30,2.756,IL,0.7317
39.1,-111.8,41,0,2.0,UT,0.0
39.9,-121.0,41,0,2.0,CA,0.0
41.0,-102.2,41,16,2.585,CO,0.3902
42.2,-77.1,41,18,2.683,NY,0.439
43.8,-118.1,41,2,2.049,OR,0.0488
44.1,-92.9,41,0,2.0,MN,0.0
44.2,-71.7,41,29,2.756,NH,0.7073
44.3,-94.8,41,1,2.024,MN,0.0244
46.6,-111.8,41,0,2.0,MT,0.0
46.9,-97.1,41,1,2.024,ND,0.0244
47.1,-123.2,41,0,2.0,WA,0.0
30.2,-92.6,40,19,2.5,LA,0.475
30.5,-83.6,40,0,2.0,FL,0.0
32.3,-90.6,40,21,2.65,MS,0.525
34.4,-81.6,40,1,1.975,SC,0.025
36.5,-87.4,40,7,2.35,TN,0.175
37.2,-79.4,40,18,2.875,VA,0.45
38.1,-102.6,40,15,2.575,CO,0.375
39.6,-107.0,40,7,2.3,CO,0.175
40.8,-97.2,40,0,2.0,NE,0.0
41.7,-73.0,40,11,2.55,CT,0.275
41.8,-90.6,40,9,2.35,IA,0.225
42.6,-84.5,40,11,2.525,MI,0.275
43.4,-118.6,40,12,2.55,OR,0.3
43.5,-95.7,40,1,2.025,MN,0.025
43.5,-70.4,40,1,2.05,ME,0.025
44.4,-123.7,40,1,2.025,OR,0.025
44.8,-117.9,40,14,2.7,OR,0.35
47.0,-96.9,40,0,2.0,ND,0.0
28.5,-81.9,40,0,2.0,FL,0.0
29.5,-81.9,40,0,1.975,FL,0.0
31.7,-89.2,40,20,2.55,MS,0.5
34.4,-84.0,40,13,2.625,GA,0.325
34.7,-118.5,40,0,2.0,CA,0.0
35.7,-119.9,40,1,2.05,CA,0.025
37.8,-78.3,40,15,2.75,VA,0.375
38.4,-89.5,40,28,2.775,IL,0.7
39.9,-76.4,40,3,2.15,PA,0.075
41.5,-75.6,40,6,2.3,PA,0.15
27.4,-80.3,40,1,2.025,FL,0.025
29.9,-82.4,40,1,2.025,FL,0.025
31.3,-90.5,40,16,2.45,MS,0.4
32.5,-92.2,40,16,2.425,LA,0.4
33.8,-82.1,40,1,2.025,SC,0.025
35.1,-84.8,40,6,2.25,TN,0.15
36.4,-82.7,40,16,2.475,TN,0.4
37.4,-78.9,40,8,2.325,VA,0.2
38.1,-122.9,40,0,2.0,CA,0.0
38.5,-111.8,40,0,2.0,UT,0.0
39.8,-120.1,40,1,2.025,CA,0.025
39.8,-79.8,40,7,2.35,PA,0.175
40.3,-121.7,40,5,2.2,CA,0.125
40.3,-121.3,40,3,2.1,CA,0.075
41.5,-78.6,40,4,2.175,PA,0.1
41.8,-123.4,40,0,2.0,CA,0.0
42.4,-121.1,40,1,2.025,OR,0.025
45.8,-122.6,40,5,2.15,WA,0.125
30.3,-95.4,40,8,2.2,TX,0.2
32.4,-82.1,40,13,2.45,GA,0.325
34.2,-78.8,40,11,2.55,NC,0.275
36.7,-79.3,40,16,2.75,VA,0.4
39.6,-75.3,40,11,2.55,NJ,0.275
41.3,-111.9,40,1,2.05,UT,0.025
42.2,-123.0,40,0,2.0,OR,0.0
43.3,-71.9,40,4,2.125,NH,0.1
46.3,-95.5,40,0,2.0,MN,0.0
46.5,-93.8,40,1,2.0,MN,0.025
46.9,-122.5,40,3,2.125,WA,0.075
47.1,-97.0,40,0,2.0,ND,0.0
47.1,-93.3,40,0,2.0,MN,0.0
47.2,-95.9,40,0,2.0,MN,0.0
29.4,-82.0,40,0,1.975,FL,0.0
30.4,-89.7,40,22,2.625,LA,0.55
30.8,-86.3,40,2,2.05,FL,0.05
34.3,-86.6,40,4,2.125,AL,0.1
35.6,-80.4,40,8,2.35,NC,0.2
36.1,-120.0,40,0,1.975,CA,0.0
36.1,-80.5,40,3,2.15,NC,0.075
36.5,-82.3,40,19,2.8,TN,0.475
39.0,-105.8,40,17,2.725,CO,0.425
39.1,-123.7,40,0,2.0,CA,0.0
39.4,-94.3,40,0,2.0,MO,0.0
41.0,-96.4,40,23,2.85,NE,0.575
41.4,-110.1,40,3,2.15,WY,0.075
42.1,-84.1,40,19,2.9,MI,0.475
45.2,-122.2,40,12,2.575,OR,0.3
47.1,-114.0,40,5,2.25,MT,0.125
24.8,-80.8,40,8,2.35,FL,0.2
26.2,-98.0,40,0,1.925,TX,0.0
30.4,-85.5,40,1,2.05,FL,0.025
32.7,-80.7,40,0,2.0,SC,0.0
33.9,-86.2,40,16,2.475,AL,0.4
34.1,-84.1,40,4,2.15,GA,0.1
34.6,-81.4,40,1,2.0,SC,0.025
34.6,-81.2,40,0,2.0,SC,0.0
35.1,-83.2,40,4,2.15,NC,0.1
35.3,-79.2,40,8,2.4,NC,0.2
35.5,-108.4,40,14,2.425,NM,0.35
36.6,-82.3,40,10,2.375,TN,0.25
36.9,-78.1,40,9,2.425,VA,0.225
36.9,-78.0,40,11,2.55,VA,0.275
37.0,-79.7,40,13,2.6,VA,0.325
37.1,-93.6,40,2,2.05,MO,0.05
37.6,-119.9,40,1,2.025,CA,0.025
37.6,-113.3,40,0,2.0,UT,0.0
38.0,-104.7,40,7,2.225,CO,0.175
38.2,-84.5,40,16,2.575,KY,0.4
40.2,-111.9,40,0,1.975,UT,0.0
40.5,-103.3,40,19,2.7,CO,0.475
40.6,-122.7,40,1,2.025,CA,0.025
40.9,-80.5,40,10,2.3,OH,0.25
41.1,-121.3,40,0,2.0,CA,0.0
41.1,-105.3,40,10,2.4,WY,0.25
41.4,-90.3,40,31,3.0,IL,0.775
41.4,-79.4,40,6,2.3,PA,0.15
41.6,-73.3,40,17,2.85,CT,0.425
41.8,-123.3,40,0,2.0,CA,0.0
42.2,-84.5,40,17,2.85,MI,0.425
42.9,-117.4,40,1,2.025,OR,0.025
43.6,-89.7,40,7,2.225,WI,0.175
44.4,-92.0,40,4,2.175,WI,0.1
46.9,-95.0,40,0,2.0,MN,0.0
47.5,-121.7,40,14,2.55,WA,0.35
47.6,-123.0,40,10,2.4,WA,0.25
47.9,-114.2,40,0,2.0,MT,0.0
26.4,-81.7,39,0,1.949,FL,0.0
30.7,-95.6,39,17,2.436,TX,0.4359
30.8,-87.2,39,0,1.974,FL,0.0
32.1,-111.3,39,6,2.308,AZ,0.1538
33.3,-85.0,39,13,2.641,GA,0.3333
33.3,-83.9,39,17,2.872,GA,0.4359
34.5,-83.5,39,14,2.692,GA,0.359
34.7,-119.4,39,0,2.0,CA,0.0
36.7,-114.4,39,6,2.154,NV,0.1538
36.9,-80.3,39,8,2.385,VA,0.2051
39.9,-82.1,39,7,2.308,OH,0.1795
41.1,-115.3,39,14,2.359,NV,0.359
41.1,-72.4,39,1,2.026,NY,0.0256
41.4,-88.7,39,30,2.872,IL,0.7692
42.7,-122.0,39,0,2.0,OR,0.0
43.2,-78.6,39,15,2.769,NY,0.3846
43.2,-73.5,39,5,2.256,NY,0.1282
43.4,-121.2,39,1,2.051,OR,0.0256
43.7,-92.5,39,2,2.051,MN,0.0513
47.2,-114.1,39,2,2.103,MT,0.0513
27.2,-81.4,39,4,2.205,FL,0.1026
29.3,-82.4,39,1,2.051,FL,0.0256
30.1,-85.7,39,0,2.0,FL,0.0
30.2,-92.4,39,19,2.615,LA,0.4872
34.0,-114.5,39,0,2.0,CA,0.0
34.4,-112.6,39,5,2.256,AZ,0.1282
35.2,-109.5,39,11,2.385,AZ,0.2821
36.6,-79.5,39,9,2.462,VA,0.2308
37.4,-78.8,39,10,2.513,VA,0.2564
38.5,-76.9,39,15,2.769,MD,0.3846
40.5,-121.0,39,0,2.0,CA,0.0
40.8,-81.7,39,12,2.615,OH,0.3077
43.1,-121.9,39,0,2.0,OR,0.0
43.5,-89.6,39,4,2.103,WI,0.1026
32.8,-113.5,39,18,2.513,AZ,0.4615
32.8,-112.1,39,14,2.41,AZ,0.359
34.4,-92.9,39,3,2.154,AR,0.0769
35.4,-97.0,39,15,2.385,OK,0.3846
36.6,-120.3,39,0,2.0,CA,0.0
38.8,-121.6,39,0,2.0,CA,0.0
39.2,-80.4,39,5,2.179,WV,0.1282
39.5,-120.3,39,0,2.0,CA,0.0
39.7,-111.5,39,1,2.026,UT,0.0256
40.3,-109.7,39,1,2.026,UT,0.0256
40.7,-113.6,39,0,2.0,UT,0.0
40.7,-77.1,39,1,2.051,PA,0.0256
41.0,-74.8,39,10,2.487,NJ,0.2564
41.8,-71.6,39,4,2.051,RI,0.1026
41.9,-70.0,39,3,2.103,MA,0.0769
42.0,-73.2,39,27,3.385,CT,0.6923
42.5,-84.4,39,13,2.641,MI,0.3333
42.9,-71.9,39,0,1.974,NH,0.0
43.5,-121.6,39,0,2.0,OR,0.0
43.7,-94.8,39,0,2.0,MN,0.0
45.6,-109.0,39,0,2.0,MT,0.0
45.7,-118.6,39,0,2.0,OR,0.0
29.2,-95.4,39,20,2.897,TX,0.5128
29.5,-82.1,39,0,2.0,FL,0.0
31.8,-102.4,39,19,2.718,TX,0.4872
32.7,-97.9,39,10,2.256,TX,0.2564
32.8,-112.3,39,16,2.462,AZ,0.4103
33.1,-117.0,39,4,2.179,CA,0.1026
33.3,-79.6,39,0,1.923,SC,0.0
35.2,-77.9,39,12,2.615,NC,0.3077
37.4,-79.4,39,10,2.513,VA,0.2564
38.8,-75.6,39,19,2.949,DE,0.4872
39.9,-80.4,39,18,2.923,PA,0.4615
40.0,-122.3,39,0,2.0,CA,0.0
40.8,-80.2,39,4,2.154,PA,0.1026
40.9,-122.8,39,2,2.103,CA,0.0513
44.2,-69.8,39,1,2.026,ME,0.0256
44.6,-94.1,39,1,2.026,MN,0.0256
30.5,-86.2,39,2,2.103,FL,0.0513
32.0,-102.1,39,13,2.487,TX,0.3333
32.4,-90.0,39,4,2.179,MS,0.1026
34.0,-87.7,39,9,2.256,AL,0.2308
37.1,-93.8,39,26,2.846,MO,0.6667
38.4,-76.8,39,7,2.359,MD,0.1795
38.5,-75.8,39,11,2.538,MD,0.2821
38.6,-81.3,39,6,2.231,WV,0.1538
39.4,-75.9,39,22,3.103,MD,0.5641
39.8,-119.0,39,14,2.41,NV,0.359
39.9,-88.3,39,35,2.949,IL,0.8974
40.2,-110.7,39,1,2.026,UT,0.0256
40.9,-78.5,39,2,2.103,PA,0.0513
41.1,-79.1,39,3,2.128,PA,0.0769
41.3,-75.0,39,4,2.154,PA,0.1026
42.8,-112.4,39,2,2.077,ID,0.0513
43.4,-93.3,39,13,2.41,IA,0.3333
43.6,-73.8,39,0,2.0,NY,0.0
44.0,-94.8,39,1,2.051,MN,0.0256
44.6,-121.9,39,3,2.154,OR,0.0769
48.1,-114.3,39,1,2.026,MT,0.0256
27.9,-81.9,39,5,2.231,FL,0.1282
29.5,-98.1,39,15,2.564,TX,0.3846
32.4,-86.6,39,5,2.205,AL,0.1282
32.9,-93.9,39,6,2.128,LA,0.1538
33.5,-79.8,39,1,1.974,SC,0.0256
34.4,-117.1,39,0,2.0,CA,0.0
34.4,-110.7,39,4,2.179,AZ,0.1026
34.6,-83.6,39,17,2.769,GA,0.4359
34.7,-92.1,39,10,2.513,AR,0.2564
34.8,-102.4,39,18,2.923,TX,0.4615
35.8,-86.7,39,18,2.667,TN,0.4615
36.5,-118.9,39,0,2.0,CA,0.0
37.0,-78.0,39,8,2.41,VA,0.2051
37.9,-78.8,39,6,2.308,VA,0.1538
39.5,-118.7,39,2,2.077,NV,0.0513
39.5,-74.9,39,19,2.974,NJ,0.4872
39.7,-74.2,39,6,2.256,NJ,0.1538
39.9,-83.4,39,25,3.179,OH,0.641
39.9,-77.5,39,6,2.282,PA,0.1538
40.1,-87.7,39,33,2.872,IL,0.8462
40.2,-110.8,39,1,2.026,UT,0.0256
40.2,-88.4,39,38,2.974,IL,0.9744
40.3,-78.2,39,2,2.103,PA,0.0513
40.5,-82.7,39,24,2.718,OH,0.6154
40.8,-105.0,39,21,2.744,CO,0.5385
41.0,-115.5,39,12,2.333,NV,0.3077
41.3,-77.2,39,4,2.179,PA,0.1026
41.4,-77.3,39,4,2.205,PA,0.1026
41.9,-77.7,39,4,2.205,PA,0.1026
42.3,-85.6,39,8,2.359,MI,0.2051
44.4,-93.0,39,0,1.974,MN,0.0
44.5,-95.2,39,0,2.0,MN,0.0
45.3,-93.4,39,3,2.128,MN,0.0769
45.5,-108.9,39,0,2.0,MT,0.0
46.9,-98.0,39,0,2.0,ND,0.0
46.9,-97.2,39,1,2.051,ND,0.0256
47.8,-114.3,39,0,2.0,MT,0.0
30.5,-98.1,38,0,1.974,TX,0.0
33.3,-80.1,38,0,2.0,SC,0.0
35.0,-97.4,38,20,2.763,OK,0.5263
35.1,-84.9,38,4,2.158,TN,0.1053
35.3,-79.7,38,10,2.421,NC,0.2632
37.3,-77.1,38,11,2.579,VA,0.2895
37.8,-79.5,38,12,2.632,VA,0.3158
37.9,-120.2,38,0,2.0,CA,0.0
39.0,-112.0,38,0,2.0,UT,0.0
39.4,-83.0,38,11,2.368,OH,0.2895
39.7,-78.5,38,7,2.237,MD,0.1842
40.6,-80.5,38,12,2.605,PA,0.3158
40.8,-76.0,38,13,2.658,PA,0.3421
41.6,-108.4,38,3,2.132,WY,0.0789
41.8,-85.9,38,19,3.0,MI,0.5
42.2,-123.5,38,4,2.211,OR,0.1053
43.8,-90.1,38,24,2.842,WI,0.6316
44.4,-120.9,38,0,2.0,OR,0.0
46.6,-93.6,38,0,2.0,MN,0.0
24.7,-81.4,38,4,2.184,FL,0.1053
29.7,-82.9,38,0,2.0,FL,0.0
32.3,-86.6,38,3,2.105,AL,0.0789
32.8,-80.3,38,2,2.026,SC,0.0526
35.6,-77.6,38,10,2.474,NC,0.2632
35.7,-88.7,38,17,2.684,TN,0.4474
35.8,-120.1,38,2,2.053,CA,0.0526
35.9,-81.6,38,10,2.526,NC,0.2632
37.6,-85.9,38,13,2.474,KY,0.3421
38.0,-119.2,38,3,2.158,CA,0.0789
39.1,-121.2,38,1,2.053,CA,0.0263
42.1,-85.0,38,18,2.789,MI,0.4737
45.8,-94.2,38,1,2.053,MN,0.0263
45.9,-108.4,38,0,2.0,MT,0.0
46.1,-114.2,38,1,2.026,MT,0.0263
31.9,-81.6,38,13,2.684,GA,0.3421
32.6,-81.1,38,0,1.974,SC,0.0
33.5,-83.4,38,14,2.711,GA,0.3684
34.7,-112.5,38,2,2.105,AZ,0.0526
34.8,-117.5,38,2,2.105,CA,0.0526
34.8,-81.3,38,0,1.947,SC,0.0
34.8,-80.1,38,0,2.0,SC,0.0
35.2,-86.9,38,15,2.474,TN,0.3947
35.6,-86.9,38,18,2.579,TN,0.4737
36.2,-120.0,38,0,2.0,CA,0.0
37.0,-78.3,38,8,2.342,VA,0.2105
39.3,-102.3,38,18,2.763,CO,0.4737
40.0,-121.2,38,0,2.0,CA,0.0
40.2,-121.0,38,1,2.026,CA,0.0263
40.6,-103.2,38,13,2.579,CO,0.3421
41.0,-96.2,38,8,2.368,NE,0.2105
42.2,-117.8,38,1,2.053,OR,0.0263
42.6,-96.3,38,11,2.579,IA,0.2895
42.8,-84.3,38,16,2.553,MI,0.4211
43.2,-70.7,38,14,2.447,ME,0.3684
43.3,-76.6,38,15,2.763,NY,0.3947
44.3,-94.5,38,0,2.0,MN,0.0
46.2,-94.1,38,3,2.079,MN,0.0789
48.1,-123.6,38,3,2.132,WA,0.0789
29.9,-82.2,38,1,2.053,FL,0.0263
33.1,-116.9,38,12,2.605,CA,0.3158
34.0,-87.6,38,10,2.316,AL,0.2632
34.0,-82.0,38,1,2.026,SC,0.0263
36.0,-90.9,38,13,2.658,AR,0.3421
36.8,-78.2,38,9,2.474,VA,0.2368
37.4,-120.4,38,0,2.0,CA,0.0
37.8,-81.1,38,5,2.211,WV,0.1316
40.2,-110.6,38,0,2.0,UT,0.0
40.6,-76.8,38,5,2.263,PA,0.1316
40.8,-84.1,38,21,2.684,OH,0.5526
43.1,-93.2,38,17,2.842,IA,0.4474
43.2,-70.6,38,2,2.053,ME,0.0526
44.1,-93.4,38,0,2.0,MN,0.0
45.5,-93.9,38,0,2.0,MN,0.0
33.1,-112.1,38,1,2.053,AZ,0.0263
35.1,-85.7,38,2,2.079,TN,0.0526
35.5,-89.3,38,18,2.526,TN,0.4737
35.5,-78.0,38,15,2.737,NC,0.3947
35.7,-118.2,38,0,2.0,CA,0.0
35.8,-80.5,38,20,3.0,NC,0.5263
36.0,-118.8,38,0,2.0,CA,0.0
37.1,-119.9,38,0,2.0,CA,0.0
37.3,-119.5,38,0,2.0,CA,0.0
37.6,-79.1,38,15,2.737,VA,0.3947
38.3,-79.3,38,20,2.947,VA,0.5263
38.7,-86.7,38,17,2.895,IN,0.4474
38.8,-88.8,38,36,2.974,IL,0.9474
38.9,-92.6,38,12,2.368,MO,0.3158
40.3,-122.5,38,0,2.0,CA,0.0
40.6,-121.1,38,0,2.0,CA,0.0
41.6,-111.9,38,1,2.053,UT,0.0263
42.5,-120.3,38,1,2.053,OR,0.0263
42.5,-76.4,38,20,3.053,NY,0.5263
42.7,-70.9,38,3,2.132,MA,0.0789
42.8,-122.5,38,1,2.026,OR,0.0263
44.9,-95.8,38,0,1.974,MN,0.0
46.3,-111.5,38,0,2.0,MT,0.0
48.0,-123.0,38,7,2.184,WA,0.1842
48.1,-123.2,38,9,2.447,WA,0.2368
27.2,-82.0,38,3,2.132,FL,0.0789
27.4,-81.8,38,0,1.974,FL,0.0
30.2,-95.2,38,16,2.447,TX,0.4211
30.3,-92.3,38,16,2.5,LA,0.4211
32.3,-80.5,38,0,2.0,SC,0.0
32.4,-82.4,38,23,2.763,GA,0.6053
32.4,-81.1,38,0,1.947,SC,0.0
33.1,-84.7,38,18,2.947,GA,0.4737
33.1,-84.3,38,11,2.526,GA,0.2895
34.0,-82.1,38,0,1.974,SC,0.0
34.0,-79.4,38,0,1.974,SC,0.0
34.1,-111.4,38,4,2.184,AZ,0.1053
34.4,-118.2,38,0,2.0,CA,0.0
34.6,-81.8,38,0,2.0,SC,0.0
34.9,-117.5,38,4,2.105,CA,0.1053
35.2,-112.0,38,2,2.079,AZ,0.0526
35.6,-94.2,38,8,2.395,AR,0.2105
36.1,-82.9,38,16,2.842,TN,0.4211
37.0,-82.6,38,5,2.263,VA,0.1316
37.1,-121.5,38,0,2.0,CA,0.0
37.7,-85.9,38,7,2.158,KY,0.1842
38.4,-82.6,38,5,2.211,OH,0.1316
39.0,-104.5,38,19,2.947,CO,0.5
39.2,-111.8,38,0,2.0,UT,0.0
39.5,-110.8,38,1,2.053,UT,0.0263
40.2,-104.9,38,16,2.816,CO,0.4211
40.4,-123.4,38,0,2.0,CA,0.0
40.6,-93.9,38,17,2.579,IA,0.4474
41.4,-96.4,38,6,2.237,NE,0.1579
41.6,-91.5,38,3,2.132,IA,0.0789
41.8,-74.0,38,16,2.789,NY,0.4211
41.8,-73.2,38,20,3.0,CT,0.5263
42.7,-77.8,38,14,2.579,NY,0.3684
42.9,-85.0,38,22,2.632,MI,0.5789
43.1,-74.1,38,2,2.105,NY,0.0526
43.6,-123.5,38,0,2.0,OR,0.0
43.7,-122.2,38,3,2.132,OR,0.0789
44.2,-91.9,38,0,2.0,MN,0.0
45.3,-94.5,38,0,1.974,MN,0.0
46.7,-93.0,38,0,2.0,MN,0.0
47.0,-95.9,38,0,2.0,MN,0.0
47.8,-116.8,38,5,2.237,ID,0.1316
47.9,-97.2,38,1,2.053,ND,0.0263
29.0,-82.7,37,1,2.027,FL,0.027
30.7,-84.8,37,0,2.0,FL,0.0
33.7,-82.0,37,0,2.0,SC,0.0
34.5,-78.1,37,15,2.703,NC,0.4054
34.6,-119.3,37,0,1.973,CA,0.0
35.9,-77.8,37,7,2.378,NC,0.1892
36.3,-80.5,37,6,2.324,NC,0.1622
36.4,-121.6,37,0,1.973,CA,0.0
38.1,-77.7,37,11,2.595,VA,0.2973
38.2,-87.0,37,24,3.0,IN,0.6486
38.2,-86.9,37,20,3.0,IN,0.5405
39.3,-94.8,37,6,2.189,MO,0.1622
40.4,-77.1,37,9,2.459,PA,0.2432
40.9,-111.6,37,2,2.054,UT,0.0541
41.1,-120.9,37,1,2.054,CA,0.027
42.3,-88.3,37,7,2.297,IL,0.1892
44.5,-118.3,37,0,2.0,OR,0.0
45.5,-92.9,37,1,2.054,MN,0.027
46.3,-112.7,37,0,2.0,MT,0.0
48.0,-122.4,37,14,2.595,WA,0.3784
30.1,-85.6,37,0,1.973,FL,0.0
30.3,-86.2,37,0,2.0,FL,0.0
30.4,-92.0,37,6,2.135,LA,0.1622
32.0,-97.1,37,20,2.595,TX,0.5405
36.2,-81.7,37,2,2.054,NC,0.0541
37.2,-113.6,37,0,2.0,UT,0.0
37.9,-87.0,37,11,2.595,IN,0.2973
38.3,-107.8,37,16,2.73,CO,0.4324
38.3,-81.8,37,1,2.027,WV,0.027
38.5,-90.9,37,13,2.432,MO,0.3514
38.7,-81.6,37,3,2.108,WV,0.0811
39.1,-75.8,37,9,2.486,MD,0.2432
40.7,-79.8,37,7,2.351,PA,0.1892
41.7,-73.3,37,22,3.135,CT,0.5946
43.3,-122.2,37,7,2.324,OR,0.1892
43.8,-120.7,37,3,2.135,OR,0.0811
44.5,-119.7,37,2,2.108,OR,0.0541
45.0,-93.9,37,0,2.0,MN,0.0
45.5,-111.3,37,3,2.162,MT,0.0811
46.2,-95.7,37,0,2.0,MN,0.0
29.4,-81.9,37,0,2.0,FL,0.0
31.1,-83.4,37,18,2.568,GA,0.4865
32.6,-83.9,37,12,2.622,GA,0.3243
32.8,-116.5,37,22,2.595,CA,0.5946
34.1,-82.4,37,0,2.0,SC,0.0
37.2,-119.9,37,0,2.0,CA,0.0
37.7,-92.7,37,28,2.757,MO,0.7568
39.3,-82.9,37,15,2.784,OH,0.4054
39.8,-111.0,37,2,2.054,UT,0.0541
39.8,-88.3,37,36,3.0,IL,0.973
41.1,-80.9,37,21,2.649,OH,0.5676
42.4,-74.0,37,18,2.946,NY,0.4865
44.4,-94.7,37,0,2.0,MN,0.0
45.7,-108.5,37,0,2.0,MT,0.0
26.1,-80.6,37,15,2.595,FL,0.4054
27.9,-81.7,37,5,2.243,FL,0.1351
31.3,-81.6,37,13,2.703,GA,0.3514
32.2,-83.2,37,21,3.081,GA,0.5676
34.0,-78.4,37,7,2.351,NC,0.1892
35.3,-91.6,37,6,2.324,AR,0.1622
38.6,-94.4,37,11,2.324,MO,0.2973
39.5,-84.0,37,3,2.108,OH,0.0811
40.2,-121.6,37,0,2.0,CA,0.0
40.5,-79.1,37,12,2.649,PA,0.3243
40.7,-116.4,37,11,2.324,NV,0.2973
40.8,-97.6,37,9,2.432,NE,0.2432
41.3,-80.8,37,5,2.189,OH,0.1351
41.7,-107.8,37,7,2.351,WY,0.1892
43.4,-121.3,37,0,2.0,OR,0.0
44.1,-91.7,37,1,2.054,MN,0.027
45.8,-93.7,37,0,2.0,MN,0.0
46.0,-120.7,37,7,2.324,WA,0.1892
26.3,-98.1,37,2,2.0,TX,0.0541
26.8,-80.9,37,2,2.108,FL,0.0541
30.0,-81.8,37,1,2.027,FL,0.027
30.4,-90.4,37,28,2.919,LA,0.7568
30.8,-86.2,37,1,2.054,FL,0.027
31.4,-85.9,37,2,2.054,AL,0.0541
33.3,-87.3,37,2,2.054,AL,0.0541
34.8,-87.2,37,2,2.108,AL,0.0541
35.1,-89.7,37,1,1.919,TN,0.027
36.6,-78.5,37,6,2.243,VA,0.1622
36.7,-79.7,37,11,2.541,VA,0.2973
36.9,-77.2,37,9,2.486,VA,0.2432
37.1,-77.7,37,10,2.514,VA,0.2703
37.6,-121.7,37,0,2.0,CA,0.0
37.6,-112.8,37,3,2.162,UT,0.0811
38.6,-81.2,37,3,2.135,WV,0.0811
39.0,-111.9,37,2,2.081,UT,0.0541
40.3,-112.3,37,0,2.0,UT,0.0
40.3,-103.9,37,16,2.73,CO,0.4324
40.7,-88.0,37,36,3.0,IL,0.973
42.6,-85.3,37,24,3.243,MI,0.6486
43.0,-89.0,37,9,2.405,WI,0.2432
44.2,-95.7,37,0,2.0,MN,0.0
45.8,-93.5,37,0,2.0,MN,0.0
47.3,-114.1,37,0,2.0,MT,0.0
24.7,-81.3,37,5,2.27,FL,0.1351
29.9,-82.8,37,0,2.0,FL,0.0
32.3,-95.2,37,1,2.027,TX,0.027
33.1,-116.6,37,1,2.027,CA,0.027
34.0,-114.2,37,8,2.432,AZ,0.2162
34.3,-114.1,37,10,2.541,AZ,0.2703
34.7,-79.2,37,11,2.568,NC,0.2973
35.4,-79.0,37,14,2.757,NC,0.3784
35.5,-118.8,37,2,2.081,CA,0.0541
35.9,-86.6,37,17,2.622,TN,0.4595
37.4,-78.4,37,14,2.676,VA,0.3784
37.6,-79.8,37,15,2.73,VA,0.4054
38.1,-103.9,37,13,2.595,CO,0.3514
38.2,-78.2,37,12,2.622,VA,0.3243
39.3,-103.6,37,15,2.622,CO,0.4054
39.9,-80.0,37,14,2.73,PA,0.3784
40.4,-123.5,37,0,2.0,CA,0.0
40.8,-81.3,37,9,2.324,OH,0.2432
40.9,-80.0,37,9,2.486,PA,0.2432
40.9,-75.6,37,7,2.297,PA,0.1892
41.0,-84.9,37,13,2.676,IN,0.3514
41.7,-107.6,37,2,2.081,WY,0.0541
42.0,-120.3,37,0,2.0,CA,0.0
42.0,-73.5,37,5,2.27,NY,0.1351
43.0,-88.4,37,9,2.405,WI,0.2432
43.0,-82.6,37,13,2.405,MI,0.3514
43.5,-119.2,37,0,2.0,OR,0.0
43.7,-92.8,37,3,2.081,MN,0.0811
43.7,-89.9,37,15,2.459,WI,0.4054
43.7,-84.4,37,22,3.189,MI,0.5946
44.0,-95.7,37,1,2.027,MN,0.027
44.7,-94.3,37,0,2.0,MN,0.0
45.2,-94.9,37,1,2.0,MN,0.027
46.4,-95.0,37,0,2.0,MN,0.0
48.1,-114.6,37,4,2.216,MT,0.1081
31.0,-87.6,36,10,2.444,AL,0.2778
32.5,-82.8,36,26,2.778,GA,0.7222
35.7,-119.4,36,0,1.972,CA,0.0
37.4,-80.8,36,14,2.75,VA,0.3889
38.2,-75.4,36,17,2.917,MD,0.4722
38.4,-120.1,36,0,2.0,CA,0.0
38.7,-119.5,36,1,2.028,CA,0.0278
39.6,-120.5,36,1,2.056,CA,0.0278
41.3,-77.7,36,1,2.028,PA,0.0278
42.2,-91.8,36,12,2.389,IA,0.3333
42.3,-88.4,36,14,2.667,IL,0.3889
42.8,-88.3,36,20,3.111,WI,0.5556
43.6,-118.7,36,0,2.0,OR,0.0
43.7,-92.4,36,1,2.028,MN,0.0278
43.8,-91.6,36,1,2.028,MN,0.0278
46.9,-97.9,36,0,2.0,ND,0.0
47.1,-94.6,36,0,2.0,MN,0.0
47.3,-94.9,36,0,2.0,MN,0.0
28.9,-81.1,36,2,2.111,FL,0.0556
32.3,-96.5,36,19,2.583,TX,0.5278
32.7,-90.1,36,12,2.444,MS,0.3333
33.2,-79.8,36,0,2.0,SC,0.0
34.4,-83.7,36,6,2.278,GA,0.1667
34.5,-112.4,36,0,2.0,AZ,0.0
34.6,-119.4,36,0,2.0,CA,0.0
35.4,-78.7,36,11,2.556,NC,0.3056
37.6,-79.5,36,18,3.0,VA,0.5
38.6,-78.9,36,14,2.778,VA,0.3889
38.7,-119.6,36,6,2.333,CA,0.1667
39.0,-93.5,36,11,2.361,MO,0.3056
39.5,-85.6,36,13,2.528,IN,0.3611
39.7,-77.2,36,13,2.694,PA,0.3611
40.4,-78.1,36,5,2.278,PA,0.1389
41.4,-74.5,36,12,2.667,NY,0.3333
42.2,-72.2,36,10,2.333,MA,0.2778
42.6,-72.6,36,15,2.472,MA,0.4167
42.9,-117.5,36,0,2.0,OR,0.0
43.6,-89.5,36,12,2.361,WI,0.3333
43.7,-71.5,36,0,1.972,NH,0.0
30.1,-90.6,36,14,2.528,LA,0.3889
30.3,-82.5,36,6,2.194,FL,0.1667
32.9,-113.1,36,5,2.25,AZ,0.1389
34.5,-114.4,36,5,2.25,AZ,0.1389
34.5,-77.6,36,12,2.611,NC,0.3333
36.3,-79.7,36,11,2.444,NC,0.3056
36.6,-80.9,36,11,2.583,NC,0.3056
39.1,-85.8,36,11,2.611,IN,0.3056
39.3,-78.4,36,6,2.333,VA,0.1667
40.0,-80.2,36,23,2.861,PA,0.6389
40.2,-77.8,36,3,2.139,PA,0.0833
41.3,-78.6,36,2,2.083,PA,0.0556
41.4,-120.9,36,2,2.111,CA,0.0556
43.0,-72.5,36,15,2.444,VT,0.4167
43.1,-117.0,36,3,2.111,OR,0.0833
29.1,-81.6,36,1,2.056,FL,0.0278
29.5,-81.7,36,1,2.028,FL,0.0278
29.8,-90.8,36,2,2.111,LA,0.0556
29.8,-82.1,36,2,2.111,FL,0.0556
30.3,-82.3,36,1,2.028,FL,0.0278
32.2,-81.4,36,12,2.583,GA,0.3333
34.9,-114.1,36,18,2.583,AZ,0.5
34.9,-106.7,36,22,2.889,NM,0.6111
35.6,-81.2,36,6,2.333,NC,0.1667
36.7,-77.2,36,6,2.333,VA,0.1667
36.9,-89.5,36,12,2.5,MO,0.3333
39.6,-121.5,36,0,2.0,CA,0.0
40.1,-81.0,36,20,2.639,OH,0.5556
40.6,-121.2,36,0,2.0,CA,0.0
40.6,-79.2,36,8,2.444,PA,0.2222
40.8,-120.7,36,1,2.056,CA,0.0278
41.1,-120.5,36,0,2.0,CA,0.0
41.8,-80.9,36,20,2.75,OH,0.5556
41.9,-121.4,36,0,2.0,CA,0.0
42.1,-72.7,36,16,2.5,MA,0.4444
42.3,-120.4,36,0,2.0,OR,0.0
43.5,-119.4,36,0,2.0,OR,0.0
44.2,-95.8,36,0,2.0,MN,0.0
44.6,-95.0,36,0,2.0,MN,0.0
47.3,-122.0,36,15,2.722,WA,0.4167
32.8,-116.7,36,16,2.444,CA,0.4444
33.1,-80.9,36,0,2.0,SC,0.0
33.7,-87.1,36,19,2.556,AL,0.5278
33.8,-79.9,36,0,1.972,SC,0.0
34.7,-77.9,36,14,2.556,NC,0.3889
35.0,-90.7,36,5,2.222,AR,0.1389
35.1,-84.0,36,3,2.167,NC,0.0833
35.4,-81.0,36,6,2.25,NC,0.1667
35.6,-88.9,36,15,2.528,TN,0.4167
36.0,-115.0,36,5,2.167,NV,0.1389
37.0,-81.9,36,9,2.5,VA,0.25
37.2,-79.8,36,16,2.861,VA,0.4444
37.5,-79.3,36,15,2.833,VA,0.4167
37.7,-113.2,36,0,2.0,UT,0.0
37.8,-76.9,36,10,2.528,VA,0.2778
39.9,-112.1,36,0,2.0,UT,0.0
40.3,-112.1,36,0,2.0,UT,0.0
41.0,-72.3,36,3,2.167,NY,0.0833
41.1,-88.5,36,34,2.944,IL,0.9444
43.3,-76.1,36,16,2.889,NY,0.4444
45.7,-122.4,36,3,2.139,WA,0.0833
45.8,-95.7,36,2,2.111,MN,0.0556
46.0,-123.6,36,4,2.139,OR,0.1111
46.9,-123.7,36,10,2.444,WA,0.2778
27.2,-81.0,36,9,2.5,FL,0.25
29.5,-82.2,36,1,2.028,FL,0.0278
29.9,-90.4,36,20,2.972,LA,0.5556
30.6,-97.6,36,3,2.028,TX,0.0833
31.7,-86.7,36,6,2.194,AL,0.1667
32.9,-97.5,36,1,2.056,TX,0.0278
33.5,-111.5,36,9,2.5,AZ,0.25
33.7,-82.1,36,2,2.056,SC,0.0556
34.1,-88.0,36,11,2.306,AL,0.3056
34.1,-78.8,36,2,2.111,SC,0.0556
34.2,-89.9,36,14,2.528,MS,0.3889
34.5,-110.5,36,5,2.278,AZ,0.1389
35.1,-119.2,36,0,2.0,CA,0.0
35.1,-83.3,36,7,2.389,NC,0.1944
35.3,-111.5,36,5,2.25,AZ,0.1389
35.3,-83.1,36,7,2.389,NC,0.1944
35.5,-77.3,36,11,2.611,NC,0.3056
35.8,-117.4,36,0,2.0,CA,0.0
35.8,-109.6,36,8,2.444,AZ,0.2222
38.9,-90.2,36,6,2.278,MO,0.1667
40.4,-77.4,36,10,2.556,PA,0.2778
41.4,-83.0,36,17,2.75,OH,0.4722
41.4,-76.9,36,3,2.139,PA,0.0833
41.5,-121.2,36,0,2.0,CA,0.0
41.7,-122.1,36,0,2.0,CA,0.0
41.9,-88.9,36,19,2.611,IL,0.5278
42.4,-72.5,36,0,2.0,MA,0.0
42.8,-87.9,36,18,2.833,WI,0.5
43.4,-73.4,36,1,2.028,NY,0.0278
43.7,-74.0,36,5,2.278,NY,0.1389
43.8,-120.4,36,2,2.056,OR,0.0556
43.8,-91.4,36,0,2.0,MN,0.0
43.9,-94.8,36,1,2.028,MN,0.0278
44.0,-92.0,36,0,2.0,MN,0.0
44.6,-120.2,36,2,2.056,OR,0.0556
44.6,-93.5,36,2,2.056,MN,0.0556
45.1,-94.8,36,0,2.0,MN,0.0
45.8,-123.9,36,1,2.028,OR,0.0278
46.9,-95.2,36,0,2.0,MN,0.0
30.0,-84.4,35,0,2.0,FL,0.0
30.7,-96.4,35,0,2.0,TX,0.0
30.9,-86.5,35,1,2.029,FL,0.0286
31.6,-85.8,35,5,2.2,AL,0.1429
32.0,-86.3,35,2,2.114,AL,0.0571
34.6,-79.8,35,0,2.0,SC,0.0
35.3,-78.0,35,7,2.343,NC,0.2
35.8,-80.0,35,11,2.629,NC,0.3143
35.9,-121.5,35,0,2.0,CA,0.0
36.5,-79.5,35,3,2.143,VA,0.0857
37.3,-80.8,35,8,2.429,VA,0.2286
38.5,-112.4,35,2,2.057,UT,0.0571
38.8,-104.6,35,11,2.629,CO,0.3143
39.7,-83.4,35,6,2.286,OH,0.1714
39.9,-78.9,35,0,2.0,PA,0.0
40.8,-97.1,35,12,2.514,NE,0.3429
41.8,-86.2,35,19,3.057,IN,0.5429
42.7,-122.8,35,0,2.0,OR,0.0
43.7,-95.6,35,0,2.0,MN,0.0
43.8,-116.7,35,1,2.057,ID,0.0286
47.1,-93.9,35,0,1.971,MN,0.0
30.1,-85.2,35,1,2.057,FL,0.0286
33.2,-86.3,35,3,2.057,AL,0.0857
33.8,-78.6,35,0,1.943,SC,0.0
33.9,-82.1,35,0,2.0,SC,0.0
35.6,-80.7,35,13,2.714,NC,0.3714
36.1,-81.3,35,12,2.686,NC,0.3429
36.3,-95.9,35,2,2.057,OK,0.0571
37.5,-78.4,35,15,2.829,VA,0.4286
37.7,-80.2,35,15,2.857,VA,0.4286
38.3,-87.4,35,12,2.629,IN,0.3429
38.9,-90.9,35,4,2.143,MO,0.1143
39.5,-112.4,35,1,2.057,UT,0.0286
40.4,-83.8,35,7,2.343,OH,0.2
41.0,-81.1,35,16,2.914,OH,0.4571
41.7,-108.0,35,8,2.343,WY,0.2286
41.7,-78.9,35,4,2.229,PA,0.1143
42.0,-75.3,35,5,2.2,NY,0.1429
42.3,-121.5,35,0,2.0,OR,0.0
43.0,-118.1,35,3,2.171,OR,0.0857
44.0,-95.9,35,0,2.0,MN,0.0
44.0,-91.5,35,1,2.057,MN,0.0286
45.9,-119.5,35,0,2.0,OR,0.0
46.7,-112.1,35,0,2.0,MT,0.0
46.9,-95.6,35,0,2.0,MN,0.0
47.7,-121.9,35,9,2.514,WA,0.2571
31.3,-97.3,35,30,2.914,TX,0.8571
34.9,-118.1,35,0,2.0,CA,0.0
35.1,-91.8,35,4,2.229,AR,0.1143
35.3,-109.3,35,6,2.229,AZ,0.1714
35.4,-85.0,35,3,2.143,TN,0.0857
36.7,-78.8,35,10,2.571,VA,0.2857
37.9,-92.0,35,13,2.457,MO,0.3714
40.2,-78.4,35,0,2.0,PA,0.0
41.8,-86.1,35,28,3.514,MI,0.8
41.8,-70.0,35,2,2.057,MA,0.0571
42.0,-72.7,35,16,2.914,CT,0.4571
42.2,-76.8,35,13,2.714,NY,0.3714
42.3,-77.3,35,5,2.286,NY,0.1429
42.7,-86.0,35,23,3.314,MI,0.6571
43.8,-70.1,35,3,2.086,ME,0.0857
44.4,-123.0,35,1,2.029,OR,0.0286
45.5,-107.4,35,1,2.029,MT,0.0286
33.6,-78.9,35,0,1.971,SC,0.0
34.6,-80.1,35,0,2.0,SC,0.0
35.1,-107.8,35,9,2.371,NM,0.2571
35.1,-83.0,35,7,2.4,NC,0.2
35.4,-111.6,35,2,2.086,AZ,0.0571
35.5,-114.3,35,3,2.143,AZ,0.0857
35.9,-111.4,35,10,2.571,AZ,0.2857
36.1,-78.6,35,7,2.4,NC,0.2
36.6,-114.6,35,4,2.114,NV,0.1143
36.9,-118.2,35,0,2.0,CA,0.0
36.9,-87.5,35,2,2.114,KY,0.0571
37.0,-79.6,35,12,2.686,VA,0.3429
37.1,-79.0,35,12,2.686,VA,0.3429
37.8,-112.4,35,1,2.029,UT,0.0286
38.8,-89.6,35,20,2.714,IL,0.5714
38.9,-92.3,35,5,2.286,MO,0.1429
39.1,-121.4,35,0,2.0,CA,0.0
39.4,-85.5,35,14,2.629,IN,0.4
39.9,-111.0,35,2,2.086,UT,0.0571
41.3,-105.6,35,22,3.029,WY,0.6286
41.8,-107.5,35,3,2.143,WY,0.0857
41.8,-80.8,35,17,2.743,OH,0.4857
42.4,-71.7,35,2,1.971,MA,0.0571
43.0,-74.4,35,25,3.429,NY,0.7143
43.6,-84.1,35,7,2.371,MI,0.2
43.8,-120.6,35,0,2.0,OR,0.0
44.0,-71.7,35,21,2.629,NH,0.6
44.3,-94.1,35,0,2.0,MN,0.0
44.3,-71.8,35,24,2.714,NH,0.6857
45.9,-111.3,35,0,2.0,MT,0.0
47.0,-93.1,35,2,2.057,MN,0.0571
47.5,-95.2,35,0,2.0,MN,0.0
48.0,-122.5,35,7,2.343,WA,0.2
26.8,-81.0,35,5,2.286,FL,0.1429
32.7,-113.7,35,16,2.514,AZ,0.4571
34.9,-87.1,35,1,2.0,AL,0.0286
35.2,-107.9,35,15,2.657,NM,0.4286
35.3,-80.2,35,9,2.514,NC,0.2571
35.7,-117.9,35,1,2.029,CA,0.0286
37.9,-87.5,35,11,2.514,IN,0.3143
38.2,-104.2,35,15,2.771,CO,0.4286
38.2,-77.7,35,13,2.686,VA,0.3714
38.4,-105.8,35,8,2.429,CO,0.2286
39.6,-120.6,35,1,2.029,CA,0.0286
39.7,-106.9,35,8,2.343,CO,0.2286
40.7,-116.7,35,11,2.314,NV,0.3143
41.9,-77.8,35,1,2.029,PA,0.0286
44.6,-95.8,35,0,2.0,MN,0.0
45.0,-94.5,35,1,2.029,MN,0.0286
45.9,-95.3,35,0,2.0,MN,0.0
46.4,-94.8,35,0,2.0,MN,0.0
30.2,-92.9,35,15,2.457,LA,0.4286
30.5,-86.7,35,0,2.0,FL,0.0
30.6,-83.9,35,1,2.057,FL,0.0286
32.7,-116.8,35,3,2.171,CA,0.0857
34.0,-87.8,35,14,2.429,AL,0.4
34.1,-86.0,35,20,2.743,AL,0.5714
34.7,-78.8,35,8,2.371,NC,0.2286
35.2,-114.3,35,3,2.171,AZ,0.0857
35.2,-77.6,35,14,2.743,NC,0.4
35.5,-98.0,35,12,2.486,OK,0.3429
35.5,-80.3,35,13,2.714,NC,0.3714
35.6,-81.0,35,13,2.743,NC,0.3714
35.8,-81.6,35,10,2.571,NC,0.2857
35.9,-81.1,35,13,2.714,NC,0.3714
36.2,-86.1,35,4,2.114,TN,0.1143
37.2,-120.6,35,0,2.0,CA,0.0
37.2,-78.4,35,14,2.771,VA,0.4
38.7,-87.1,35,16,2.714,IN,0.4571
38.9,-109.4,35,14,2.4,UT,0.4
39.6,-82.5,35,4,2.2,OH,0.1143
39.7,-86.9,35,12,2.686,IN,0.3429
40.3,-122.6,35,1,2.057,CA,0.0286
40.5,-89.7,35,2,2.029,IL,0.0571
40.5,-77.9,35,0,2.0,PA,0.0
40.9,-115.9,35,3,2.114,NV,0.0857
41.5,-122.2,35,0,2.0,CA,0.0
41.5,-78.4,35,0,2.0,PA,0.0
41.8,-71.0,35,1,2.057,MA,0.0286
42.0,-80.0,35,10,2.571,PA,0.2857
42.1,-76.2,35,8,2.343,NY,0.2286
42.4,-76.5,35,14,2.8,NY,0.4
42.4,-71.8,35,17,2.486,MA,0.4857
42.6,-114.3,35,1,2.057,ID,0.0286
43.6,-118.9,35,0,2.0,OR,0.0
43.9,-95.6,35,1,2.029,MN,0.0286
44.3,-88.6,35,23,3.314,WI,0.6571
44.8,-68.7,35,11,2.4,ME,0.3143
44.9,-92.0,35,9,2.4,WI,0.2571
45.7,-107.6,35,2,2.086,MT,0.0571
46.0,-94.1,35,0,2.0,MN,0.0
46.8,-95.1,35,1,2.029,MN,0.0286
46.8,-92.9,35,2,2.114,MN,0.0571
30.5,-83.3,34,0,1.971,FL,0.0
30.8,-86.4,34,0,1.971,FL,0.0
31.8,-81.6,34,12,2.676,GA,0.3529
33.0,-86.6,34,1,2.059,AL,0.0294
33.9,-81.9,34,0,1.941,SC,0.0
35.1,-110.8,34,9,2.412,AZ,0.2647
35.2,-119.6,34,2,2.118,CA,0.0588
35.4,-78.1,34,10,2.529,NC,0.2941
36.5,-121.1,34,3,2.088,CA,0.0882
38.1,-77.6,34,14,2.794,VA,0.4118
40.8,-96.9,34,8,2.324,NE,0.2353
41.1,-121.6,34,0,2.0,CA,0.0
42.0,-93.5,34,5,2.235,IA,0.1471
46.1,-107.6,34,1,2.029,MT,0.0294
47.4,-93.1,34,0,1.971,MN,0.0
47.6,-92.6,34,0,2.0,MN,0.0
32.3,-111.3,34,0,2.0,AZ,0.0
32.6,-93.2,34,26,3.0,LA,0.7647
32.8,-116.6,34,18,2.529,CA,0.5294
33.0,-83.7,34,12,2.706,GA,0.3529
33.2,-79.6,34,0,1.971,SC,0.0
33.4,-84.4,34,15,2.765,GA,0.4412
33.5,-87.6,34,0,2.0,AL,0.0
33.8,-98.6,34,0,2.0,TX,0.0
37.0,-78.5,34,8,2.471,VA,0.2353
37.1,-79.2,34,5,2.235,VA,0.1471
37.1,-76.8,34,12,2.706,VA,0.3529
37.3,-78.7,34,8,2.441,VA,0.2353
39.5,-86.7,34,5,2.265,IN,0.1471
45.8,-95.9,34,2,2.118,MN,0.0588
46.3,-107.1,34,0,2.0,MT,0.0
46.9,-95.5,34,0,2.0,MN,0.0
28.3,-81.8,34,7,2.353,FL,0.2059
30.4,-87.7,34,3,2.147,AL,0.0882
30.5,-87.7,34,1,2.059,AL,0.0294
31.2,-90.5,34,16,2.735,MS,0.4706
32.2,-82.4,34,13,2.735,GA,0.3824
37.7,-109.4,34,0,2.0,UT,0.0
38.8,-111.1,34,6,2.176,UT,0.1765
40.3,-79.1,34,2,2.118,PA,0.0588
40.6,-121.5,34,0,2.0,CA,0.0
42.0,-117.7,34,2,2.118,OR,0.0588
42.2,-74.0,34,11,2.647,NY,0.3235
42.3,-75.4,34,9,2.471,NY,0.2647
42.6,-71.9,34,2,2.088,MA,0.0588
43.1,-84.6,34,13,2.706,MI,0.3824
43.2,-79.0,34,11,2.588,NY,0.3235
43.3,-118.6,34,3,2.176,OR,0.0882
44.4,-92.1,34,1,2.029,MN,0.0294
44.8,-94.9,34,0,2.0,MN,0.0
46.9,-99.5,34,0,2.0,ND,0.0
47.3,-121.2,34,15,2.618,WA,0.4412
47.5,-95.4,34,0,2.0,MN,0.0
27.7,-97.4,34,0,2.0,TX,0.0
29.7,-96.5,34,16,2.5,TX,0.4706
30.0,-82.7,34,0,2.0,FL,0.0
30.5,-85.9,34,0,2.0,FL,0.0
31.9,-102.3,34,14,2.735,TX,0.4118
32.8,-97.8,34,0,2.0,TX,0.0
33.3,-79.4,34,0,2.0,SC,0.0
34.0,-84.7,34,5,2.176,GA,0.1471
34.9,-120.6,34,0,1.971,CA,0.0
34.9,-110.1,34,7,2.382,AZ,0.2059
35.0,-112.4,34,7,2.412,AZ,0.2059
35.5,-94.0,34,6,2.353,AR,0.1765
35.5,-77.4,34,8,2.441,NC,0.2353
37.2,-79.5,34,10,2.588,VA,0.2941
37.7,-92.6,34,12,2.412,MO,0.3529
39.3,-123.6,34,0,2.0,CA,0.0
40.3,-109.8,34,0,2.0,UT,0.0
40.4,-79.2,34,9,2.529,PA,0.2647
41.1,-75.0,34,1,2.059,PA,0.0294
41.4,-110.2,34,5,2.265,WY,0.1471
41.8,-122.0,34,0,2.0,CA,0.0
43.2,-78.4,34,8,2.471,NY,0.2353
43.5,-76.1,34,17,2.824,NY,0.5
44.0,-94.5,34,0,2.0,MN,0.0
29.6,-82.2,34,3,2.147,FL,0.0882
32.3,-89.8,34,16,2.559,MS,0.4706
33.1,-81.4,34,0,2.0,SC,0.0
34.0,-80.6,34,0,2.0,SC,0.0
34.5,-92.2,34,2,2.088,AR,0.0588
34.5,-81.7,34,0,2.0,SC,0.0
35.5,-106.2,34,17,2.647,NM,0.5
35.9,-81.5,34,6,2.294,NC,0.1765
36.6,-87.4,34,3,2.176,TN,0.0882
37.6,-78.9,34,18,3.059,VA,0.5294
38.5,-89.0,34,23,2.765,IL,0.6765
38.9,-91.7,34,9,2.294,MO,0.2647
40.0,-85.6,34,15,2.853,IN,0.4412
40.6,-111.2,34,0,2.0,UT,0.0
40.8,-79.5,34,14,2.765,PA,0.4118
41.0,-77.2,34,5,2.265,PA,0.1471
41.8,-77.6,34,3,2.176,PA,0.0882
43.8,-94.2,34,1,2.029,MN,0.0294
44.4,-92.2,34,0,2.0,MN,0.0
47.0,-104.8,34,1,2.059,MT,0.0294
28.2,-82.1,34,0,1.971,FL,0.0
32.5,-97.0,34,4,2.147,TX,0.1176
32.8,-113.4,34,14,2.441,AZ,0.4118
33.9,-82.4,34,0,2.0,SC,0.0
34.5,-83.3,34,11,2.588,GA,0.3235
34.8,-79.8,34,1,2.029,SC,0.0294
35.0,-118.0,34,0,2.0,CA,0.0
35.1,-106.3,34,22,2.765,NM,0.6471
35.2,-90.3,34,3,2.176,AR,0.0882
36.6,-80.3,34,7,2.382,VA,0.2059
37.2,-113.1,34,1,2.029,UT,0.0294
38.2,-86.8,34,11,2.647,IN,0.3235
38.6,-77.9,34,11,2.647,VA,0.3235
38.7,-123.5,34,1,2.029,CA,0.0294
38.8,-102.8,34,18,2.971,CO,0.5294
39.0,-110.3,34,5,2.206,UT,0.1471
39.5,-83.0,34,11,2.618,OH,0.3235
39.9,-74.5,34,20,3.118,NJ,0.5882
40.0,-111.9,34,0,2.0,UT,0.0
40.1,-85.3,34,16,2.941,IN,0.4706
40.3,-105.1,34,15,2.824,CO,0.4412
40.9,-81.8,34,15,2.794,OH,0.4412
41.1,-89.1,34,31,3.029,IL,0.9118
41.6,-120.3,34,3,2.147,CA,0.0882
41.7,-96.0,34,18,2.588,IA,0.5294
42.5,-88.3,34,18,2.882,IL,0.5294
42.6,-72.1,34,7,2.353,MA,0.2059
43.6,-123.7,34,3,2.147,OR,0.0882
44.2,-120.9,34,3,2.147,OR,0.0882
44.2,-92.1,34,3,2.088,MN,0.0882
44.9,-119.7,34,1,2.029,OR,0.0294
46.8,-94.4,34,0,2.0,MN,0.0
47.3,-123.2,34,9,2.324,WA,0.2647
47.4,-92.8,34,0,2.0,MN,0.0
47.7,-121.3,34,9,2.5,WA,0.2647
47.8,-117.3,34,1,2.059,WA,0.0294
27.1,-81.3,33,2,2.091,FL,0.0606
30.3,-85.8,33,0,2.0,FL,0.0
32.3,-107.8,33,10,2.333,NM,0.303
33.0,-84.6,33,16,2.848,GA,0.4848
34.5,-86.8,33,2,2.091,AL,0.0606
35.1,-83.4,33,6,2.364,NC,0.1818
35.5,-117.9,33,0,2.0,CA,0.0
35.7,-80.7,33,11,2.606,NC,0.3333
36.5,-79.9,33,11,2.606,NC,0.3333
37.6,-121.5,33,0,2.0,CA,0.0
37.8,-120.0,33,0,2.0,CA,0.0
38.4,-75.7,33,11,2.636,MD,0.3333
38.9,-123.2,33,0,2.0,CA,0.0
40.1,-120.3,33,0,2.0,CA,0.0
40.8,-97.0,33,4,2.212,NE,0.1212
40.9,-79.8,33,6,2.333,PA,0.1818
41.2,-76.5,33,2,2.121,PA,0.0606
41.3,-74.7,33,13,2.758,NJ,0.3939
42.1,-117.7,33,1,2.03,OR,0.0303
43.3,-121.2,33,1,2.061,OR,0.0303
44.0,-93.1,33,0,2.0,MN,0.0
44.1,-92.2,33,0,2.0,MN,0.0
45.9,-111.7,33,0,2.0,MT,0.0
46.2,-123.1,33,11,2.515,WA,0.3333
27.5,-82.1,33,3,2.182,FL,0.0909
29.5,-81.5,33,1,2.0,FL,0.0303
35.4,-83.2,33,3,2.152,NC,0.0909
37.2,-77.0,33,14,2.848,VA,0.4242
37.3,-78.6,33,8,2.455,VA,0.2424
38.9,-123.6,33,0,2.0,CA,0.0
39.3,-103.5,33,12,2.576,CO,0.3636
39.6,-74.3,33,10,2.545,NJ,0.303
40.0,-82.6,33,3,2.152,OH,0.0909
40.0,-81.7,33,11,2.424,OH,0.3333
43.6,-71.4,33,2,2.061,NH,0.0606
43.7,-84.2,33,3,2.152,MI,0.0909
43.9,-92.1,33,0,2.0,MN,0.0
45.3,-122.4,33,9,2.424,OR,0.2727
45.7,-109.6,33,0,2.0,MT,0.0
46.1,-94.1,33,0,2.0,MN,0.0
47.2,-121.2,33,19,2.879,WA,0.5758
35.3,-81.6,33,9,2.545,NC,0.2727
36.2,-79.8,33,7,2.424,NC,0.2121
36.5,-80.6,33,4,2.182,NC,0.1212
37.2,-120.9,33,0,2.0,CA,0.0
37.5,-106.9,33,6,2.364,CO,0.1818
40.3,-80.5,33,11,2.667,PA,0.3333
42.0,-78.2,33,1,2.061,PA,0.0303
42.6,-88.6,33,17,2.848,WI,0.5152
42.6,-77.7,33,5,2.273,NY,0.1515
44.8,-111.1,33,5,2.273,MT,0.1515
46.6,-94.3,33,1,2.03,MN,0.0303
30.0,-95.9,33,7,2.364,TX,0.2121
30.5,-89.0,33,11,2.424,MS,0.3333
34.9,-119.1,33,0,2.0,CA,0.0
34.9,-83.1,33,0,1.939,SC,0.0
36.1,-87.4,33,4,2.121,TN,0.1212
36.2,-94.0,33,8,2.455,AR,0.2424
36.8,-79.0,33,14,2.818,VA,0.4242
38.8,-89.8,33,24,2.848,IL,0.7273
40.6,-85.6,33,12,2.485,IN,0.3636
40.9,-120.5,33,1,2.061,CA,0.0303
40.9,-88.7,33,32,2.97,IL,0.9697
40.9,-77.4,33,3,2.121,PA,0.0909
41.0,-79.1,33,3,2.152,PA,0.0909
41.5,-76.6,33,4,2.242,PA,0.1212
41.5,-71.9,33,13,2.788,CT,0.3939
42.8,-84.2,33,19,2.788,MI,0.5758
43.1,-112.4,33,0,2.0,ID,0.0
43.1,-88.7,33,16,2.545,WI,0.4848
44.3,-95.9,33,1,2.03,MN,0.0303
44.3,-88.9,33,9,2.545,WI,0.2727
44.4,-92.3,33,0,2.0,MN,0.0
46.9,-114.2,33,0,2.0,MT,0.0
30.1,-83.5,33,0,2.0,FL,0.0
33.6,-83.1,33,15,2.879,GA,0.4545
34.0,-87.0,33,3,2.182,AL,0.0909
34.1,-86.3,33,4,2.121,AL,0.1212
34.2,-85.7,33,0,1.97,AL,0.0
34.4,-110.5,33,10,2.576,AZ,0.303
34.6,-78.9,33,3,2.182,NC,0.0909
34.7,-112.4,33,1,2.061,AZ,0.0303
35.0,-105.7,33,12,2.424,NM,0.3636
35.2,-120.8,33,0,1.97,CA,0.0
35.3,-86.9,33,13,2.485,TN,0.3939
35.4,-109.1,33,18,2.758,AZ,0.5455
35.6,-81.5,33,10,2.606,NC,0.303
35.6,-79.2,33,6,2.364,NC,0.1818
35.7,-88.9,33,15,2.515,TN,0.4545
36.0,-119.9,33,4,2.121,CA,0.1212
36.5,-120.0,33,0,2.0,CA,0.0
36.9,-82.1,33,12,2.727,VA,0.3636
37.0,-120.3,33,0,1.97,CA,0.0
37.6,-113.4,33,0,2.0,UT,0.0
38.2,-104.7,33,11,2.636,CO,0.3333
39.1,-119.7,33,2,2.061,NV,0.0606
39.5,-94.3,33,13,2.455,MO,0.3939
40.2,-82.5,33,15,2.909,OH,0.4545
40.3,-103.7,33,16,2.848,CO,0.4848
41.3,-79.6,33,3,2.182,PA,0.0909
41.6,-73.5,33,19,3.152,CT,0.5758
43.3,-122.4,33,5,2.303,OR,0.1515
43.6,-120.1,33,0,2.0,OR,0.0
44.6,-120.1,33,2,2.091,OR,0.0606
44.9,-91.8,33,4,2.121,WI,0.1212
45.5,-110.6,33,0,2.0,MT,0.0
46.2,-123.0,33,6,2.303,WA,0.1818
46.5,-95.1,33,0,2.0,MN,0.0
46.9,-122.7,33,8,2.485,WA,0.2424
26.9,-82.2,33,2,2.061,FL,0.0606
29.5,-82.8,33,0,2.0,FL,0.0
30.1,-90.9,33,18,2.97,LA,0.5455
30.4,-85.2,33,0,2.0,FL,0.0
30.9,-88.1,33,3,2.121,AL,0.0909
31.0,-81.7,33,7,2.303,GA,0.2121
32.6,-83.3,33,14,2.576,GA,0.4242
32.8,-93.9,33,3,2.091,LA,0.0909
33.5,-117.0,33,2,2.121,CA,0.0606
33.6,-92.8,33,10,2.606,AR,0.303
33.7,-117.0,33,0,2.0,CA,0.0
34.2,-84.3,33,7,2.394,GA,0.2121
34.7,-117.7,33,0,2.0,CA,0.0
35.2,-118.7,33,0,2.0,CA,0.0
35.2,-83.3,33,6,2.333,NC,0.1818
35.3,-96.9,33,2,2.091,OK,0.0606
35.3,-81.7,33,9,2.515,NC,0.2727
35.5,-117.7,33,1,2.03,CA,0.0303
35.5,-81.3,33,12,2.697,NC,0.3636
37.8,-78.2,33,12,2.727,VA,0.3636
38.1,-75.7,33,10,2.545,MD,0.303
38.8,-86.9,33,16,2.939,IN,0.4848
39.0,-75.4,33,6,2.364,DE,0.1818
39.6,-75.0,33,10,2.485,NJ,0.303
40.0,-121.1,33,0,2.0,CA,0.0
40.1,-81.2,33,18,2.879,OH,0.5455
40.3,-123.8,33,0,2.0,CA,0.0
40.3,-88.2,33,29,2.879,IL,0.8788
40.3,-85.3,33,8,2.485,IN,0.2424
41.3,-111.0,33,8,2.394,WY,0.2424
41.3,-82.7,33,5,2.152,OH,0.1515
41.4,-80.2,33,21,3.182,PA,0.6364
41.5,-75.1,33,0,2.0,PA,0.0
41.6,-77.0,33,10,2.606,PA,0.303
41.6,-74.2,33,10,2.606,NY,0.303
41.7,-90.6,33,9,2.455,IA,0.2727
42.3,-122.0,33,1,2.061,OR,0.0303
42.7,-74.4,33,18,2.697,NY,0.5455
43.0,-74.6,33,4,2.182,NY,0.1212
43.2,-76.0,33,6,2.303,NY,0.1818
43.3,-77.4,33,0,2.0,NY,0.0
43.7,-120.2,33,0,2.0,OR,0.0
44.7,-95.6,33,3,2.091,MN,0.0909
44.8,-95.2,33,1,2.061,MN,0.0303
45.1,-121.4,33,2,2.121,OR,0.0606
45.3,-122.0,33,4,2.242,OR,0.1212
45.6,-93.7,33,0,2.0,MN,0.0
46.1,-95.3,33,1,2.03,MN,0.0303
46.8,-114.0,33,0,2.0,MT,0.0
46.9,-95.9,33,0,2.0,MN,0.0
47.5,-115.8,33,3,2.182,ID,0.0909
47.8,-92.7,33,1,2.061,MN,0.0303
48.0,-114.1,33,4,2.242,MT,0.1212
31.6,-90.5,32,6,2.281,MS,0.1875
32.3,-109.4,32,15,2.625,AZ,0.4688
32.7,-79.9,32,16,2.969,SC,0.5
33.5,-80.2,32,0,2.0,SC,0.0
34.2,-114.4,32,0,2.0,CA,0.0
34.5,-80.4,32,2,2.094,SC,0.0625
34.8,-89.6,32,6,2.188,MS,0.1875
35.0,-107.1,32,15,2.719,NM,0.4688
37.6,-112.5,32,2,2.125,UT,0.0625
38.5,-121.6,32,0,2.0,CA,0.0
40.3,-121.6,32,6,2.375,CA,0.1875
40.9,-117.8,32,3,2.094,NV,0.0938
41.2,-74.6,32,10,2.594,NJ,0.3125
43.8,-117.1,32,1,2.063,OR,0.0312
44.2,-92.5,32,0,2.0,MN,0.0
44.7,-94.5,32,0,2.0,MN,0.0
46.9,-123.3,32,10,2.406,WA,0.3125
48.4,-115.5,32,0,2.0,MT,0.0
48.9,-95.3,32,0,2.0,MN,0.0
30.1,-97.5,32,8,2.469,TX,0.25
30.5,-86.0,32,2,2.094,FL,0.0625
32.3,-112.7,32,3,2.156,AZ,0.0938
32.4,-83.7,32,9,2.531,GA,0.2812
33.0,-81.4,32,0,1.969,SC,0.0
34.6,-86.4,32,0,2.0,AL,0.0
34.9,-80.7,32,2,2.125,NC,0.0625
35.0,-104.4,32,5,2.156,NM,0.1562
35.2,-117.6,32,1,2.031,CA,0.0312
37.7,-118.9,32,0,2.0,CA,0.0
38.9,-76.5,32,15,2.844,MD,0.4688
39.0,-80.4,32,8,2.375,WV,0.25
39.2,-120.7,32,0,2.0,CA,0.0
41.5,-79.7,32,10,2.625,PA,0.3125
42.1,-124.4,32,1,2.063,OR,0.0312
42.2,-77.2,32,5,2.281,NY,0.1562
44.6,-69.6,32,9,2.281,ME,0.2812
45.9,-94.1,32,0,2.0,MN,0.0
46.0,-94.2,32,0,2.0,MN,0.0
46.4,-93.9,32,0,2.0,MN,0.0
46.7,-95.1,32,0,2.0,MN,0.0
47.5,-114.9,32,0,2.0,MT,0.0
48.8,-95.8,32,0,2.0,MN,0.0
27.6,-80.6,32,0,2.0,FL,0.0
28.2,-82.0,32,3,2.188,FL,0.0938
30.3,-92.2,32,3,2.031,LA,0.0938
30.4,-84.5,32,1,2.031,FL,0.0312
32.2,-110.7,32,0,1.969,AZ,0.0
32.8,-87.0,32,2,2.125,AL,0.0625
33.4,-111.0,32,2,2.094,AZ,0.0625
35.2,-106.5,32,0,1.938,NM,0.0
35.7,-79.6,32,7,2.406,NC,0.2188
37.2,-120.7,32,0,2.0,CA,0.0
38.2,-84.8,32,16,2.719,KY,0.5
38.3,-87.6,32,13,2.813,IN,0.4062
39.2,-121.9,32,0,2.0,CA,0.0
39.2,-84.9,32,9,2.563,IN,0.2812
39.9,-83.2,32,1,2.063,OH,0.0312
40.2,-79.3,32,9,2.563,PA,0.2812
40.3,-85.8,32,7,2.406,IN,0.2188
40.5,-80.4,32,15,2.938,PA,0.4688
40.6,-109.5,32,2,2.125,UT,0.0625
42.6,-113.5,32,0,2.0,ID,0.0
45.4,-111.2,32,3,2.188,MT,0.0938
29.8,-98.7,32,19,2.688,TX,0.5938
30.1,-82.9,32,0,1.969,FL,0.0
32.5,-94.4,32,10,2.344,TX,0.3125
33.3,-112.6,32,2,2.063,AZ,0.0625
34.5,-85.5,32,13,2.813,GA,0.4062
35.0,-110.3,32,14,2.531,AZ,0.4375
35.0,-81.5,32,0,1.969,SC,0.0
36.4,-79.7,32,4,2.219,NC,0.125
36.5,-77.8,32,9,2.563,NC,0.2812
38.1,-104.0,32,14,2.844,CO,0.4375
38.3,-104.8,32,11,2.406,CO,0.3438
39.0,-104.3,32,11,2.563,CO,0.3438
39.5,-105.1,32,1,2.031,CO,0.0312
39.8,-120.7,32,0,2.0,CA,0.0
41.9,-80.0,32,5,2.313,PA,0.1562
42.4,-91.9,32,8,2.5,IA,0.25
43.0,-76.5,32,6,2.375,NY,0.1875
44.2,-94.4,32,0,2.0,MN,0.0
45.1,-95.2,32,0,1.75,MN,0.0
45.1,-94.0,32,1,2.031,MN,0.0312
45.5,-111.7,32,1,2.031,MT,0.0312
47.5,-111.2,32,1,2.063,MT,0.0312
32.6,-96.5,32,2,2.063,TX,0.0625
33.5,-112.7,32,0,1.875,AZ,0.0
34.4,-89.9,32,15,2.594,MS,0.4688
34.9,-87.5,32,1,2.0,AL,0.0312
35.1,-85.6,32,2,2.125,TN,0.0625
35.2,-78.3,32,14,2.781,NC,0.4375
35.7,-120.2,32,2,2.125,CA,0.0625
37.7,-84.3,32,17,2.813,KY,0.5312
37.7,-79.0,32,9,2.5,VA,0.2812
40.1,-123.7,32,0,2.0,CA,0.0
40.8,-86.1,32,16,2.938,IN,0.5
41.0,-114.5,32,5,2.156,NV,0.1562
41.1,-75.5,32,1,2.031,PA,0.0312
41.2,-83.7,32,20,2.844,OH,0.625
42.1,-79.2,32,11,2.688,NY,0.3438
42.5,-88.6,32,16,2.844,WI,0.5
43.0,-83.4,32,19,2.781,MI,0.5938
43.0,-75.9,32,5,2.313,NY,0.1562
43.0,-74.1,32,4,2.25,NY,0.125
45.5,-118.0,32,2,2.125,OR,0.0625
46.6,-114.6,32,1,2.063,MT,0.0312
26.7,-82.1,32,0,2.0,FL,0.0
27.7,-82.2,32,0,1.969,FL,0.0
29.5,-81.8,32,3,2.156,FL,0.0938
29.9,-98.0,32,19,2.594,TX,0.5938
30.8,-87.1,32,0,2.0,FL,0.0
31.1,-104.1,32,6,2.25,TX,0.1875
31.9,-97.1,32,29,2.938,TX,0.9062
32.1,-103.2,32,11,2.688,NM,0.3438
32.4,-100.9,32,29,2.938,TX,0.9062
32.8,-111.8,32,15,2.625,AZ,0.4688
33.3,-111.0,32,8,2.375,AZ,0.25
33.4,-87.7,32,2,2.125,AL,0.0625
33.6,-113.5,32,5,2.219,AZ,0.1562
34.9,-119.6,32,0,2.0,CA,0.0
35.4,-77.4,32,8,2.5,NC,0.25
35.7,-109.6,32,8,2.5,AZ,0.25
36.2,-79.5,32,6,2.344,NC,0.1875
36.3,-78.3,32,8,2.5,NC,0.25
36.7,-76.0,32,0,1.969,VA,0.0
38.1,-76.7,32,16,3.0,VA,0.5
38.5,-90.0,32,5,2.281,IL,0.1562
38.7,-78.9,32,14,2.875,VA,0.4375
39.4,-87.6,32,23,2.781,IL,0.7188
39.6,-86.8,32,13,2.813,IN,0.4062
39.7,-78.9,32,10,2.594,PA,0.3125
39.8,-120.3,32,0,2.0,CA,0.0
39.9,-79.9,32,11,2.688,PA,0.3438
40.1,-87.8,32,29,2.906,IL,0.9062
40.3,-78.0,32,3,2.125,PA,0.0938
40.5,-123.6,32,0,2.0,CA,0.0
40.6,-88.9,32,28,2.906,IL,0.875
40.7,-79.9,32,8,2.5,PA,0.25
40.7,-75.7,32,9,2.531,PA,0.2812
41.4,-81.0,32,1,1.875,OH,0.0312
41.7,-122.5,32,0,2.0,CA,0.0
42.1,-122.0,32,0,2.0,OR,0.0
42.7,-82.7,32,4,2.188,MI,0.125
42.8,-72.1,32,1,1.969,NH,0.0312
43.1,-93.3,32,14,2.563,IA,0.4375
44.2,-122.0,32,3,2.188,OR,0.0938
44.8,-69.1,32,14,2.5,ME,0.4375
45.7,-123.1,32,1,2.031,OR,0.0312
47.5,-123.1,32,3,2.094,WA,0.0938
47.8,-97.1,32,0,2.0,ND,0.0
26.3,-81.5,31,0,1.968,FL,0.0
30.6,-85.8,31,0,2.0,FL,0.0
31.0,-85.6,31,0,2.0,FL,0.0
33.8,-82.0,31,1,2.065,SC,0.0323
34.3,-86.1,31,1,2.065,AL,0.0323
34.5,-112.3,31,5,2.29,AZ,0.1613
35.9,-79.2,31,11,2.71,NC,0.3548
37.7,-89.9,31,14,2.774,MO,0.4516
39.7,-86.5,31,5,2.29,IN,0.1613
40.5,-77.6,31,1,2.032,PA,0.0323
41.1,-101.7,31,7,2.323,NE,0.2258
41.1,-88.4,31,24,2.774,IL,0.7742
42.7,-72.0,31,1,2.032,NH,0.0323
42.9,-117.6,31,2,2.097,OR,0.0645
42.9,-73.4,31,10,2.613,NY,0.3226
44.2,-123.4,31,0,2.0,OR,0.0
44.3,-120.6,31,0,2.0,OR,0.0
45.2,-121.1,31,0,2.0,OR,0.0
48.5,-122.5,31,2,2.097,WA,0.0645
29.9,-94.3,31,14,2.581,TX,0.4516
30.0,-82.5,31,0,2.0,FL,0.0
32.1,-101.8,31,14,2.71,TX,0.4516
32.6,-116.9,31,2,2.129,CA,0.0645
33.0,-97.4,31,2,2.065,TX,0.0645
34.9,-117.4,31,0,2.0,CA,0.0
34.9,-113.7,31,4,2.258,AZ,0.129
38.2,-85.2,31,10,2.419,KY,0.3226
39.5,-110.5,31,6,2.226,UT,0.1935
39.5,-74.8,31,4,2.226,NJ,0.129
39.6,-122.1,31,0,1.968,CA,0.0
40.1,-105.3,31,16,2.935,CO,0.5161
40.1,-87.3,31,24,3.484,IN,0.7742
40.5,-85.5,31,10,2.419,IN,0.3226
40.5,-75.6,31,5,2.323,PA,0.1613
40.7,-116.2,31,4,2.161,NV,0.129
41.3,-122.0,31,0,2.0,CA,0.0
42.6,-95.2,31,9,2.581,IA,0.2903
43.2,-88.2,31,10,2.323,WI,0.3226
43.6,-94.1,31,1,2.032,MN,0.0323
44.1,-90.5,31,16,2.71,WI,0.5161
44.5,-123.5,31,3,2.097,OR,0.0968
47.6,-116.6,31,7,2.323,ID,0.2258
48.6,-122.2,31,10,2.581,WA,0.3226
29.3,-81.2,31,2,2.129,FL,0.0645
29.6,-82.6,31,4,2.258,FL,0.129
30.2,-82.1,31,1,2.065,FL,0.0323
30.7,-90.9,31,0,1.968,LA,0.0
32.4,-99.0,31,5,2.226,TX,0.1613
34.4,-83.9,31,14,2.903,GA,0.4516
34.8,-79.3,31,8,2.452,NC,0.2581
35.6,-118.6,31,0,2.0,CA,0.0
35.8,-80.4,31,8,2.484,NC,0.2581
36.0,-77.6,31,10,2.645,NC,0.3226
36.4,-121.0,31,0,2.0,CA,0.0
37.3,-108.6,31,8,2.516,CO,0.2581
37.3,-92.9,31,13,2.452,MO,0.4194
37.8,-81.0,31,7,2.419,WV,0.2258
37.9,-76.3,31,10,2.613,VA,0.3226
39.0,-110.1,31,10,2.355,UT,0.3226
39.9,-80.3,31,15,2.968,PA,0.4839
40.1,-122.3,31,0,2.0,CA,0.0
41.8,-76.5,31,3,2.194,PA,0.0968
41.9,-123.9,31,0,2.0,CA,0.0
41.9,-79.8,31,9,2.581,PA,0.2903
46.0,-92.5,31,0,2.0,MN,0.0
30.2,-83.1,31,1,2.065,FL,0.0323
30.9,-86.0,31,0,2.0,FL,0.0
33.0,-116.6,31,3,2.097,CA,0.0968
33.3,-86.4,31,4,2.194,AL,0.129
33.6,-93.7,31,6,2.323,AR,0.1935
33.9,-114.5,31,1,2.065,CA,0.0323
34.0,-86.7,31,0,1.968,AL,0.0
34.1,-82.8,31,16,3.032,GA,0.5161
35.5,-108.7,31,16,2.548,NM,0.5161
35.5,-78.1,31,2,2.129,NC,0.0645
36.0,-80.6,31,8,2.484,NC,0.2581
37.7,-112.8,31,0,2.0,UT,0.0
37.8,-76.6,31,14,2.903,VA,0.4516
38.4,-89.2,31,27,3.0,IL,0.871
39.0,-89.8,31,25,2.968,IL,0.8065
39.6,-120.8,31,1,2.065,CA,0.0323
40.4,-83.0,31,5,2.258,OH,0.1613
40.6,-122.9,31,0,2.0,CA,0.0
40.8,-75.2,31,13,2.806,PA,0.4194
41.1,-93.8,31,11,2.387,IA,0.3548
41.2,-74.1,31,11,2.71,NY,0.3548
41.6,-80.2,31,10,2.548,PA,0.3226
41.6,-73.2,31,20,3.29,CT,0.6452
43.1,-72.4,31,0,2.0,NH,0.0
43.9,-117.3,31,0,2.0,OR,0.0
44.8,-117.1,31,0,2.0,OR,0.0
45.4,-95.0,31,1,2.032,MN,0.0323
46.9,-101.3,31,0,2.0,ND,0.0
47.5,-113.7,31,1,2.032,MT,0.0323
29.8,-81.6,31,0,2.0,FL,0.0
30.6,-83.8,31,0,2.0,FL,0.0
31.2,-82.4,31,9,2.484,GA,0.2903
31.8,-85.8,31,4,2.258,AL,0.129
34.0,-79.3,31,0,1.968,SC,0.0
35.2,-80.0,31,8,2.516,NC,0.2581
35.4,-81.4,31,4,2.258,NC,0.129
38.5,-75.6,31,13,2.839,DE,0.4194
39.0,-109.7,31,11,2.387,UT,0.3548
39.1,-74.9,31,9,2.516,NJ,0.2903
40.9,-96.7,31,8,2.29,NE,0.2581
41.6,-120.4,31,1,2.032,CA,0.0323
43.4,-124.0,31,0,2.0,OR,0.0
43.8,-116.8,31,4,2.226,ID,0.129
45.8,-94.1,31,0,2.0,MN,0.0
48.0,-122.0,31,3,2.194,WA,0.0968
26.3,-98.3,31,0,1.935,TX,0.0
29.3,-94.8,31,18,2.742,TX,0.5806
30.4,-83.0,31,3,2.129,FL,0.0968
31.0,-87.2,31,2,2.129,FL,0.0645
32.1,-110.0,31,4,2.226,AZ,0.129
33.4,-112.8,31,1,2.032,AZ,0.0323
34.9,-79.7,31,6,2.323,NC,0.1935
35.2,-118.0,31,0,2.0,CA,0.0
35.6,-85.2,31,10,2.613,TN,0.3226
35.9,-78.1,31,6,2.387,NC,0.1935
36.7,-83.0,31,8,2.516,VA,0.2581
36.8,-78.3,31,10,2.613,VA,0.3226
37.1,-78.7,31,13,2.839,VA,0.4194
37.4,-119.8,31,2,2.097,CA,0.0645
37.9,-79.5,31,7,2.387,VA,0.2258
38.1,-109.4,31,0,2.0,UT,0.0
38.2,-78.0,31,13,2.839,VA,0.4194
38.9,-78.6,31,18,3.161,VA,0.5806
39.7,-83.8,31,21,3.323,OH,0.6774
40.0,-112.1,31,2,2.065,UT,0.0645
40.1,-124.0,31,0,2.0,CA,0.0
40.3,-120.9,31,0,2.0,CA,0.0
40.6,-104.9,31,10,2.645,CO,0.3226
41.1,-80.6,31,7,2.323,OH,0.2258
41.1,-80.0,31,14,2.903,PA,0.4516
41.5,-87.1,31,11,2.581,IN,0.3548
41.5,-72.4,31,14,2.903,CT,0.4516
42.2,-85.0,31,12,2.484,MI,0.3871
42.6,-113.8,31,1,2.065,ID,0.0323
42.9,-117.3,31,0,2.0,OR,0.0
43.0,-75.2,31,0,2.0,NY,0.0
43.8,-95.4,31,0,2.0,MN,0.0
44.1,-71.7,31,22,2.806,NH,0.7097
44.4,-119.2,31,2,2.065,OR,0.0645
44.5,-94.9,31,0,2.0,MN,0.0
45.0,-107.3,31,2,2.097,MT,0.0645
47.1,-104.8,31,0,2.0,MT,0.0
47.2,-94.8,31,0,2.0,MN,0.0
47.5,-97.1,31,0,2.0,ND,0.0
47.6,-117.3,31,0,1.968,WA,0.0
30.9,-102.9,30,16,2.767,TX,0.5333
33.0,-84.5,30,8,2.533,GA,0.2667
36.1,-120.5,30,0,2.0,CA,0.0
36.6,-78.9,30,9,2.5,VA,0.3
37.2,-76.8,30,3,2.2,VA,0.1
37.3,-89.6,30,20,3.033,MO,0.6667
38.2,-105.1,30,11,2.567,CO,0.3667
38.9,-121.8,30,1,2.067,CA,0.0333
38.9,-90.1,30,7,2.367,IL,0.2333
41.3,-120.9,30,0,2.0,CA,0.0
41.3,-112.1,30,0,2.0,UT,0.0
41.4,-77.2,30,4,2.2,PA,0.1333
41.6,-76.9,30,7,2.467,PA,0.2333
41.7,-72.0,30,19,3.233,CT,0.6333
43.0,-72.3,30,3,2.167,NH,0.1
43.2,-75.8,30,4,2.267,NY,0.1333
43.4,-112.2,30,3,2.2,ID,0.1
43.8,-87.9,30,8,2.467,WI,0.2667
46.0,-95.6,30,0,2.0,MN,0.0
26.4,-82.1,30,0,2.0,FL,0.0
29.9,-82.9,30,0,1.967,FL,0.0
31.4,-85.3,30,2,2.067,AL,0.0667
31.9,-81.9,30,12,2.733,GA,0.4
35.3,-77.2,30,7,2.467,NC,0.2333
35.7,-117.4,30,1,2.067,CA,0.0333
36.2,-81.9,30,4,2.267,NC,0.1333
36.6,-82.0,30,12,2.8,VA,0.4
38.0,-91.5,30,9,2.433,MO,0.3
38.1,-117.2,30,4,2.233,NV,0.1333
38.6,-92.2,30,6,2.333,MO,0.2
38.7,-94.7,30,2,2.133,KS,0.0667
39.5,-84.7,30,0,2.0,OH,0.0
40.1,-80.1,30,13,2.7,PA,0.4333
40.4,-120.3,30,0,2.0,CA,0.0
40.6,-111.6,30,0,2.0,UT,0.0
41.1,-121.1,30,0,2.0,CA,0.0
41.5,-72.2,30,12,2.8,CT,0.4
41.8,-76.1,30,13,2.867,PA,0.4333
42.2,-75.8,30,9,2.367,NY,0.3
42.4,-71.5,30,0,2.0,MA,0.0
47.0,-124.0,30,2,2.1,WA,0.0667
47.1,-94.3,30,0,2.0,MN,0.0
27.3,-82.0,30,3,2.133,FL,0.1
33.8,-98.2,30,4,2.233,TX,0.1333
34.4,-86.8,30,0,1.933,AL,0.0
35.0,-80.1,30,11,2.733,NC,0.3667
35.4,-85.4,30,4,2.267,TN,0.1333
36.6,-78.7,30,6,2.367,VA,0.2
38.4,-107.4,30,17,3.033,CO,0.5667
38.6,-120.5,30,0,2.0,CA,0.0
38.6,-80.8,30,4,2.233,WV,0.1333
38.6,-76.6,30,10,2.6,MD,0.3333
39.3,-84.7,30,2,2.067,OH,0.0667
39.6,-76.6,30,13,2.733,MD,0.4333
39.8,-80.1,30,10,2.433,PA,0.3333
40.8,-89.8,30,24,2.833,IL,0.8
41.5,-86.0,30,14,2.933,IN,0.4667
43.4,-88.2,30,12,2.7,WI,0.4
43.5,-71.2,30,1,2.033,NH,0.0333
43.7,-95.4,30,0,2.0,MN,0.0
44.8,-123.4,30,1,2.067,OR,0.0333
45.0,-95.7,30,0,2.0,MN,0.0
46.6,-93.5,30,1,2.033,MN,0.0333
46.7,-96.8,30,0,2.0,ND,0.0
46.7,-94.7,30,0,2.0,MN,0.0
46.9,-120.0,30,25,3.133,WA,0.8333
26.4,-82.0,30,1,2.033,FL,0.0333
32.2,-81.9,30,12,2.767,GA,0.4
32.3,-109.5,30,17,2.6,AZ,0.5667
32.3,-89.7,30,5,2.2,MS,0.1667
34.7,-79.1,30,3,2.2,NC,0.1
36.4,-78.2,30,9,2.6,NC,0.3
38.2,-104.3,30,11,2.633,CO,0.3667
38.2,-84.9,30,11,2.633,KY,0.3667
39.1,-81.5,30,3,2.167,WV,0.1
39.3,-76.0,30,14,2.933,MD,0.4667
39.5,-85.5,30,14,2.933,IN,0.4667
40.0,-85.1,30,13,2.867,IN,0.4333
40.0,-81.9,30,14,2.633,OH,0.4667
40.8,-85.4,30,13,2.6,IN,0.4333
41.0,-87.9,30,23,2.8,IL,0.7667
41.5,-122.9,30,0,2.0,CA,0.0
42.1,-91.3,30,4,2.233,IA,0.1333
42.2,-113.1,30,4,2.267,ID,0.1333
42.8,-72.4,30,0,2.0,NH,0.0
44.5,-95.3,30,0,2.0,MN,0.0
45.5,-119.8,30,3,2.2,OR,0.1
45.7,-93.4,30,0,2.0,MN,0.0
45.8,-95.6,30,0,2.0,MN,0.0
26.1,-80.7,30,3,2.133,FL,0.1
29.8,-82.3,30,1,2.067,FL,0.0333
30.4,-91.7,30,10,2.333,LA,0.3333
30.6,-85.1,30,1,2.067,FL,0.0333
31.0,-85.2,30,0,2.0,FL,0.0
32.3,-84.8,30,9,2.6,GA,0.3
33.6,-112.5,30,0,2.0,AZ,0.0
33.7,-87.3,30,3,2.167,AL,0.1
33.8,-87.1,30,1,2.033,AL,0.0333
34.2,-82.7,30,1,2.067,SC,0.0333
35.2,-78.9,30,5,2.233,NC,0.1667
35.3,-97.7,30,0,2.0,OK,0.0
35.6,-80.1,30,18,3.067,NC,0.6
38.9,-110.0,30,0,2.0,UT,0.0
39.4,-105.0,30,10,2.467,CO,0.3333
40.2,-89.3,30,28,3.1,IL,0.9333
41.1,-124.2,30,0,2.0,CA,0.0
41.4,-86.3,30,10,2.667,IN,0.3333
41.4,-75.3,30,3,2.2,PA,0.1
41.7,-111.8,30,0,2.0,UT,0.0
43.2,-84.6,30,11,2.733,MI,0.3667
43.5,-121.4,30,0,2.0,OR,0.0
44.0,-69.9,30,5,2.2,ME,0.1667
44.7,-95.0,30,0,2.0,MN,0.0
44.9,-94.5,30,0,2.0,MN,0.0
45.0,-95.2,30,0,2.0,MN,0.0
45.3,-117.2,30,0,2.0,OR,0.0
45.8,-92.9,30,0,2.0,MN,0.0
46.7,-93.6,30,0,2.0,MN,0.0
46.8,-96.6,30,1,2.067,MN,0.0333
47.6,-97.1,30,0,2.0,ND,0.0
47.9,-92.8,30,0,2.0,MN,0.0
26.9,-81.8,30,10,2.667,FL,0.3333
30.4,-84.8,30,0,2.0,FL,0.0
31.3,-97.2,30,27,2.9,TX,0.9
33.0,-84.7,30,18,3.1,GA,0.6
33.6,-87.4,30,1,2.033,AL,0.0333
34.0,-87.9,30,7,2.267,AL,0.2333
34.8,-79.2,30,5,2.3,NC,0.1667
35.8,-88.3,30,18,2.667,TN,0.6
36.0,-119.6,30,0,2.0,CA,0.0
36.5,-82.6,30,12,2.567,TN,0.4
37.8,-80.8,30,3,2.167,WV,0.1
38.0,-77.8,30,14,2.933,VA,0.4667
38.8,-122.0,30,0,2.0,CA,0.0
39.2,-88.4,30,26,3.033,IL,0.8667
39.3,-106.9,30,6,2.333,CO,0.2
39.4,-119.4,30,6,2.367,NV,0.2
39.5,-106.4,30,13,2.833,CO,0.4333
40.2,-110.5,30,3,2.167,UT,0.1
40.5,-81.5,30,11,2.533,OH,0.3667
40.5,-77.3,30,5,2.333,PA,0.1667
40.7,-124.1,30,0,2.0,CA,0.0
40.9,-117.9,30,4,2.133,NV,0.1333
41.0,-95.9,30,4,2.267,NE,0.1333
41.0,-72.1,30,6,2.333,NY,0.2
41.1,-121.2,30,0,2.0,CA,0.0
41.1,-76.1,30,7,2.467,PA,0.2333
41.2,-104.1,30,10,2.567,WY,0.3333
41.5,-83.8,30,14,2.933,OH,0.4667
42.2,-72.4,30,10,2.3,MA,0.3333
42.4,-122.7,30,0,2.0,OR,0.0
42.7,-84.1,30,4,2.2,MI,0.1333
42.9,-78.3,30,1,2.067,NY,0.0333
44.0,-117.3,30,1,2.067,OR,0.0333
44.4,-69.8,30,7,2.2,ME,0.2333
44.5,-118.2,30,6,2.367,OR,0.2
45.9,-95.1,30,0,2.0,MN,0.0
46.0,-94.5,30,2,2.033,MN,0.0667
46.3,-106.2,30,1,2.033,MT,0.0333
47.0,-123.9,30,2,2.067,WA,0.0667
47.1,-113.4,30,0,2.0,MT,0.0
48.0,-114.0,30,0,2.0,MT,0.0
